forecast_timestamp,forecast_horizon_hour,node_index,loc_id,borough,zone_name,service_zone,predicted_demand,actual_demand,seasonal_naive_demand,absolute_error,predicted_growth,predicted_growth_percentage,demand_rank,dispatch_priority_score,dispatch_priority_rank,forecast_type
2025-05-31 00:00:00,1,0,1,EWR,Newark Airport,EWR,0.0,0.0,0.0,0.0,0.0,,167,0.0,167,Latest chronological test-window forecast
2025-05-31 00:00:00,1,1,2,Queens,Jamaica Bay,Boro Zone,0.0,0.0,0.0,0.0,0.0,,168,0.0,168,Latest chronological test-window forecast
2025-05-31 00:00:00,1,2,3,Bronx,Allerton/Pelham Gardens,Boro Zone,0.799,1.0,1.0,0.201,-0.201,-20.1,131,0.0015,124,Latest chronological test-window forecast
2025-05-31 00:00:00,1,3,4,Manhattan,Alphabet City,Yellow Zone,24.245,80.0,27.0,55.755,-2.755,-10.2,37,0.0469,37,Latest chronological test-window forecast
2025-05-31 00:00:00,1,4,6,Staten Island,Arrochar/Fort Wadsworth,Boro Zone,0.0,0.0,0.0,0.0,0.0,,169,0.0,169,Latest chronological test-window forecast
2025-05-31 00:00:00,1,5,7,Queens,Astoria,Boro Zone,7.088,10.0,8.0,2.912,-0.912,-11.4,70,0.0137,69,Latest chronological test-window forecast
2025-05-31 00:00:00,1,6,8,Queens,Astoria Park,Boro Zone,0.0,0.0,0.0,0.0,0.0,,170,0.0,170,Latest chronological test-window forecast
2025-05-31 00:00:00,1,7,9,Queens,Auburndale,Boro Zone,0.799,1.0,1.0,0.201,-0.201,-20.1,132,0.0015,125,Latest chronological test-window forecast
2025-05-31 00:00:00,1,8,10,Queens,Baisley Park,Boro Zone,1.696,0.0,2.0,1.696,-0.304,-15.2,117,0.0033,107,Latest chronological test-window forecast
2025-05-31 00:00:00,1,9,11,Brooklyn,Bath Beach,Boro Zone,0.0,0.0,0.0,0.0,0.0,,171,0.0,171,Latest chronological test-window forecast
2025-05-31 00:00:00,1,10,12,Manhattan,Battery Park,Yellow Zone,0.0,1.0,0.0,1.0,0.0,,172,0.0,172,Latest chronological test-window forecast
2025-05-31 00:00:00,1,11,13,Manhattan,Battery Park City,Yellow Zone,4.4,18.0,5.0,13.6,-0.6,-12.0,85,0.0085,84,Latest chronological test-window forecast
2025-05-31 00:00:00,1,12,14,Brooklyn,Bay Ridge,Boro Zone,0.799,3.0,1.0,2.201,-0.201,-20.1,133,0.0015,126,Latest chronological test-window forecast
2025-05-31 00:00:00,1,13,15,Queens,Bay Terrace/Fort Totten,Boro Zone,0.0,0.0,0.0,0.0,0.0,,173,0.0,173,Latest chronological test-window forecast
2025-05-31 00:00:00,1,14,16,Queens,Bayside,Boro Zone,0.0,1.0,0.0,1.0,0.0,,174,0.0,174,Latest chronological test-window forecast
2025-05-31 00:00:00,1,15,17,Brooklyn,Bedford,Boro Zone,8.886,10.0,10.0,1.114,-1.114,-11.14,63,0.0172,63,Latest chronological test-window forecast
2025-05-31 00:00:00,1,16,18,Bronx,Bedford Park,Boro Zone,0.799,1.0,1.0,0.201,-0.201,-20.1,134,0.0015,127,Latest chronological test-window forecast
2025-05-31 00:00:00,1,17,19,Queens,Bellerose,Boro Zone,0.0,0.0,0.0,0.0,0.0,,175,0.0,175,Latest chronological test-window forecast
2025-05-31 00:00:00,1,18,20,Bronx,Belmont,Boro Zone,0.0,0.0,0.0,0.0,0.0,,176,0.0,176,Latest chronological test-window forecast
2025-05-31 00:00:00,1,19,21,Brooklyn,Bensonhurst East,Boro Zone,0.0,0.0,0.0,0.0,0.0,,177,0.0,177,Latest chronological test-window forecast
2025-05-31 00:00:00,1,20,22,Brooklyn,Bensonhurst West,Boro Zone,0.0,2.0,0.0,2.0,0.0,,178,0.0,178,Latest chronological test-window forecast
2025-05-31 00:00:00,1,21,23,Staten Island,Bloomfield/Emerson Hill,Boro Zone,0.0,0.0,0.0,0.0,0.0,,179,0.0,179,Latest chronological test-window forecast
2025-05-31 00:00:00,1,22,24,Manhattan,Bloomingdale,Yellow Zone,7.094,12.0,8.0,4.906,-0.906,-11.32,69,0.0137,70,Latest chronological test-window forecast
2025-05-31 00:00:00,1,23,25,Brooklyn,Boerum Hill,Boro Zone,8.885,16.0,10.0,7.115,-1.115,-11.15,64,0.0172,64,Latest chronological test-window forecast
2025-05-31 00:00:00,1,24,26,Brooklyn,Borough Park,Boro Zone,2.6,1.0,3.0,1.6,-0.4,-13.33,99,0.005,98,Latest chronological test-window forecast
2025-05-31 00:00:00,1,25,27,Queens,Breezy Point/Fort Tilden/Riis Beach,Boro Zone,0.0,0.0,0.0,0.0,0.0,,180,0.0,180,Latest chronological test-window forecast
2025-05-31 00:00:00,1,26,28,Queens,Briarwood/Jamaica Hills,Boro Zone,0.0,2.0,0.0,2.0,0.0,,181,0.0,181,Latest chronological test-window forecast
2025-05-31 00:00:00,1,27,29,Brooklyn,Brighton Beach,Boro Zone,0.801,1.0,1.0,0.199,-0.199,-19.9,121,0.0016,119,Latest chronological test-window forecast
2025-05-31 00:00:00,1,28,30,Queens,Broad Channel,Boro Zone,0.0,0.0,0.0,0.0,0.0,,182,0.0,182,Latest chronological test-window forecast
2025-05-31 00:00:00,1,29,31,Bronx,Bronx Park,Boro Zone,0.0,0.0,0.0,0.0,0.0,,183,0.0,183,Latest chronological test-window forecast
2025-05-31 00:00:00,1,30,32,Bronx,Bronxdale,Boro Zone,0.0,2.0,0.0,2.0,0.0,,184,0.0,184,Latest chronological test-window forecast
2025-05-31 00:00:00,1,31,33,Brooklyn,Brooklyn Heights,Boro Zone,1.696,9.0,2.0,7.304,-0.304,-15.2,118,0.0033,108,Latest chronological test-window forecast
2025-05-31 00:00:00,1,32,34,Brooklyn,Brooklyn Navy Yard,Boro Zone,0.797,0.0,1.0,0.797,-0.203,-20.3,163,0.0015,128,Latest chronological test-window forecast
2025-05-31 00:00:00,1,33,35,Brooklyn,Brownsville,Boro Zone,4.395,3.0,5.0,1.395,-0.605,-12.1,88,0.0085,85,Latest chronological test-window forecast
2025-05-31 00:00:00,1,34,36,Brooklyn,Bushwick North,Boro Zone,9.782,19.0,11.0,9.218,-1.218,-11.07,62,0.0189,61,Latest chronological test-window forecast
2025-05-31 00:00:00,1,35,37,Brooklyn,Bushwick South,Boro Zone,13.377,16.0,15.0,2.623,-1.623,-10.82,53,0.0259,51,Latest chronological test-window forecast
2025-05-31 00:00:00,1,36,38,Queens,Cambria Heights,Boro Zone,0.0,0.0,0.0,0.0,0.0,,185,0.0,185,Latest chronological test-window forecast
2025-05-31 00:00:00,1,37,39,Brooklyn,Canarsie,Boro Zone,1.698,4.0,2.0,2.302,-0.302,-15.1,109,0.0033,109,Latest chronological test-window forecast
2025-05-31 00:00:00,1,38,40,Brooklyn,Carroll Gardens,Boro Zone,0.798,3.0,1.0,2.202,-0.202,-20.2,151,0.0015,129,Latest chronological test-window forecast
2025-05-31 00:00:00,1,39,41,Manhattan,Central Harlem,Boro Zone,17.87,32.0,20.0,14.13,-2.13,-10.65,45,0.0346,45,Latest chronological test-window forecast
2025-05-31 00:00:00,1,40,42,Manhattan,Central Harlem North,Boro Zone,12.482,15.0,14.0,2.518,-1.518,-10.84,55,0.0242,54,Latest chronological test-window forecast
2025-05-31 00:00:00,1,41,43,Manhattan,Central Park,Yellow Zone,24.228,17.0,27.0,7.228,-2.772,-10.27,38,0.0469,38,Latest chronological test-window forecast
2025-05-31 00:00:00,1,42,44,Staten Island,Charleston/Tottenville,Boro Zone,0.0,0.0,0.0,0.0,0.0,,186,0.0,186,Latest chronological test-window forecast
2025-05-31 00:00:00,1,43,45,Manhattan,Chinatown,Yellow Zone,7.996,26.0,9.0,18.004,-1.004,-11.16,66,0.0155,65,Latest chronological test-window forecast
2025-05-31 00:00:00,1,44,46,Bronx,City Island,Boro Zone,0.0,0.0,0.0,0.0,0.0,,187,0.0,187,Latest chronological test-window forecast
2025-05-31 00:00:00,1,45,47,Bronx,Claremont/Bathgate,Boro Zone,0.798,0.0,1.0,0.798,-0.202,-20.2,152,0.0015,130,Latest chronological test-window forecast
2025-05-31 00:00:00,1,46,48,Manhattan,Clinton East,Yellow Zone,143.832,292.0,160.0,148.168,-16.168,-10.1,9,0.2785,9,Latest chronological test-window forecast
2025-05-31 00:00:00,1,47,49,Brooklyn,Clinton Hill,Boro Zone,5.29,4.0,6.0,1.29,-0.71,-11.83,81,0.0102,77,Latest chronological test-window forecast
2025-05-31 00:00:00,1,48,50,Manhattan,Clinton West,Yellow Zone,24.222,40.0,27.0,15.778,-2.778,-10.29,39,0.0469,39,Latest chronological test-window forecast
2025-05-31 00:00:00,1,49,51,Bronx,Co-Op City,Boro Zone,0.0,0.0,0.0,0.0,0.0,,188,0.0,188,Latest chronological test-window forecast
2025-05-31 00:00:00,1,50,52,Brooklyn,Cobble Hill,Boro Zone,0.0,2.0,0.0,2.0,0.0,,189,0.0,189,Latest chronological test-window forecast
2025-05-31 00:00:00,1,51,53,Queens,College Point,Boro Zone,0.0,0.0,0.0,0.0,0.0,,190,0.0,190,Latest chronological test-window forecast
2025-05-31 00:00:00,1,52,54,Brooklyn,Columbia Street,Boro Zone,0.8,0.0,1.0,0.8,-0.2,-20.0,124,0.0015,131,Latest chronological test-window forecast
2025-05-31 00:00:00,1,53,55,Brooklyn,Coney Island,Boro Zone,0.0,1.0,0.0,1.0,0.0,,191,0.0,191,Latest chronological test-window forecast
2025-05-31 00:00:00,1,54,56,Queens,Corona,Boro Zone,0.799,1.0,1.0,0.201,-0.201,-20.1,135,0.0015,132,Latest chronological test-window forecast
2025-05-31 00:00:00,1,55,57,Queens,Corona,Boro Zone,0.0,0.0,0.0,0.0,0.0,,192,0.0,192,Latest chronological test-window forecast
2025-05-31 00:00:00,1,56,58,Bronx,Country Club,Boro Zone,0.0,0.0,0.0,0.0,0.0,,193,0.0,193,Latest chronological test-window forecast
2025-05-31 00:00:00,1,57,59,Bronx,Crotona Park,Boro Zone,0.0,0.0,0.0,0.0,0.0,,194,0.0,194,Latest chronological test-window forecast
2025-05-31 00:00:00,1,58,60,Bronx,Crotona Park East,Boro Zone,0.799,2.0,1.0,1.201,-0.201,-20.1,136,0.0015,133,Latest chronological test-window forecast
2025-05-31 00:00:00,1,59,61,Brooklyn,Crown Heights North,Boro Zone,9.784,10.0,11.0,0.216,-1.216,-11.05,61,0.0189,62,Latest chronological test-window forecast
2025-05-31 00:00:00,1,60,62,Brooklyn,Crown Heights South,Boro Zone,5.293,3.0,6.0,2.293,-0.707,-11.78,77,0.0102,78,Latest chronological test-window forecast
2025-05-31 00:00:00,1,61,63,Brooklyn,Cypress Hills,Boro Zone,3.495,2.0,4.0,1.495,-0.505,-12.62,94,0.0068,92,Latest chronological test-window forecast
2025-05-31 00:00:00,1,62,64,Queens,Douglaston,Boro Zone,0.0,0.0,0.0,0.0,0.0,,195,0.0,195,Latest chronological test-window forecast
2025-05-31 00:00:00,1,63,65,Brooklyn,Downtown Brooklyn/MetroTech,Boro Zone,7.989,20.0,9.0,12.011,-1.011,-11.23,67,0.0155,66,Latest chronological test-window forecast
2025-05-31 00:00:00,1,64,66,Brooklyn,DUMBO/Vinegar Hill,Boro Zone,6.201,18.0,7.0,11.799,-0.799,-11.41,73,0.012,73,Latest chronological test-window forecast
2025-05-31 00:00:00,1,65,67,Brooklyn,Dyker Heights,Boro Zone,0.0,1.0,0.0,1.0,0.0,,196,0.0,196,Latest chronological test-window forecast
2025-05-31 00:00:00,1,66,68,Manhattan,East Chelsea,Yellow Zone,142.172,193.0,158.0,50.828,-15.828,-10.02,10,0.2752,10,Latest chronological test-window forecast
2025-05-31 00:00:00,1,67,69,Bronx,East Concourse/Concourse Village,Boro Zone,0.0,4.0,0.0,4.0,0.0,,197,0.0,197,Latest chronological test-window forecast
2025-05-31 00:00:00,1,68,70,Queens,East Elmhurst,Boro Zone,6.196,12.0,7.0,5.804,-0.804,-11.49,74,0.012,74,Latest chronological test-window forecast
2025-05-31 00:00:00,1,69,71,Brooklyn,East Flatbush/Farragut,Boro Zone,0.798,3.0,1.0,2.202,-0.202,-20.2,153,0.0015,134,Latest chronological test-window forecast
2025-05-31 00:00:00,1,70,72,Brooklyn,East Flatbush/Remsen Village,Boro Zone,0.798,3.0,1.0,2.202,-0.202,-20.2,154,0.0015,135,Latest chronological test-window forecast
2025-05-31 00:00:00,1,71,73,Queens,East Flushing,Boro Zone,0.0,0.0,0.0,0.0,0.0,,198,0.0,198,Latest chronological test-window forecast
2025-05-31 00:00:00,1,72,74,Manhattan,East Harlem North,Boro Zone,16.073,17.0,18.0,0.927,-1.927,-10.71,49,0.0311,48,Latest chronological test-window forecast
2025-05-31 00:00:00,1,73,75,Manhattan,East Harlem South,Boro Zone,16.97,21.0,19.0,4.03,-2.03,-10.68,47,0.0329,47,Latest chronological test-window forecast
2025-05-31 00:00:00,1,74,76,Brooklyn,East New York,Boro Zone,1.697,8.0,2.0,6.303,-0.303,-15.15,113,0.0033,110,Latest chronological test-window forecast
2025-05-31 00:00:00,1,75,77,Brooklyn,East New York/Pennsylvania Avenue,Boro Zone,0.798,4.0,1.0,3.202,-0.202,-20.2,155,0.0015,136,Latest chronological test-window forecast
2025-05-31 00:00:00,1,76,78,Bronx,East Tremont,Boro Zone,0.0,0.0,0.0,0.0,0.0,,199,0.0,199,Latest chronological test-window forecast
2025-05-31 00:00:00,1,77,79,Manhattan,East Village,Yellow Zone,194.473,693.0,216.0,498.527,-21.527,-9.97,4,0.3765,4,Latest chronological test-window forecast
2025-05-31 00:00:00,1,78,80,Brooklyn,East Williamsburg,Boro Zone,17.868,24.0,20.0,6.132,-2.132,-10.66,46,0.0346,46,Latest chronological test-window forecast
2025-05-31 00:00:00,1,79,81,Bronx,Eastchester,Boro Zone,0.0,0.0,0.0,0.0,0.0,,200,0.0,200,Latest chronological test-window forecast
2025-05-31 00:00:00,1,80,82,Queens,Elmhurst,Boro Zone,4.395,5.0,5.0,0.605,-0.605,-12.1,89,0.0085,86,Latest chronological test-window forecast
2025-05-31 00:00:00,1,81,83,Queens,Elmhurst/Maspeth,Boro Zone,0.797,0.0,1.0,0.797,-0.203,-20.3,164,0.0015,137,Latest chronological test-window forecast
2025-05-31 00:00:00,1,82,84,Staten Island,Eltingville/Annadale/Prince's Bay,Boro Zone,0.0,0.0,0.0,0.0,0.0,,201,0.0,201,Latest chronological test-window forecast
2025-05-31 00:00:00,1,83,85,Brooklyn,Erasmus,Boro Zone,1.697,3.0,2.0,1.303,-0.303,-15.15,114,0.0033,111,Latest chronological test-window forecast
2025-05-31 00:00:00,1,84,86,Queens,Far Rockaway,Boro Zone,0.0,1.0,0.0,1.0,0.0,,202,0.0,202,Latest chronological test-window forecast
2025-05-31 00:00:00,1,85,87,Manhattan,Financial District North,Yellow Zone,23.323,91.0,26.0,67.677,-2.677,-10.3,40,0.0452,40,Latest chronological test-window forecast
2025-05-31 00:00:00,1,86,88,Manhattan,Financial District South,Yellow Zone,22.429,40.0,25.0,17.571,-2.571,-10.28,41,0.0434,41,Latest chronological test-window forecast
2025-05-31 00:00:00,1,87,89,Brooklyn,Flatbush/Ditmas Park,Boro Zone,2.598,1.0,3.0,1.598,-0.402,-13.4,100,0.005,99,Latest chronological test-window forecast
2025-05-31 00:00:00,1,88,90,Manhattan,Flatiron,Yellow Zone,107.181,226.0,119.0,118.819,-11.819,-9.93,13,0.2075,13,Latest chronological test-window forecast
2025-05-31 00:00:00,1,89,91,Brooklyn,Flatlands,Boro Zone,0.0,1.0,0.0,1.0,0.0,,203,0.0,203,Latest chronological test-window forecast
2025-05-31 00:00:00,1,90,92,Queens,Flushing,Boro Zone,0.799,2.0,1.0,1.201,-0.201,-20.1,137,0.0015,138,Latest chronological test-window forecast
2025-05-31 00:00:00,1,91,93,Queens,Flushing Meadows-Corona Park,Boro Zone,0.798,3.0,1.0,2.202,-0.202,-20.2,156,0.0015,139,Latest chronological test-window forecast
2025-05-31 00:00:00,1,92,94,Bronx,Fordham South,Boro Zone,0.798,0.0,1.0,0.798,-0.202,-20.2,157,0.0015,140,Latest chronological test-window forecast
2025-05-31 00:00:00,1,93,95,Queens,Forest Hills,Boro Zone,4.396,5.0,5.0,0.604,-0.604,-12.08,86,0.0085,87,Latest chronological test-window forecast
2025-05-31 00:00:00,1,94,96,Queens,Forest Park/Highland Park,Boro Zone,0.0,0.0,0.0,0.0,0.0,,204,0.0,204,Latest chronological test-window forecast
2025-05-31 00:00:00,1,95,97,Brooklyn,Fort Greene,Boro Zone,5.289,9.0,6.0,3.711,-0.711,-11.85,83,0.0102,79,Latest chronological test-window forecast
2025-05-31 00:00:00,1,96,98,Queens,Fresh Meadows,Boro Zone,0.8,1.0,1.0,0.2,-0.2,-20.0,125,0.0015,141,Latest chronological test-window forecast
2025-05-31 00:00:00,1,97,100,Manhattan,Garment District,Yellow Zone,114.35,87.0,127.0,27.35,-12.65,-9.96,12,0.2214,12,Latest chronological test-window forecast
2025-05-31 00:00:00,1,98,101,Queens,Glen Oaks,Boro Zone,0.799,1.0,1.0,0.201,-0.201,-20.1,138,0.0015,142,Latest chronological test-window forecast
2025-05-31 00:00:00,1,99,102,Queens,Glendale,Boro Zone,1.697,2.0,2.0,0.303,-0.303,-15.15,115,0.0033,112,Latest chronological test-window forecast
2025-05-31 00:00:00,1,100,106,Brooklyn,Gowanus,Boro Zone,0.799,4.0,1.0,3.201,-0.201,-20.1,139,0.0015,143,Latest chronological test-window forecast
2025-05-31 00:00:00,1,101,107,Manhattan,Gramercy,Yellow Zone,66.558,225.0,74.0,158.442,-7.442,-10.06,23,0.1289,22,Latest chronological test-window forecast
2025-05-31 00:00:00,1,102,108,Brooklyn,Gravesend,Boro Zone,2.602,1.0,3.0,1.602,-0.398,-13.27,98,0.005,100,Latest chronological test-window forecast
2025-05-31 00:00:00,1,103,109,Staten Island,Great Kills,Boro Zone,0.0,0.0,0.0,0.0,0.0,,205,0.0,205,Latest chronological test-window forecast
2025-05-31 00:00:00,1,104,111,Brooklyn,Green-Wood Cemetery,Boro Zone,0.0,0.0,0.0,0.0,0.0,,206,0.0,206,Latest chronological test-window forecast
2025-05-31 00:00:00,1,105,112,Brooklyn,Greenpoint,Boro Zone,12.477,18.0,14.0,5.523,-1.523,-10.88,56,0.0242,55,Latest chronological test-window forecast
2025-05-31 00:00:00,1,106,113,Manhattan,Greenwich Village North,Yellow Zone,81.865,142.0,91.0,60.135,-9.135,-10.04,17,0.1585,17,Latest chronological test-window forecast
2025-05-31 00:00:00,1,107,114,Manhattan,Greenwich Village South,Yellow Zone,170.344,355.0,189.0,184.656,-18.656,-9.87,5,0.3298,5,Latest chronological test-window forecast
2025-05-31 00:00:00,1,108,115,Staten Island,Grymes Hill/Clifton,Boro Zone,0.0,0.0,0.0,0.0,0.0,,207,0.0,207,Latest chronological test-window forecast
2025-05-31 00:00:00,1,109,116,Manhattan,Hamilton Heights,Boro Zone,7.986,18.0,9.0,10.014,-1.014,-11.27,68,0.0155,67,Latest chronological test-window forecast
2025-05-31 00:00:00,1,110,117,Queens,Hammels/Arverne,Boro Zone,0.0,1.0,0.0,1.0,0.0,,208,0.0,208,Latest chronological test-window forecast
2025-05-31 00:00:00,1,111,118,Staten Island,Heartland Village/Todt Hill,Boro Zone,0.0,0.0,0.0,0.0,0.0,,209,0.0,209,Latest chronological test-window forecast
2025-05-31 00:00:00,1,112,119,Bronx,Highbridge,Boro Zone,0.798,0.0,1.0,0.798,-0.202,-20.2,158,0.0015,144,Latest chronological test-window forecast
2025-05-31 00:00:00,1,113,120,Manhattan,Highbridge Park,Boro Zone,0.0,0.0,0.0,0.0,0.0,,210,0.0,210,Latest chronological test-window forecast
2025-05-31 00:00:00,1,114,121,Queens,Hillcrest/Pomonok,Boro Zone,0.0,0.0,0.0,0.0,0.0,,211,0.0,211,Latest chronological test-window forecast
2025-05-31 00:00:00,1,115,122,Queens,Hollis,Boro Zone,0.0,0.0,0.0,0.0,0.0,,212,0.0,212,Latest chronological test-window forecast
2025-05-31 00:00:00,1,116,123,Brooklyn,Homecrest,Boro Zone,0.802,0.0,1.0,0.802,-0.198,-19.8,119,0.0016,120,Latest chronological test-window forecast
2025-05-31 00:00:00,1,117,124,Queens,Howard Beach,Boro Zone,0.0,1.0,0.0,1.0,0.0,,213,0.0,213,Latest chronological test-window forecast
2025-05-31 00:00:00,1,118,125,Manhattan,Hudson Sq,Yellow Zone,24.258,45.0,27.0,20.742,-2.742,-10.16,36,0.047,36,Latest chronological test-window forecast
2025-05-31 00:00:00,1,119,126,Bronx,Hunts Point,Boro Zone,0.0,0.0,0.0,0.0,0.0,,214,0.0,214,Latest chronological test-window forecast
2025-05-31 00:00:00,1,120,127,Manhattan,Inwood,Boro Zone,3.493,3.0,4.0,0.493,-0.507,-12.68,96,0.0068,93,Latest chronological test-window forecast
2025-05-31 00:00:00,1,121,128,Manhattan,Inwood Hill Park,Boro Zone,0.0,0.0,0.0,0.0,0.0,,215,0.0,215,Latest chronological test-window forecast
2025-05-31 00:00:00,1,122,129,Queens,Jackson Heights,Boro Zone,3.494,4.0,4.0,0.506,-0.506,-12.65,95,0.0068,94,Latest chronological test-window forecast
2025-05-31 00:00:00,1,123,130,Queens,Jamaica,Boro Zone,11.592,17.0,13.0,5.408,-1.408,-10.83,58,0.0224,58,Latest chronological test-window forecast
2025-05-31 00:00:00,1,124,131,Queens,Jamaica Estates,Boro Zone,0.8,0.0,1.0,0.8,-0.2,-20.0,126,0.0015,145,Latest chronological test-window forecast
2025-05-31 00:00:00,1,125,132,Queens,JFK Airport,Airports,221.87,246.0,247.0,24.13,-25.13,-10.17,3,0.4295,3,Latest chronological test-window forecast
2025-05-31 00:00:00,1,126,133,Brooklyn,Kensington,Boro Zone,0.799,1.0,1.0,0.201,-0.201,-20.1,140,0.0015,146,Latest chronological test-window forecast
2025-05-31 00:00:00,1,127,134,Queens,Kew Gardens,Boro Zone,1.698,2.0,2.0,0.302,-0.302,-15.1,110,0.0033,113,Latest chronological test-window forecast
2025-05-31 00:00:00,1,128,135,Queens,Kew Gardens Hills,Boro Zone,0.0,0.0,0.0,0.0,0.0,,216,0.0,216,Latest chronological test-window forecast
2025-05-31 00:00:00,1,129,136,Bronx,Kingsbridge Heights,Boro Zone,0.0,1.0,0.0,1.0,0.0,,217,0.0,217,Latest chronological test-window forecast
2025-05-31 00:00:00,1,130,137,Manhattan,Kips Bay,Yellow Zone,35.877,105.0,40.0,69.123,-4.123,-10.31,33,0.0695,33,Latest chronological test-window forecast
2025-05-31 00:00:00,1,131,138,Queens,LaGuardia Airport,Airports,77.241,118.0,86.0,40.759,-8.759,-10.18,18,0.1495,18,Latest chronological test-window forecast
2025-05-31 00:00:00,1,132,139,Queens,Laurelton,Boro Zone,0.0,0.0,0.0,0.0,0.0,,218,0.0,218,Latest chronological test-window forecast
2025-05-31 00:00:00,1,133,140,Manhattan,Lenox Hill East,Yellow Zone,13.38,36.0,15.0,22.62,-1.62,-10.8,51,0.0259,52,Latest chronological test-window forecast
2025-05-31 00:00:00,1,134,141,Manhattan,Lenox Hill West,Yellow Zone,46.71,95.0,52.0,48.29,-5.29,-10.17,29,0.0904,29,Latest chronological test-window forecast
2025-05-31 00:00:00,1,135,142,Manhattan,Lincoln Square East,Yellow Zone,60.194,136.0,67.0,75.806,-6.806,-10.16,26,0.1165,26,Latest chronological test-window forecast
2025-05-31 00:00:00,1,136,143,Manhattan,Lincoln Square West,Yellow Zone,18.809,52.0,21.0,33.191,-2.191,-10.43,44,0.0364,43,Latest chronological test-window forecast
2025-05-31 00:00:00,1,137,144,Manhattan,Little Italy/NoLiTa,Yellow Zone,71.119,156.0,79.0,84.881,-7.881,-9.98,20,0.1377,20,Latest chronological test-window forecast
2025-05-31 00:00:00,1,138,145,Queens,Long Island City/Hunters Point,Boro Zone,11.579,11.0,13.0,0.579,-1.421,-10.93,59,0.0224,59,Latest chronological test-window forecast
2025-05-31 00:00:00,1,139,146,Queens,Long Island City/Queens Plaza,Boro Zone,6.191,13.0,7.0,6.809,-0.809,-11.56,75,0.012,75,Latest chronological test-window forecast
2025-05-31 00:00:00,1,140,147,Bronx,Longwood,Boro Zone,0.0,1.0,0.0,1.0,0.0,,219,0.0,219,Latest chronological test-window forecast
2025-05-31 00:00:00,1,141,148,Manhattan,Lower East Side,Yellow Zone,129.629,419.0,144.0,289.371,-14.371,-9.98,11,0.251,11,Latest chronological test-window forecast
2025-05-31 00:00:00,1,142,149,Brooklyn,Madison,Boro Zone,0.801,0.0,1.0,0.801,-0.199,-19.9,122,0.0016,121,Latest chronological test-window forecast
2025-05-31 00:00:00,1,143,150,Brooklyn,Manhattan Beach,Boro Zone,0.802,2.0,1.0,1.198,-0.198,-19.8,120,0.0016,122,Latest chronological test-window forecast
2025-05-31 00:00:00,1,144,151,Manhattan,Manhattan Valley,Yellow Zone,10.693,19.0,12.0,8.307,-1.307,-10.89,60,0.0207,60,Latest chronological test-window forecast
2025-05-31 00:00:00,1,145,152,Manhattan,Manhattanville,Boro Zone,6.189,8.0,7.0,1.811,-0.811,-11.59,76,0.012,76,Latest chronological test-window forecast
2025-05-31 00:00:00,1,146,153,Manhattan,Marble Hill,Boro Zone,0.0,0.0,0.0,0.0,0.0,,220,0.0,220,Latest chronological test-window forecast
2025-05-31 00:00:00,1,147,154,Brooklyn,Marine Park/Floyd Bennett Field,Boro Zone,0.799,0.0,1.0,0.799,-0.201,-20.1,141,0.0015,147,Latest chronological test-window forecast
2025-05-31 00:00:00,1,148,155,Brooklyn,Marine Park/Mill Basin,Boro Zone,0.0,1.0,0.0,1.0,0.0,,221,0.0,221,Latest chronological test-window forecast
2025-05-31 00:00:00,1,149,156,Staten Island,Mariners Harbor,Boro Zone,0.0,0.0,0.0,0.0,0.0,,222,0.0,222,Latest chronological test-window forecast
2025-05-31 00:00:00,1,150,157,Queens,Maspeth,Boro Zone,2.595,8.0,3.0,5.405,-0.405,-13.5,103,0.005,101,Latest chronological test-window forecast
2025-05-31 00:00:00,1,151,158,Manhattan,Meatpacking/West Village West,Yellow Zone,84.664,216.0,94.0,131.336,-9.336,-9.93,16,0.1639,16,Latest chronological test-window forecast
2025-05-31 00:00:00,1,152,159,Bronx,Melrose South,Boro Zone,0.0,1.0,0.0,1.0,0.0,,223,0.0,223,Latest chronological test-window forecast
2025-05-31 00:00:00,1,153,160,Queens,Middle Village,Boro Zone,0.798,0.0,1.0,0.798,-0.202,-20.2,159,0.0015,148,Latest chronological test-window forecast
2025-05-31 00:00:00,1,154,161,Manhattan,Midtown Center,Yellow Zone,99.902,94.0,111.0,5.902,-11.098,-10.0,14,0.1934,14,Latest chronological test-window forecast
2025-05-31 00:00:00,1,155,162,Manhattan,Midtown East,Yellow Zone,44.046,76.0,49.0,31.954,-4.954,-10.11,30,0.0853,30,Latest chronological test-window forecast
2025-05-31 00:00:00,1,156,163,Manhattan,Midtown North,Yellow Zone,66.567,89.0,74.0,22.433,-7.433,-10.04,22,0.1289,23,Latest chronological test-window forecast
2025-05-31 00:00:00,1,157,164,Manhattan,Midtown South,Yellow Zone,153.026,200.0,170.0,46.974,-16.974,-9.98,8,0.2963,8,Latest chronological test-window forecast
2025-05-31 00:00:00,1,158,165,Brooklyn,Midwood,Boro Zone,0.0,0.0,0.0,0.0,0.0,,224,0.0,224,Latest chronological test-window forecast
2025-05-31 00:00:00,1,159,166,Manhattan,Morningside Heights,Boro Zone,13.38,17.0,15.0,3.62,-1.62,-10.8,52,0.0259,53,Latest chronological test-window forecast
2025-05-31 00:00:00,1,160,167,Bronx,Morrisania/Melrose,Boro Zone,0.799,0.0,1.0,0.799,-0.201,-20.1,142,0.0015,149,Latest chronological test-window forecast
2025-05-31 00:00:00,1,161,168,Bronx,Mott Haven/Port Morris,Boro Zone,4.396,5.0,5.0,0.604,-0.604,-12.08,87,0.0085,88,Latest chronological test-window forecast
2025-05-31 00:00:00,1,162,169,Bronx,Mount Hope,Boro Zone,2.598,0.0,3.0,2.598,-0.402,-13.4,101,0.005,102,Latest chronological test-window forecast
2025-05-31 00:00:00,1,163,170,Manhattan,Murray Hill,Yellow Zone,90.888,144.0,101.0,53.112,-10.112,-10.01,15,0.176,15,Latest chronological test-window forecast
2025-05-31 00:00:00,1,164,171,Queens,Murray Hill-Queens,Boro Zone,0.0,1.0,0.0,1.0,0.0,,225,0.0,225,Latest chronological test-window forecast
2025-05-31 00:00:00,1,165,172,Staten Island,New Dorp/Midland Beach,Boro Zone,0.0,0.0,0.0,0.0,0.0,,226,0.0,226,Latest chronological test-window forecast
2025-05-31 00:00:00,1,166,173,Queens,North Corona,Boro Zone,1.697,3.0,2.0,1.303,-0.303,-15.15,116,0.0033,114,Latest chronological test-window forecast
2025-05-31 00:00:00,1,167,174,Bronx,Norwood,Boro Zone,0.799,0.0,1.0,0.799,-0.201,-20.1,143,0.0015,150,Latest chronological test-window forecast
2025-05-31 00:00:00,1,168,175,Queens,Oakland Gardens,Boro Zone,0.0,1.0,0.0,1.0,0.0,,227,0.0,227,Latest chronological test-window forecast
2025-05-31 00:00:00,1,169,176,Staten Island,Oakwood,Boro Zone,0.0,0.0,0.0,0.0,0.0,,228,0.0,228,Latest chronological test-window forecast
2025-05-31 00:00:00,1,170,177,Brooklyn,Ocean Hill,Boro Zone,4.393,8.0,5.0,3.607,-0.607,-12.14,90,0.0085,89,Latest chronological test-window forecast
2025-05-31 00:00:00,1,171,178,Brooklyn,Ocean Parkway South,Boro Zone,0.0,1.0,0.0,1.0,0.0,,229,0.0,229,Latest chronological test-window forecast
2025-05-31 00:00:00,1,172,179,Queens,Old Astoria,Boro Zone,4.391,1.0,5.0,3.391,-0.609,-12.18,91,0.0085,90,Latest chronological test-window forecast
2025-05-31 00:00:00,1,173,180,Queens,Ozone Park,Boro Zone,0.799,1.0,1.0,0.201,-0.201,-20.1,144,0.0015,151,Latest chronological test-window forecast
2025-05-31 00:00:00,1,174,181,Brooklyn,Park Slope,Boro Zone,5.29,10.0,6.0,4.71,-0.71,-11.83,82,0.0102,80,Latest chronological test-window forecast
2025-05-31 00:00:00,1,175,182,Bronx,Parkchester,Boro Zone,0.798,0.0,1.0,0.798,-0.202,-20.2,160,0.0015,152,Latest chronological test-window forecast
2025-05-31 00:00:00,1,176,183,Bronx,Pelham Bay,Boro Zone,0.0,1.0,0.0,1.0,0.0,,230,0.0,230,Latest chronological test-window forecast
2025-05-31 00:00:00,1,177,184,Bronx,Pelham Bay Park,Boro Zone,0.798,0.0,1.0,0.798,-0.202,-20.2,161,0.0015,153,Latest chronological test-window forecast
2025-05-31 00:00:00,1,178,185,Bronx,Pelham Parkway,Boro Zone,0.0,0.0,0.0,0.0,0.0,,231,0.0,231,Latest chronological test-window forecast
2025-05-31 00:00:00,1,179,186,Manhattan,Penn Station/Madison Sq West,Yellow Zone,361.572,134.0,401.0,227.572,-39.428,-9.83,1,0.7,1,Latest chronological test-window forecast
2025-05-31 00:00:00,1,180,187,Staten Island,Port Richmond,Boro Zone,0.0,0.0,0.0,0.0,0.0,,232,0.0,232,Latest chronological test-window forecast
2025-05-31 00:00:00,1,181,188,Brooklyn,Prospect-Lefferts Gardens,Boro Zone,5.292,4.0,6.0,1.292,-0.708,-11.8,78,0.0102,81,Latest chronological test-window forecast
2025-05-31 00:00:00,1,182,189,Brooklyn,Prospect Heights,Boro Zone,2.595,2.0,3.0,0.595,-0.405,-13.5,104,0.005,103,Latest chronological test-window forecast
2025-05-31 00:00:00,1,183,190,Brooklyn,Prospect Park,Boro Zone,0.0,1.0,0.0,1.0,0.0,,233,0.0,233,Latest chronological test-window forecast
2025-05-31 00:00:00,1,184,191,Queens,Queens Village,Boro Zone,0.8,0.0,1.0,0.8,-0.2,-20.0,127,0.0015,154,Latest chronological test-window forecast
2025-05-31 00:00:00,1,185,192,Queens,Queensboro Hill,Boro Zone,0.0,0.0,0.0,0.0,0.0,,234,0.0,234,Latest chronological test-window forecast
2025-05-31 00:00:00,1,186,193,Queens,Queensbridge/Ravenswood,Boro Zone,3.493,2.0,4.0,1.493,-0.507,-12.68,97,0.0068,95,Latest chronological test-window forecast
2025-05-31 00:00:00,1,187,194,Manhattan,Randalls Island,Yellow Zone,0.0,0.0,0.0,0.0,0.0,,235,0.0,235,Latest chronological test-window forecast
2025-05-31 00:00:00,1,188,195,Brooklyn,Red Hook,Boro Zone,0.0,2.0,0.0,2.0,0.0,,236,0.0,236,Latest chronological test-window forecast
2025-05-31 00:00:00,1,189,196,Queens,Rego Park,Boro Zone,1.698,0.0,2.0,1.698,-0.302,-15.1,111,0.0033,115,Latest chronological test-window forecast
2025-05-31 00:00:00,1,190,197,Queens,Richmond Hill,Boro Zone,3.497,3.0,4.0,0.497,-0.503,-12.58,92,0.0068,96,Latest chronological test-window forecast
2025-05-31 00:00:00,1,191,198,Queens,Ridgewood,Boro Zone,5.291,6.0,6.0,0.709,-0.709,-11.82,79,0.0102,82,Latest chronological test-window forecast
2025-05-31 00:00:00,1,192,200,Bronx,Riverdale/North Riverdale/Fieldston,Boro Zone,2.596,0.0,3.0,2.596,-0.404,-13.47,102,0.005,104,Latest chronological test-window forecast
2025-05-31 00:00:00,1,193,201,Queens,Rockaway Park,Boro Zone,0.0,0.0,0.0,0.0,0.0,,237,0.0,237,Latest chronological test-window forecast
2025-05-31 00:00:00,1,194,202,Manhattan,Roosevelt Island,Boro Zone,0.0,0.0,0.0,0.0,0.0,,238,0.0,238,Latest chronological test-window forecast
2025-05-31 00:00:00,1,195,203,Queens,Rosedale,Boro Zone,0.0,1.0,0.0,1.0,0.0,,239,0.0,239,Latest chronological test-window forecast
2025-05-31 00:00:00,1,196,204,Staten Island,Rossville/Woodrow,Boro Zone,0.0,0.0,0.0,0.0,0.0,,240,0.0,240,Latest chronological test-window forecast
2025-05-31 00:00:00,1,197,205,Queens,Saint Albans,Boro Zone,0.799,0.0,1.0,0.799,-0.201,-20.1,145,0.0015,155,Latest chronological test-window forecast
2025-05-31 00:00:00,1,198,206,Staten Island,Saint George/New Brighton,Boro Zone,0.0,0.0,0.0,0.0,0.0,,241,0.0,241,Latest chronological test-window forecast
2025-05-31 00:00:00,1,199,207,Queens,Saint Michaels Cemetery/Woodside,Boro Zone,0.0,0.0,0.0,0.0,0.0,,242,0.0,242,Latest chronological test-window forecast
2025-05-31 00:00:00,1,200,208,Bronx,Schuylerville/Edgewater Park,Boro Zone,0.0,1.0,0.0,1.0,0.0,,243,0.0,243,Latest chronological test-window forecast
2025-05-31 00:00:00,1,201,209,Manhattan,Seaport,Yellow Zone,12.51,44.0,14.0,31.49,-1.49,-10.64,54,0.0242,56,Latest chronological test-window forecast
2025-05-31 00:00:00,1,202,210,Brooklyn,Sheepshead Bay,Boro Zone,0.801,1.0,1.0,0.199,-0.199,-19.9,123,0.0016,123,Latest chronological test-window forecast
2025-05-31 00:00:00,1,203,211,Manhattan,SoHo,Yellow Zone,67.518,131.0,75.0,63.482,-7.482,-9.98,21,0.1307,21,Latest chronological test-window forecast
2025-05-31 00:00:00,1,204,212,Bronx,Soundview/Bruckner,Boro Zone,0.799,0.0,1.0,0.799,-0.201,-20.1,146,0.0015,156,Latest chronological test-window forecast
2025-05-31 00:00:00,1,205,213,Bronx,Soundview/Castle Hill,Boro Zone,0.799,1.0,1.0,0.201,-0.201,-20.1,147,0.0015,157,Latest chronological test-window forecast
2025-05-31 00:00:00,1,206,214,Staten Island,South Beach/Dongan Hills,Boro Zone,0.0,0.0,0.0,0.0,0.0,,244,0.0,244,Latest chronological test-window forecast
2025-05-31 00:00:00,1,207,215,Queens,South Jamaica,Boro Zone,1.7,5.0,2.0,3.3,-0.3,-15.0,107,0.0033,116,Latest chronological test-window forecast
2025-05-31 00:00:00,1,208,216,Queens,South Ozone Park,Boro Zone,1.698,1.0,2.0,0.698,-0.302,-15.1,112,0.0033,117,Latest chronological test-window forecast
2025-05-31 00:00:00,1,209,217,Brooklyn,South Williamsburg,Boro Zone,0.797,3.0,1.0,2.203,-0.203,-20.3,165,0.0015,158,Latest chronological test-window forecast
2025-05-31 00:00:00,1,210,218,Queens,Springfield Gardens North,Boro Zone,0.8,3.0,1.0,2.2,-0.2,-20.0,128,0.0015,159,Latest chronological test-window forecast
2025-05-31 00:00:00,1,211,219,Queens,Springfield Gardens South,Boro Zone,0.799,2.0,1.0,1.201,-0.201,-20.1,148,0.0015,160,Latest chronological test-window forecast
2025-05-31 00:00:00,1,212,220,Bronx,Spuyten Duyvil/Kingsbridge,Boro Zone,0.797,2.0,1.0,1.203,-0.203,-20.3,166,0.0015,161,Latest chronological test-window forecast
2025-05-31 00:00:00,1,213,221,Staten Island,Stapleton,Boro Zone,0.0,0.0,0.0,0.0,0.0,,245,0.0,245,Latest chronological test-window forecast
2025-05-31 00:00:00,1,214,222,Brooklyn,Starrett City,Boro Zone,0.0,0.0,0.0,0.0,0.0,,246,0.0,246,Latest chronological test-window forecast
2025-05-31 00:00:00,1,215,223,Queens,Steinway,Boro Zone,2.594,4.0,3.0,1.406,-0.406,-13.53,105,0.005,105,Latest chronological test-window forecast
2025-05-31 00:00:00,1,216,224,Manhattan,Stuy Town/Peter Cooper Village,Yellow Zone,8.015,12.0,9.0,3.985,-0.985,-10.94,65,0.0155,68,Latest chronological test-window forecast
2025-05-31 00:00:00,1,217,225,Brooklyn,Stuyvesant Heights,Boro Zone,7.088,8.0,8.0,0.912,-0.912,-11.4,71,0.0137,71,Latest chronological test-window forecast
2025-05-31 00:00:00,1,218,226,Queens,Sunnyside,Boro Zone,7.088,9.0,8.0,1.912,-0.912,-11.4,72,0.0137,72,Latest chronological test-window forecast
2025-05-31 00:00:00,1,219,227,Brooklyn,Sunset Park East,Boro Zone,0.0,2.0,0.0,2.0,0.0,,247,0.0,247,Latest chronological test-window forecast
2025-05-31 00:00:00,1,220,228,Brooklyn,Sunset Park West,Boro Zone,1.699,2.0,2.0,0.301,-0.301,-15.05,108,0.0033,118,Latest chronological test-window forecast
2025-05-31 00:00:00,1,221,229,Manhattan,Sutton Place/Turtle Bay North,Yellow Zone,36.843,74.0,41.0,37.157,-4.157,-10.14,32,0.0713,32,Latest chronological test-window forecast
2025-05-31 00:00:00,1,222,230,Manhattan,Times Sq/Theatre District,Yellow Zone,159.295,224.0,177.0,64.705,-17.705,-10.0,6,0.3084,6,Latest chronological test-window forecast
2025-05-31 00:00:00,1,223,231,Manhattan,TriBeCa/Civic Center,Yellow Zone,54.81,134.0,61.0,79.19,-6.19,-10.15,27,0.1061,27,Latest chronological test-window forecast
2025-05-31 00:00:00,1,224,232,Manhattan,Two Bridges/Seward Park,Yellow Zone,18.817,34.0,21.0,15.183,-2.183,-10.4,43,0.0364,44,Latest chronological test-window forecast
2025-05-31 00:00:00,1,225,233,Manhattan,UN/Turtle Bay South,Yellow Zone,21.517,42.0,24.0,20.483,-2.483,-10.35,42,0.0417,42,Latest chronological test-window forecast
2025-05-31 00:00:00,1,226,234,Manhattan,Union Sq,Yellow Zone,157.705,279.0,175.0,121.295,-17.295,-9.88,7,0.3053,7,Latest chronological test-window forecast
2025-05-31 00:00:00,1,227,235,Bronx,University Heights/Morris Heights,Boro Zone,0.799,1.0,1.0,0.201,-0.201,-20.1,149,0.0015,162,Latest chronological test-window forecast
2025-05-31 00:00:00,1,228,236,Manhattan,Upper East Side North,Yellow Zone,33.197,53.0,37.0,19.803,-3.803,-10.28,35,0.0643,35,Latest chronological test-window forecast
2025-05-31 00:00:00,1,229,237,Manhattan,Upper East Side South,Yellow Zone,76.413,92.0,85.0,15.587,-8.587,-10.1,19,0.1479,19,Latest chronological test-window forecast
2025-05-31 00:00:00,1,230,238,Manhattan,Upper West Side North,Yellow Zone,47.569,60.0,53.0,12.431,-5.431,-10.25,28,0.0921,28,Latest chronological test-window forecast
2025-05-31 00:00:00,1,231,239,Manhattan,Upper West Side South,Yellow Zone,64.673,109.0,72.0,44.327,-7.327,-10.18,24,0.1252,24,Latest chronological test-window forecast
2025-05-31 00:00:00,1,232,240,Bronx,Van Cortlandt Park,Boro Zone,0.0,0.0,0.0,0.0,0.0,,248,0.0,248,Latest chronological test-window forecast
2025-05-31 00:00:00,1,233,241,Bronx,Van Cortlandt Village,Boro Zone,0.0,1.0,0.0,1.0,0.0,,249,0.0,249,Latest chronological test-window forecast
2025-05-31 00:00:00,1,234,242,Bronx,Van Nest/Morris Park,Boro Zone,0.799,2.0,1.0,1.201,-0.201,-20.1,150,0.0015,163,Latest chronological test-window forecast
2025-05-31 00:00:00,1,235,243,Manhattan,Washington Heights North,Boro Zone,5.291,6.0,6.0,0.709,-0.709,-11.82,80,0.0102,83,Latest chronological test-window forecast
2025-05-31 00:00:00,1,236,244,Manhattan,Washington Heights South,Boro Zone,16.075,13.0,18.0,3.075,-1.925,-10.69,48,0.0311,49,Latest chronological test-window forecast
2025-05-31 00:00:00,1,237,245,Staten Island,West Brighton,Boro Zone,0.0,0.0,0.0,0.0,0.0,,250,0.0,250,Latest chronological test-window forecast
2025-05-31 00:00:00,1,238,246,Manhattan,West Chelsea/Hudson Yards,Yellow Zone,62.136,81.0,69.0,18.864,-6.864,-9.95,25,0.1203,25,Latest chronological test-window forecast
2025-05-31 00:00:00,1,239,247,Bronx,West Concourse,Boro Zone,3.496,1.0,4.0,2.496,-0.504,-12.6,93,0.0068,97,Latest chronological test-window forecast
2025-05-31 00:00:00,1,240,248,Bronx,West Farms/Bronx River,Boro Zone,0.798,1.0,1.0,0.202,-0.202,-20.2,162,0.0015,164,Latest chronological test-window forecast
2025-05-31 00:00:00,1,241,249,Manhattan,West Village,Yellow Zone,246.189,520.0,273.0,273.811,-26.811,-9.82,2,0.4766,2,Latest chronological test-window forecast
2025-05-31 00:00:00,1,242,250,Bronx,Westchester Village/Unionport,Boro Zone,0.8,2.0,1.0,1.2,-0.2,-20.0,129,0.0015,165,Latest chronological test-window forecast
2025-05-31 00:00:00,1,243,251,Staten Island,Westerleigh,Boro Zone,0.0,1.0,0.0,1.0,0.0,,251,0.0,251,Latest chronological test-window forecast
2025-05-31 00:00:00,1,244,252,Queens,Whitestone,Boro Zone,0.0,1.0,0.0,1.0,0.0,,252,0.0,252,Latest chronological test-window forecast
2025-05-31 00:00:00,1,245,253,Queens,Willets Point,Boro Zone,0.0,0.0,0.0,0.0,0.0,,253,0.0,253,Latest chronological test-window forecast
2025-05-31 00:00:00,1,246,254,Bronx,Williamsbridge/Olinville,Boro Zone,0.0,0.0,0.0,0.0,0.0,,254,0.0,254,Latest chronological test-window forecast
2025-05-31 00:00:00,1,247,255,Brooklyn,Williamsburg (North Side),Boro Zone,34.94,75.0,39.0,40.06,-4.06,-10.41,34,0.0676,34,Latest chronological test-window forecast
2025-05-31 00:00:00,1,248,256,Brooklyn,Williamsburg (South Side),Boro Zone,15.173,35.0,17.0,19.827,-1.827,-10.75,50,0.0294,50,Latest chronological test-window forecast
2025-05-31 00:00:00,1,249,257,Brooklyn,Windsor Terrace,Boro Zone,0.0,0.0,0.0,0.0,0.0,,255,0.0,255,Latest chronological test-window forecast
2025-05-31 00:00:00,1,250,258,Queens,Woodhaven,Boro Zone,0.0,1.0,0.0,1.0,0.0,,256,0.0,256,Latest chronological test-window forecast
2025-05-31 00:00:00,1,251,259,Bronx,Woodlawn/Wakefield,Boro Zone,0.8,0.0,1.0,0.8,-0.2,-20.0,130,0.0015,166,Latest chronological test-window forecast
2025-05-31 00:00:00,1,252,260,Queens,Woodside,Boro Zone,2.594,6.0,3.0,3.406,-0.406,-13.53,106,0.005,106,Latest chronological test-window forecast
2025-05-31 00:00:00,1,253,261,Manhattan,World Trade Center,Yellow Zone,11.608,26.0,13.0,14.392,-1.392,-10.71,57,0.0225,57,Latest chronological test-window forecast
2025-05-31 00:00:00,1,254,262,Manhattan,Yorkville East,Yellow Zone,4.403,20.0,5.0,15.597,-0.597,-11.94,84,0.0085,91,Latest chronological test-window forecast
2025-05-31 00:00:00,1,255,263,Manhattan,Yorkville West,Yellow Zone,42.17,119.0,47.0,76.83,-4.83,-10.28,31,0.0816,31,Latest chronological test-window forecast
2025-05-31 01:00:00,2,0,1,EWR,Newark Airport,EWR,0.0,0.0,0.0,0.0,0.0,,143,0.0,143,Latest chronological test-window forecast
2025-05-31 01:00:00,2,1,2,Queens,Jamaica Bay,Boro Zone,0.0,0.0,0.0,0.0,0.0,,144,0.0,144,Latest chronological test-window forecast
2025-05-31 01:00:00,2,2,3,Bronx,Allerton/Pelham Gardens,Boro Zone,0.0,1.0,0.0,1.0,0.0,,145,0.0,145,Latest chronological test-window forecast
2025-05-31 01:00:00,2,3,4,Manhattan,Alphabet City,Yellow Zone,14.917,140.0,17.0,125.083,-2.083,-12.25,34,0.0695,34,Latest chronological test-window forecast
2025-05-31 01:00:00,2,4,6,Staten Island,Arrochar/Fort Wadsworth,Boro Zone,0.0,0.0,0.0,0.0,0.0,,146,0.0,146,Latest chronological test-window forecast
2025-05-31 01:00:00,2,5,7,Queens,Astoria,Boro Zone,6.067,17.0,7.0,10.933,-0.933,-13.33,62,0.0283,61,Latest chronological test-window forecast
2025-05-31 01:00:00,2,6,8,Queens,Astoria Park,Boro Zone,0.0,0.0,0.0,0.0,0.0,,147,0.0,147,Latest chronological test-window forecast
2025-05-31 01:00:00,2,7,9,Queens,Auburndale,Boro Zone,0.0,0.0,0.0,0.0,0.0,,148,0.0,148,Latest chronological test-window forecast
2025-05-31 01:00:00,2,8,10,Queens,Baisley Park,Boro Zone,2.535,1.0,3.0,1.535,-0.465,-15.5,82,0.0118,76,Latest chronological test-window forecast
2025-05-31 01:00:00,2,9,11,Brooklyn,Bath Beach,Boro Zone,0.0,0.0,0.0,0.0,0.0,,149,0.0,149,Latest chronological test-window forecast
2025-05-31 01:00:00,2,10,12,Manhattan,Battery Park,Yellow Zone,0.0,0.0,0.0,0.0,0.0,,150,0.0,150,Latest chronological test-window forecast
2025-05-31 01:00:00,2,11,13,Manhattan,Battery Park City,Yellow Zone,2.532,5.0,3.0,2.468,-0.468,-15.6,86,0.0118,77,Latest chronological test-window forecast
2025-05-31 01:00:00,2,12,14,Brooklyn,Bay Ridge,Boro Zone,1.656,1.0,2.0,0.656,-0.344,-17.2,93,0.0077,93,Latest chronological test-window forecast
2025-05-31 01:00:00,2,13,15,Queens,Bay Terrace/Fort Totten,Boro Zone,0.0,1.0,0.0,1.0,0.0,,151,0.0,151,Latest chronological test-window forecast
2025-05-31 01:00:00,2,14,16,Queens,Bayside,Boro Zone,0.0,2.0,0.0,2.0,0.0,,152,0.0,152,Latest chronological test-window forecast
2025-05-31 01:00:00,2,15,17,Brooklyn,Bedford,Boro Zone,2.534,13.0,3.0,10.466,-0.466,-15.53,84,0.0118,78,Latest chronological test-window forecast
2025-05-31 01:00:00,2,16,18,Bronx,Bedford Park,Boro Zone,0.769,0.0,1.0,0.769,-0.231,-23.1,118,0.0036,105,Latest chronological test-window forecast
2025-05-31 01:00:00,2,17,19,Queens,Bellerose,Boro Zone,0.0,0.0,0.0,0.0,0.0,,153,0.0,153,Latest chronological test-window forecast
2025-05-31 01:00:00,2,18,20,Bronx,Belmont,Boro Zone,0.0,1.0,0.0,1.0,0.0,,154,0.0,154,Latest chronological test-window forecast
2025-05-31 01:00:00,2,19,21,Brooklyn,Bensonhurst East,Boro Zone,0.0,1.0,0.0,1.0,0.0,,155,0.0,155,Latest chronological test-window forecast
2025-05-31 01:00:00,2,20,22,Brooklyn,Bensonhurst West,Boro Zone,0.0,0.0,0.0,0.0,0.0,,156,0.0,156,Latest chronological test-window forecast
2025-05-31 01:00:00,2,21,23,Staten Island,Bloomfield/Emerson Hill,Boro Zone,0.0,0.0,0.0,0.0,0.0,,157,0.0,157,Latest chronological test-window forecast
2025-05-31 01:00:00,2,22,24,Manhattan,Bloomingdale,Yellow Zone,2.53,5.0,3.0,2.47,-0.47,-15.67,89,0.0118,79,Latest chronological test-window forecast
2025-05-31 01:00:00,2,23,25,Brooklyn,Boerum Hill,Boro Zone,6.948,7.0,8.0,0.052,-1.052,-13.15,55,0.0324,54,Latest chronological test-window forecast
2025-05-31 01:00:00,2,24,26,Brooklyn,Borough Park,Boro Zone,0.0,0.0,0.0,0.0,0.0,,158,0.0,158,Latest chronological test-window forecast
2025-05-31 01:00:00,2,25,27,Queens,Breezy Point/Fort Tilden/Riis Beach,Boro Zone,0.0,0.0,0.0,0.0,0.0,,159,0.0,159,Latest chronological test-window forecast
2025-05-31 01:00:00,2,26,28,Queens,Briarwood/Jamaica Hills,Boro Zone,0.77,2.0,1.0,1.23,-0.23,-23.0,109,0.0036,106,Latest chronological test-window forecast
2025-05-31 01:00:00,2,27,29,Brooklyn,Brighton Beach,Boro Zone,0.0,0.0,0.0,0.0,0.0,,160,0.0,160,Latest chronological test-window forecast
2025-05-31 01:00:00,2,28,30,Queens,Broad Channel,Boro Zone,0.0,0.0,0.0,0.0,0.0,,161,0.0,161,Latest chronological test-window forecast
2025-05-31 01:00:00,2,29,31,Bronx,Bronx Park,Boro Zone,0.0,1.0,0.0,1.0,0.0,,162,0.0,162,Latest chronological test-window forecast
2025-05-31 01:00:00,2,30,32,Bronx,Bronxdale,Boro Zone,0.77,1.0,1.0,0.23,-0.23,-23.0,110,0.0036,107,Latest chronological test-window forecast
2025-05-31 01:00:00,2,31,33,Brooklyn,Brooklyn Heights,Boro Zone,2.529,7.0,3.0,4.471,-0.471,-15.7,92,0.0118,80,Latest chronological test-window forecast
2025-05-31 01:00:00,2,32,34,Brooklyn,Brooklyn Navy Yard,Boro Zone,0.0,0.0,0.0,0.0,0.0,,163,0.0,163,Latest chronological test-window forecast
2025-05-31 01:00:00,2,33,35,Brooklyn,Brownsville,Boro Zone,1.654,0.0,2.0,1.654,-0.346,-17.3,97,0.0077,94,Latest chronological test-window forecast
2025-05-31 01:00:00,2,34,36,Brooklyn,Bushwick North,Boro Zone,8.713,16.0,10.0,7.287,-1.287,-12.87,48,0.0406,47,Latest chronological test-window forecast
2025-05-31 01:00:00,2,35,37,Brooklyn,Bushwick South,Boro Zone,6.947,31.0,8.0,24.053,-1.053,-13.16,57,0.0324,55,Latest chronological test-window forecast
2025-05-31 01:00:00,2,36,38,Queens,Cambria Heights,Boro Zone,0.0,0.0,0.0,0.0,0.0,,164,0.0,164,Latest chronological test-window forecast
2025-05-31 01:00:00,2,37,39,Brooklyn,Canarsie,Boro Zone,2.538,2.0,3.0,0.538,-0.462,-15.4,77,0.0118,81,Latest chronological test-window forecast
2025-05-31 01:00:00,2,38,40,Brooklyn,Carroll Gardens,Boro Zone,1.647,0.0,2.0,1.647,-0.353,-17.65,104,0.0077,95,Latest chronological test-window forecast
2025-05-31 01:00:00,2,39,41,Manhattan,Central Harlem,Boro Zone,8.713,18.0,10.0,9.287,-1.287,-12.87,49,0.0406,48,Latest chronological test-window forecast
2025-05-31 01:00:00,2,40,42,Manhattan,Central Harlem North,Boro Zone,12.254,11.0,14.0,1.254,-1.746,-12.47,39,0.0571,39,Latest chronological test-window forecast
2025-05-31 01:00:00,2,41,43,Manhattan,Central Park,Yellow Zone,6.954,8.0,8.0,1.046,-1.046,-13.08,54,0.0324,56,Latest chronological test-window forecast
2025-05-31 01:00:00,2,42,44,Staten Island,Charleston/Tottenville,Boro Zone,0.0,0.0,0.0,0.0,0.0,,165,0.0,165,Latest chronological test-window forecast
2025-05-31 01:00:00,2,43,45,Manhattan,Chinatown,Yellow Zone,6.062,18.0,7.0,11.938,-0.938,-13.4,63,0.0282,63,Latest chronological test-window forecast
2025-05-31 01:00:00,2,44,46,Bronx,City Island,Boro Zone,0.0,0.0,0.0,0.0,0.0,,166,0.0,166,Latest chronological test-window forecast
2025-05-31 01:00:00,2,45,47,Bronx,Claremont/Bathgate,Boro Zone,0.769,3.0,1.0,2.231,-0.231,-23.1,119,0.0036,108,Latest chronological test-window forecast
2025-05-31 01:00:00,2,46,48,Manhattan,Clinton East,Yellow Zone,119.054,233.0,135.0,113.946,-15.946,-11.81,4,0.5545,4,Latest chronological test-window forecast
2025-05-31 01:00:00,2,47,49,Brooklyn,Clinton Hill,Boro Zone,0.0,1.0,0.0,1.0,0.0,,167,0.0,167,Latest chronological test-window forecast
2025-05-31 01:00:00,2,48,50,Manhattan,Clinton West,Yellow Zone,10.487,50.0,12.0,39.513,-1.513,-12.61,42,0.0488,42,Latest chronological test-window forecast
2025-05-31 01:00:00,2,49,51,Bronx,Co-Op City,Boro Zone,0.0,1.0,0.0,1.0,0.0,,168,0.0,168,Latest chronological test-window forecast
2025-05-31 01:00:00,2,50,52,Brooklyn,Cobble Hill,Boro Zone,0.765,0.0,1.0,0.765,-0.235,-23.5,137,0.0036,109,Latest chronological test-window forecast
2025-05-31 01:00:00,2,51,53,Queens,College Point,Boro Zone,0.0,0.0,0.0,0.0,0.0,,169,0.0,169,Latest chronological test-window forecast
2025-05-31 01:00:00,2,52,54,Brooklyn,Columbia Street,Boro Zone,0.0,1.0,0.0,1.0,0.0,,170,0.0,170,Latest chronological test-window forecast
2025-05-31 01:00:00,2,53,55,Brooklyn,Coney Island,Boro Zone,0.0,0.0,0.0,0.0,0.0,,171,0.0,171,Latest chronological test-window forecast
2025-05-31 01:00:00,2,54,56,Queens,Corona,Boro Zone,0.0,0.0,0.0,0.0,0.0,,172,0.0,172,Latest chronological test-window forecast
2025-05-31 01:00:00,2,55,57,Queens,Corona,Boro Zone,0.0,1.0,0.0,1.0,0.0,,173,0.0,173,Latest chronological test-window forecast
2025-05-31 01:00:00,2,56,58,Bronx,Country Club,Boro Zone,0.0,0.0,0.0,0.0,0.0,,174,0.0,174,Latest chronological test-window forecast
2025-05-31 01:00:00,2,57,59,Bronx,Crotona Park,Boro Zone,0.0,0.0,0.0,0.0,0.0,,175,0.0,175,Latest chronological test-window forecast
2025-05-31 01:00:00,2,58,60,Bronx,Crotona Park East,Boro Zone,0.0,0.0,0.0,0.0,0.0,,176,0.0,176,Latest chronological test-window forecast
2025-05-31 01:00:00,2,59,61,Brooklyn,Crown Heights North,Boro Zone,5.183,10.0,6.0,4.817,-0.817,-13.62,67,0.0241,67,Latest chronological test-window forecast
2025-05-31 01:00:00,2,60,62,Brooklyn,Crown Heights South,Boro Zone,2.536,2.0,3.0,0.536,-0.464,-15.47,81,0.0118,82,Latest chronological test-window forecast
2025-05-31 01:00:00,2,61,63,Brooklyn,Cypress Hills,Boro Zone,1.652,2.0,2.0,0.348,-0.348,-17.4,100,0.0077,96,Latest chronological test-window forecast
2025-05-31 01:00:00,2,62,64,Queens,Douglaston,Boro Zone,0.0,0.0,0.0,0.0,0.0,,177,0.0,177,Latest chronological test-window forecast
2025-05-31 01:00:00,2,63,65,Brooklyn,Downtown Brooklyn/MetroTech,Boro Zone,3.412,10.0,4.0,6.588,-0.588,-14.7,74,0.0159,72,Latest chronological test-window forecast
2025-05-31 01:00:00,2,64,66,Brooklyn,DUMBO/Vinegar Hill,Boro Zone,2.532,4.0,3.0,1.468,-0.468,-15.6,87,0.0118,83,Latest chronological test-window forecast
2025-05-31 01:00:00,2,65,67,Brooklyn,Dyker Heights,Boro Zone,0.0,0.0,0.0,0.0,0.0,,178,0.0,178,Latest chronological test-window forecast
2025-05-31 01:00:00,2,66,68,Manhattan,East Chelsea,Yellow Zone,54.651,132.0,62.0,77.349,-7.349,-11.85,16,0.2545,16,Latest chronological test-window forecast
2025-05-31 01:00:00,2,67,69,Bronx,East Concourse/Concourse Village,Boro Zone,0.769,0.0,1.0,0.769,-0.231,-23.1,120,0.0036,110,Latest chronological test-window forecast
2025-05-31 01:00:00,2,68,70,Queens,East Elmhurst,Boro Zone,0.765,0.0,1.0,0.765,-0.235,-23.5,138,0.0036,111,Latest chronological test-window forecast
2025-05-31 01:00:00,2,69,71,Brooklyn,East Flatbush/Farragut,Boro Zone,0.769,0.0,1.0,0.769,-0.231,-23.1,121,0.0036,112,Latest chronological test-window forecast
2025-05-31 01:00:00,2,70,72,Brooklyn,East Flatbush/Remsen Village,Boro Zone,0.769,0.0,1.0,0.769,-0.231,-23.1,122,0.0036,113,Latest chronological test-window forecast
2025-05-31 01:00:00,2,71,73,Queens,East Flushing,Boro Zone,0.0,0.0,0.0,0.0,0.0,,179,0.0,179,Latest chronological test-window forecast
2025-05-31 01:00:00,2,72,74,Manhattan,East Harlem North,Boro Zone,6.947,19.0,8.0,12.053,-1.053,-13.16,58,0.0324,57,Latest chronological test-window forecast
2025-05-31 01:00:00,2,73,75,Manhattan,East Harlem South,Boro Zone,6.943,19.0,8.0,12.057,-1.057,-13.21,60,0.0323,59,Latest chronological test-window forecast
2025-05-31 01:00:00,2,74,76,Brooklyn,East New York,Boro Zone,0.768,0.0,1.0,0.768,-0.232,-23.2,129,0.0036,114,Latest chronological test-window forecast
2025-05-31 01:00:00,2,75,77,Brooklyn,East New York/Pennsylvania Avenue,Boro Zone,0.0,1.0,0.0,1.0,0.0,,180,0.0,180,Latest chronological test-window forecast
2025-05-31 01:00:00,2,76,78,Bronx,East Tremont,Boro Zone,0.0,0.0,0.0,0.0,0.0,,181,0.0,181,Latest chronological test-window forecast
2025-05-31 01:00:00,2,77,79,Manhattan,East Village,Yellow Zone,128.887,785.0,146.0,656.113,-17.113,-11.72,3,0.6003,3,Latest chronological test-window forecast
2025-05-31 01:00:00,2,78,80,Brooklyn,East Williamsburg,Boro Zone,13.12,29.0,15.0,15.88,-1.88,-12.53,38,0.0611,38,Latest chronological test-window forecast
2025-05-31 01:00:00,2,79,81,Bronx,Eastchester,Boro Zone,0.0,0.0,0.0,0.0,0.0,,182,0.0,182,Latest chronological test-window forecast
2025-05-31 01:00:00,2,80,82,Queens,Elmhurst,Boro Zone,2.538,0.0,3.0,2.538,-0.462,-15.4,78,0.0118,84,Latest chronological test-window forecast
2025-05-31 01:00:00,2,81,83,Queens,Elmhurst/Maspeth,Boro Zone,0.767,2.0,1.0,1.233,-0.233,-23.3,131,0.0036,115,Latest chronological test-window forecast
2025-05-31 01:00:00,2,82,84,Staten Island,Eltingville/Annadale/Prince's Bay,Boro Zone,0.0,0.0,0.0,0.0,0.0,,183,0.0,183,Latest chronological test-window forecast
2025-05-31 01:00:00,2,83,85,Brooklyn,Erasmus,Boro Zone,1.652,1.0,2.0,0.652,-0.348,-17.4,101,0.0077,97,Latest chronological test-window forecast
2025-05-31 01:00:00,2,84,86,Queens,Far Rockaway,Boro Zone,0.0,1.0,0.0,1.0,0.0,,184,0.0,184,Latest chronological test-window forecast
2025-05-31 01:00:00,2,85,87,Manhattan,Financial District North,Yellow Zone,14.022,73.0,16.0,58.978,-1.978,-12.36,36,0.0653,36,Latest chronological test-window forecast
2025-05-31 01:00:00,2,86,88,Manhattan,Financial District South,Yellow Zone,10.49,34.0,12.0,23.51,-1.51,-12.58,41,0.0489,41,Latest chronological test-window forecast
2025-05-31 01:00:00,2,87,89,Brooklyn,Flatbush/Ditmas Park,Boro Zone,0.77,0.0,1.0,0.77,-0.23,-23.0,111,0.0036,116,Latest chronological test-window forecast
2025-05-31 01:00:00,2,88,90,Manhattan,Flatiron,Yellow Zone,56.475,184.0,64.0,127.525,-7.525,-11.76,14,0.263,14,Latest chronological test-window forecast
2025-05-31 01:00:00,2,89,91,Brooklyn,Flatlands,Boro Zone,2.54,1.0,3.0,1.54,-0.46,-15.33,76,0.0118,85,Latest chronological test-window forecast
2025-05-31 01:00:00,2,90,92,Queens,Flushing,Boro Zone,0.77,2.0,1.0,1.23,-0.23,-23.0,112,0.0036,117,Latest chronological test-window forecast
2025-05-31 01:00:00,2,91,93,Queens,Flushing Meadows-Corona Park,Boro Zone,0.765,0.0,1.0,0.765,-0.235,-23.5,139,0.0036,118,Latest chronological test-window forecast
2025-05-31 01:00:00,2,92,94,Bronx,Fordham South,Boro Zone,0.0,2.0,0.0,2.0,0.0,,185,0.0,185,Latest chronological test-window forecast
2025-05-31 01:00:00,2,93,95,Queens,Forest Hills,Boro Zone,3.424,3.0,4.0,0.424,-0.576,-14.4,72,0.0159,73,Latest chronological test-window forecast
2025-05-31 01:00:00,2,94,96,Queens,Forest Park/Highland Park,Boro Zone,0.0,1.0,0.0,1.0,0.0,,186,0.0,186,Latest chronological test-window forecast
2025-05-31 01:00:00,2,95,97,Brooklyn,Fort Greene,Boro Zone,2.53,4.0,3.0,1.47,-0.47,-15.67,90,0.0118,86,Latest chronological test-window forecast
2025-05-31 01:00:00,2,96,98,Queens,Fresh Meadows,Boro Zone,0.0,0.0,0.0,0.0,0.0,,187,0.0,187,Latest chronological test-window forecast
2025-05-31 01:00:00,2,97,100,Manhattan,Garment District,Yellow Zone,78.556,72.0,89.0,6.556,-10.444,-11.73,10,0.3659,10,Latest chronological test-window forecast
2025-05-31 01:00:00,2,98,101,Queens,Glen Oaks,Boro Zone,0.0,0.0,0.0,0.0,0.0,,188,0.0,188,Latest chronological test-window forecast
2025-05-31 01:00:00,2,99,102,Queens,Glendale,Boro Zone,0.769,0.0,1.0,0.769,-0.231,-23.1,123,0.0036,119,Latest chronological test-window forecast
2025-05-31 01:00:00,2,100,106,Brooklyn,Gowanus,Boro Zone,0.0,1.0,0.0,1.0,0.0,,189,0.0,189,Latest chronological test-window forecast
2025-05-31 01:00:00,2,101,107,Manhattan,Gramercy,Yellow Zone,55.551,209.0,63.0,153.449,-7.449,-11.82,15,0.2587,15,Latest chronological test-window forecast
2025-05-31 01:00:00,2,102,108,Brooklyn,Gravesend,Boro Zone,0.0,1.0,0.0,1.0,0.0,,190,0.0,190,Latest chronological test-window forecast
2025-05-31 01:00:00,2,103,109,Staten Island,Great Kills,Boro Zone,0.0,0.0,0.0,0.0,0.0,,191,0.0,191,Latest chronological test-window forecast
2025-05-31 01:00:00,2,104,111,Brooklyn,Green-Wood Cemetery,Boro Zone,0.0,0.0,0.0,0.0,0.0,,192,0.0,192,Latest chronological test-window forecast
2025-05-31 01:00:00,2,105,112,Brooklyn,Greenpoint,Boro Zone,5.176,36.0,6.0,30.824,-0.824,-13.73,69,0.0241,68,Latest chronological test-window forecast
2025-05-31 01:00:00,2,106,113,Manhattan,Greenwich Village North,Yellow Zone,48.479,138.0,55.0,89.521,-6.521,-11.86,17,0.2258,17,Latest chronological test-window forecast
2025-05-31 01:00:00,2,107,114,Manhattan,Greenwich Village South,Yellow Zone,118.403,361.0,134.0,242.597,-15.597,-11.64,5,0.5515,5,Latest chronological test-window forecast
2025-05-31 01:00:00,2,108,115,Staten Island,Grymes Hill/Clifton,Boro Zone,0.0,0.0,0.0,0.0,0.0,,193,0.0,193,Latest chronological test-window forecast
2025-05-31 01:00:00,2,109,116,Manhattan,Hamilton Heights,Boro Zone,6.944,14.0,8.0,7.056,-1.056,-13.2,59,0.0323,60,Latest chronological test-window forecast
2025-05-31 01:00:00,2,110,117,Queens,Hammels/Arverne,Boro Zone,0.0,0.0,0.0,0.0,0.0,,194,0.0,194,Latest chronological test-window forecast
2025-05-31 01:00:00,2,111,118,Staten Island,Heartland Village/Todt Hill,Boro Zone,0.0,0.0,0.0,0.0,0.0,,195,0.0,195,Latest chronological test-window forecast
2025-05-31 01:00:00,2,112,119,Bronx,Highbridge,Boro Zone,0.0,0.0,0.0,0.0,0.0,,196,0.0,196,Latest chronological test-window forecast
2025-05-31 01:00:00,2,113,120,Manhattan,Highbridge Park,Boro Zone,0.0,0.0,0.0,0.0,0.0,,197,0.0,197,Latest chronological test-window forecast
2025-05-31 01:00:00,2,114,121,Queens,Hillcrest/Pomonok,Boro Zone,0.0,0.0,0.0,0.0,0.0,,198,0.0,198,Latest chronological test-window forecast
2025-05-31 01:00:00,2,115,122,Queens,Hollis,Boro Zone,0.0,0.0,0.0,0.0,0.0,,199,0.0,199,Latest chronological test-window forecast
2025-05-31 01:00:00,2,116,123,Brooklyn,Homecrest,Boro Zone,0.775,0.0,1.0,0.775,-0.225,-22.5,105,0.0036,120,Latest chronological test-window forecast
2025-05-31 01:00:00,2,117,124,Queens,Howard Beach,Boro Zone,0.0,1.0,0.0,1.0,0.0,,200,0.0,200,Latest chronological test-window forecast
2025-05-31 01:00:00,2,118,125,Manhattan,Hudson Sq,Yellow Zone,14.04,48.0,16.0,33.96,-1.96,-12.25,35,0.0654,35,Latest chronological test-window forecast
2025-05-31 01:00:00,2,119,126,Bronx,Hunts Point,Boro Zone,0.769,0.0,1.0,0.769,-0.231,-23.1,124,0.0036,121,Latest chronological test-window forecast
2025-05-31 01:00:00,2,120,127,Manhattan,Inwood,Boro Zone,0.766,0.0,1.0,0.766,-0.234,-23.4,134,0.0036,122,Latest chronological test-window forecast
2025-05-31 01:00:00,2,121,128,Manhattan,Inwood Hill Park,Boro Zone,0.0,0.0,0.0,0.0,0.0,,201,0.0,201,Latest chronological test-window forecast
2025-05-31 01:00:00,2,122,129,Queens,Jackson Heights,Boro Zone,2.535,3.0,3.0,0.465,-0.465,-15.5,83,0.0118,87,Latest chronological test-window forecast
2025-05-31 01:00:00,2,123,130,Queens,Jamaica,Boro Zone,9.619,14.0,11.0,4.381,-1.381,-12.55,45,0.0448,45,Latest chronological test-window forecast
2025-05-31 01:00:00,2,124,131,Queens,Jamaica Estates,Boro Zone,0.0,1.0,0.0,1.0,0.0,,202,0.0,202,Latest chronological test-window forecast
2025-05-31 01:00:00,2,125,132,Queens,JFK Airport,Airports,111.07,145.0,126.0,33.93,-14.93,-11.85,6,0.5173,6,Latest chronological test-window forecast
2025-05-31 01:00:00,2,126,133,Brooklyn,Kensington,Boro Zone,0.0,1.0,0.0,1.0,0.0,,203,0.0,203,Latest chronological test-window forecast
2025-05-31 01:00:00,2,127,134,Queens,Kew Gardens,Boro Zone,1.654,0.0,2.0,1.654,-0.346,-17.3,98,0.0077,98,Latest chronological test-window forecast
2025-05-31 01:00:00,2,128,135,Queens,Kew Gardens Hills,Boro Zone,0.0,0.0,0.0,0.0,0.0,,204,0.0,204,Latest chronological test-window forecast
2025-05-31 01:00:00,2,129,136,Bronx,Kingsbridge Heights,Boro Zone,0.769,0.0,1.0,0.769,-0.231,-23.1,125,0.0036,123,Latest chronological test-window forecast
2025-05-31 01:00:00,2,130,137,Manhattan,Kips Bay,Yellow Zone,20.183,84.0,23.0,63.817,-2.817,-12.25,31,0.094,31,Latest chronological test-window forecast
2025-05-31 01:00:00,2,131,138,Queens,LaGuardia Airport,Airports,0.0,22.0,0.0,22.0,0.0,,205,0.0,205,Latest chronological test-window forecast
2025-05-31 01:00:00,2,132,139,Queens,Laurelton,Boro Zone,0.769,0.0,1.0,0.769,-0.231,-23.1,126,0.0036,124,Latest chronological test-window forecast
2025-05-31 01:00:00,2,133,140,Manhattan,Lenox Hill East,Yellow Zone,6.059,18.0,7.0,11.941,-0.941,-13.44,64,0.0282,64,Latest chronological test-window forecast
2025-05-31 01:00:00,2,134,141,Manhattan,Lenox Hill West,Yellow Zone,20.196,64.0,23.0,43.804,-2.804,-12.19,30,0.0941,29,Latest chronological test-window forecast
2025-05-31 01:00:00,2,135,142,Manhattan,Lincoln Square East,Yellow Zone,35.202,69.0,40.0,33.798,-4.798,-12.0,21,0.164,21,Latest chronological test-window forecast
2025-05-31 01:00:00,2,136,143,Manhattan,Lincoln Square West,Yellow Zone,5.183,13.0,6.0,7.817,-0.817,-13.62,68,0.0241,69,Latest chronological test-window forecast
2025-05-31 01:00:00,2,137,144,Manhattan,Little Italy/NoLiTa,Yellow Zone,82.112,199.0,93.0,116.888,-10.888,-11.71,9,0.3824,9,Latest chronological test-window forecast
2025-05-31 01:00:00,2,138,145,Queens,Long Island City/Hunters Point,Boro Zone,7.826,17.0,9.0,9.174,-1.174,-13.04,53,0.0364,53,Latest chronological test-window forecast
2025-05-31 01:00:00,2,139,146,Queens,Long Island City/Queens Plaza,Boro Zone,2.53,4.0,3.0,1.47,-0.47,-15.67,91,0.0118,88,Latest chronological test-window forecast
2025-05-31 01:00:00,2,140,147,Bronx,Longwood,Boro Zone,0.0,0.0,0.0,0.0,0.0,,206,0.0,206,Latest chronological test-window forecast
2025-05-31 01:00:00,2,141,148,Manhattan,Lower East Side,Yellow Zone,82.947,441.0,94.0,358.053,-11.053,-11.76,8,0.3863,8,Latest chronological test-window forecast
2025-05-31 01:00:00,2,142,149,Brooklyn,Madison,Boro Zone,0.0,1.0,0.0,1.0,0.0,,207,0.0,207,Latest chronological test-window forecast
2025-05-31 01:00:00,2,143,150,Brooklyn,Manhattan Beach,Boro Zone,0.0,0.0,0.0,0.0,0.0,,208,0.0,208,Latest chronological test-window forecast
2025-05-31 01:00:00,2,144,151,Manhattan,Manhattan Valley,Yellow Zone,11.357,11.0,13.0,0.357,-1.643,-12.64,40,0.0529,40,Latest chronological test-window forecast
2025-05-31 01:00:00,2,145,152,Manhattan,Manhattanville,Boro Zone,3.412,7.0,4.0,3.588,-0.588,-14.7,75,0.0159,74,Latest chronological test-window forecast
2025-05-31 01:00:00,2,146,153,Manhattan,Marble Hill,Boro Zone,0.0,0.0,0.0,0.0,0.0,,209,0.0,209,Latest chronological test-window forecast
2025-05-31 01:00:00,2,147,154,Brooklyn,Marine Park/Floyd Bennett Field,Boro Zone,0.0,0.0,0.0,0.0,0.0,,210,0.0,210,Latest chronological test-window forecast
2025-05-31 01:00:00,2,148,155,Brooklyn,Marine Park/Mill Basin,Boro Zone,0.771,3.0,1.0,2.229,-0.229,-22.9,106,0.0036,125,Latest chronological test-window forecast
2025-05-31 01:00:00,2,149,156,Staten Island,Mariners Harbor,Boro Zone,0.0,0.0,0.0,0.0,0.0,,211,0.0,211,Latest chronological test-window forecast
2025-05-31 01:00:00,2,150,157,Queens,Maspeth,Boro Zone,0.766,7.0,1.0,6.234,-0.234,-23.4,135,0.0036,126,Latest chronological test-window forecast
2025-05-31 01:00:00,2,151,158,Manhattan,Meatpacking/West Village West,Yellow Zone,67.1,241.0,76.0,173.9,-8.9,-11.71,13,0.3125,13,Latest chronological test-window forecast
2025-05-31 01:00:00,2,152,159,Bronx,Melrose South,Boro Zone,0.769,3.0,1.0,2.231,-0.231,-23.1,127,0.0036,127,Latest chronological test-window forecast
2025-05-31 01:00:00,2,153,160,Queens,Middle Village,Boro Zone,0.0,0.0,0.0,0.0,0.0,,212,0.0,212,Latest chronological test-window forecast
2025-05-31 01:00:00,2,154,161,Manhattan,Midtown Center,Yellow Zone,43.187,51.0,49.0,7.813,-5.813,-11.86,19,0.2011,19,Latest chronological test-window forecast
2025-05-31 01:00:00,2,155,162,Manhattan,Midtown East,Yellow Zone,19.326,48.0,22.0,28.674,-2.674,-12.15,32,0.09,32,Latest chronological test-window forecast
2025-05-31 01:00:00,2,156,163,Manhattan,Midtown North,Yellow Zone,20.21,56.0,23.0,35.79,-2.79,-12.13,29,0.0941,30,Latest chronological test-window forecast
2025-05-31 01:00:00,2,157,164,Manhattan,Midtown South,Yellow Zone,90.892,177.0,103.0,86.108,-12.108,-11.76,7,0.4233,7,Latest chronological test-window forecast
2025-05-31 01:00:00,2,158,165,Brooklyn,Midwood,Boro Zone,0.0,0.0,0.0,0.0,0.0,,213,0.0,213,Latest chronological test-window forecast
2025-05-31 01:00:00,2,159,166,Manhattan,Morningside Heights,Boro Zone,10.471,9.0,12.0,1.471,-1.529,-12.74,44,0.0488,43,Latest chronological test-window forecast
2025-05-31 01:00:00,2,160,167,Bronx,Morrisania/Melrose,Boro Zone,0.0,0.0,0.0,0.0,0.0,,214,0.0,214,Latest chronological test-window forecast
2025-05-31 01:00:00,2,161,168,Bronx,Mott Haven/Port Morris,Boro Zone,2.538,1.0,3.0,1.538,-0.462,-15.4,79,0.0118,89,Latest chronological test-window forecast
2025-05-31 01:00:00,2,162,169,Bronx,Mount Hope,Boro Zone,0.0,5.0,0.0,5.0,0.0,,215,0.0,215,Latest chronological test-window forecast
2025-05-31 01:00:00,2,163,170,Manhattan,Murray Hill,Yellow Zone,46.719,88.0,53.0,41.281,-6.281,-11.85,18,0.2176,18,Latest chronological test-window forecast
2025-05-31 01:00:00,2,164,171,Queens,Murray Hill-Queens,Boro Zone,0.0,0.0,0.0,0.0,0.0,,216,0.0,216,Latest chronological test-window forecast
2025-05-31 01:00:00,2,165,172,Staten Island,New Dorp/Midland Beach,Boro Zone,0.0,0.0,0.0,0.0,0.0,,217,0.0,217,Latest chronological test-window forecast
2025-05-31 01:00:00,2,166,173,Queens,North Corona,Boro Zone,0.0,2.0,0.0,2.0,0.0,,218,0.0,218,Latest chronological test-window forecast
2025-05-31 01:00:00,2,167,174,Bronx,Norwood,Boro Zone,0.77,0.0,1.0,0.77,-0.23,-23.0,113,0.0036,128,Latest chronological test-window forecast
2025-05-31 01:00:00,2,168,175,Queens,Oakland Gardens,Boro Zone,0.0,0.0,0.0,0.0,0.0,,219,0.0,219,Latest chronological test-window forecast
2025-05-31 01:00:00,2,169,176,Staten Island,Oakwood,Boro Zone,0.0,0.0,0.0,0.0,0.0,,220,0.0,220,Latest chronological test-window forecast
2025-05-31 01:00:00,2,170,177,Brooklyn,Ocean Hill,Boro Zone,0.767,5.0,1.0,4.233,-0.233,-23.3,132,0.0036,129,Latest chronological test-window forecast
2025-05-31 01:00:00,2,171,178,Brooklyn,Ocean Parkway South,Boro Zone,0.0,0.0,0.0,0.0,0.0,,221,0.0,221,Latest chronological test-window forecast
2025-05-31 01:00:00,2,172,179,Queens,Old Astoria,Boro Zone,1.648,2.0,2.0,0.352,-0.352,-17.6,103,0.0077,99,Latest chronological test-window forecast
2025-05-31 01:00:00,2,173,180,Queens,Ozone Park,Boro Zone,0.77,1.0,1.0,0.23,-0.23,-23.0,114,0.0036,130,Latest chronological test-window forecast
2025-05-31 01:00:00,2,174,181,Brooklyn,Park Slope,Boro Zone,4.298,10.0,5.0,5.702,-0.702,-14.04,70,0.02,70,Latest chronological test-window forecast
2025-05-31 01:00:00,2,175,182,Bronx,Parkchester,Boro Zone,0.767,0.0,1.0,0.767,-0.233,-23.3,133,0.0036,131,Latest chronological test-window forecast
2025-05-31 01:00:00,2,176,183,Bronx,Pelham Bay,Boro Zone,0.0,1.0,0.0,1.0,0.0,,222,0.0,222,Latest chronological test-window forecast
2025-05-31 01:00:00,2,177,184,Bronx,Pelham Bay Park,Boro Zone,0.0,0.0,0.0,0.0,0.0,,223,0.0,223,Latest chronological test-window forecast
2025-05-31 01:00:00,2,178,185,Bronx,Pelham Parkway,Boro Zone,0.769,0.0,1.0,0.769,-0.231,-23.1,128,0.0036,132,Latest chronological test-window forecast
2025-05-31 01:00:00,2,179,186,Manhattan,Penn Station/Madison Sq West,Yellow Zone,136.111,101.0,154.0,35.111,-17.889,-11.62,2,0.6339,2,Latest chronological test-window forecast
2025-05-31 01:00:00,2,180,187,Staten Island,Port Richmond,Boro Zone,0.0,0.0,0.0,0.0,0.0,,224,0.0,224,Latest chronological test-window forecast
2025-05-31 01:00:00,2,181,188,Brooklyn,Prospect-Lefferts Gardens,Boro Zone,5.187,5.0,6.0,0.187,-0.813,-13.55,66,0.0242,65,Latest chronological test-window forecast
2025-05-31 01:00:00,2,182,189,Brooklyn,Prospect Heights,Boro Zone,0.766,2.0,1.0,1.234,-0.234,-23.4,136,0.0036,133,Latest chronological test-window forecast
2025-05-31 01:00:00,2,183,190,Brooklyn,Prospect Park,Boro Zone,0.0,1.0,0.0,1.0,0.0,,225,0.0,225,Latest chronological test-window forecast
2025-05-31 01:00:00,2,184,191,Queens,Queens Village,Boro Zone,0.0,0.0,0.0,0.0,0.0,,226,0.0,226,Latest chronological test-window forecast
2025-05-31 01:00:00,2,185,192,Queens,Queensboro Hill,Boro Zone,0.771,0.0,1.0,0.771,-0.229,-22.9,107,0.0036,134,Latest chronological test-window forecast
2025-05-31 01:00:00,2,186,193,Queens,Queensbridge/Ravenswood,Boro Zone,0.0,1.0,0.0,1.0,0.0,,227,0.0,227,Latest chronological test-window forecast
2025-05-31 01:00:00,2,187,194,Manhattan,Randalls Island,Yellow Zone,0.0,0.0,0.0,0.0,0.0,,228,0.0,228,Latest chronological test-window forecast
2025-05-31 01:00:00,2,188,195,Brooklyn,Red Hook,Boro Zone,0.765,0.0,1.0,0.765,-0.235,-23.5,140,0.0036,135,Latest chronological test-window forecast
2025-05-31 01:00:00,2,189,196,Queens,Rego Park,Boro Zone,0.0,2.0,0.0,2.0,0.0,,229,0.0,229,Latest chronological test-window forecast
2025-05-31 01:00:00,2,190,197,Queens,Richmond Hill,Boro Zone,3.425,4.0,4.0,0.575,-0.575,-14.38,71,0.016,71,Latest chronological test-window forecast
2025-05-31 01:00:00,2,191,198,Queens,Ridgewood,Boro Zone,1.65,5.0,2.0,3.35,-0.35,-17.5,102,0.0077,100,Latest chronological test-window forecast
2025-05-31 01:00:00,2,192,200,Bronx,Riverdale/North Riverdale/Fieldston,Boro Zone,0.0,0.0,0.0,0.0,0.0,,230,0.0,230,Latest chronological test-window forecast
2025-05-31 01:00:00,2,193,201,Queens,Rockaway Park,Boro Zone,0.0,0.0,0.0,0.0,0.0,,231,0.0,231,Latest chronological test-window forecast
2025-05-31 01:00:00,2,194,202,Manhattan,Roosevelt Island,Boro Zone,0.765,1.0,1.0,0.235,-0.235,-23.5,141,0.0036,136,Latest chronological test-window forecast
2025-05-31 01:00:00,2,195,203,Queens,Rosedale,Boro Zone,0.0,0.0,0.0,0.0,0.0,,232,0.0,232,Latest chronological test-window forecast
2025-05-31 01:00:00,2,196,204,Staten Island,Rossville/Woodrow,Boro Zone,0.0,0.0,0.0,0.0,0.0,,233,0.0,233,Latest chronological test-window forecast
2025-05-31 01:00:00,2,197,205,Queens,Saint Albans,Boro Zone,0.0,1.0,0.0,1.0,0.0,,234,0.0,234,Latest chronological test-window forecast
2025-05-31 01:00:00,2,198,206,Staten Island,Saint George/New Brighton,Boro Zone,0.0,0.0,0.0,0.0,0.0,,235,0.0,235,Latest chronological test-window forecast
2025-05-31 01:00:00,2,199,207,Queens,Saint Michaels Cemetery/Woodside,Boro Zone,0.0,0.0,0.0,0.0,0.0,,236,0.0,236,Latest chronological test-window forecast
2025-05-31 01:00:00,2,200,208,Bronx,Schuylerville/Edgewater Park,Boro Zone,0.77,0.0,1.0,0.77,-0.23,-23.0,115,0.0036,137,Latest chronological test-window forecast
2025-05-31 01:00:00,2,201,209,Manhattan,Seaport,Yellow Zone,6.068,27.0,7.0,20.932,-0.932,-13.31,61,0.0283,62,Latest chronological test-window forecast
2025-05-31 01:00:00,2,202,210,Brooklyn,Sheepshead Bay,Boro Zone,0.0,1.0,0.0,1.0,0.0,,237,0.0,237,Latest chronological test-window forecast
2025-05-31 01:00:00,2,203,211,Manhattan,SoHo,Yellow Zone,42.328,132.0,48.0,89.672,-5.672,-11.82,20,0.1971,20,Latest chronological test-window forecast
2025-05-31 01:00:00,2,204,212,Bronx,Soundview/Bruckner,Boro Zone,1.655,0.0,2.0,1.655,-0.345,-17.25,94,0.0077,101,Latest chronological test-window forecast
2025-05-31 01:00:00,2,205,213,Bronx,Soundview/Castle Hill,Boro Zone,0.77,0.0,1.0,0.77,-0.23,-23.0,116,0.0036,138,Latest chronological test-window forecast
2025-05-31 01:00:00,2,206,214,Staten Island,South Beach/Dongan Hills,Boro Zone,0.0,0.0,0.0,0.0,0.0,,238,0.0,238,Latest chronological test-window forecast
2025-05-31 01:00:00,2,207,215,Queens,South Jamaica,Boro Zone,0.0,0.0,0.0,0.0,0.0,,239,0.0,239,Latest chronological test-window forecast
2025-05-31 01:00:00,2,208,216,Queens,South Ozone Park,Boro Zone,1.655,6.0,2.0,4.345,-0.345,-17.25,95,0.0077,102,Latest chronological test-window forecast
2025-05-31 01:00:00,2,209,217,Brooklyn,South Williamsburg,Boro Zone,0.0,0.0,0.0,0.0,0.0,,240,0.0,240,Latest chronological test-window forecast
2025-05-31 01:00:00,2,210,218,Queens,Springfield Gardens North,Boro Zone,0.0,1.0,0.0,1.0,0.0,,241,0.0,241,Latest chronological test-window forecast
2025-05-31 01:00:00,2,211,219,Queens,Springfield Gardens South,Boro Zone,0.0,0.0,0.0,0.0,0.0,,242,0.0,242,Latest chronological test-window forecast
2025-05-31 01:00:00,2,212,220,Bronx,Spuyten Duyvil/Kingsbridge,Boro Zone,0.0,1.0,0.0,1.0,0.0,,243,0.0,243,Latest chronological test-window forecast
2025-05-31 01:00:00,2,213,221,Staten Island,Stapleton,Boro Zone,0.0,0.0,0.0,0.0,0.0,,244,0.0,244,Latest chronological test-window forecast
2025-05-31 01:00:00,2,214,222,Brooklyn,Starrett City,Boro Zone,0.0,0.0,0.0,0.0,0.0,,245,0.0,245,Latest chronological test-window forecast
2025-05-31 01:00:00,2,215,223,Queens,Steinway,Boro Zone,0.765,3.0,1.0,2.235,-0.235,-23.5,142,0.0036,139,Latest chronological test-window forecast
2025-05-31 01:00:00,2,216,224,Manhattan,Stuy Town/Peter Cooper Village,Yellow Zone,5.189,21.0,6.0,15.811,-0.811,-13.52,65,0.0242,66,Latest chronological test-window forecast
2025-05-31 01:00:00,2,217,225,Brooklyn,Stuyvesant Heights,Boro Zone,6.948,4.0,8.0,2.948,-1.052,-13.15,56,0.0324,58,Latest chronological test-window forecast
2025-05-31 01:00:00,2,218,226,Queens,Sunnyside,Boro Zone,7.832,7.0,9.0,0.832,-1.168,-12.98,51,0.0365,50,Latest chronological test-window forecast
2025-05-31 01:00:00,2,219,227,Brooklyn,Sunset Park East,Boro Zone,0.0,0.0,0.0,0.0,0.0,,246,0.0,246,Latest chronological test-window forecast
2025-05-31 01:00:00,2,220,228,Brooklyn,Sunset Park West,Boro Zone,0.77,2.0,1.0,1.23,-0.23,-23.0,117,0.0036,140,Latest chronological test-window forecast
2025-05-31 01:00:00,2,221,229,Manhattan,Sutton Place/Turtle Bay North,Yellow Zone,21.096,54.0,24.0,32.904,-2.904,-12.1,28,0.0983,28,Latest chronological test-window forecast
2025-05-31 01:00:00,2,222,230,Manhattan,Times Sq/Theatre District,Yellow Zone,71.442,151.0,81.0,79.558,-9.558,-11.8,12,0.3327,12,Latest chronological test-window forecast
2025-05-31 01:00:00,2,223,231,Manhattan,TriBeCa/Civic Center,Yellow Zone,34.324,125.0,39.0,90.676,-4.676,-11.99,22,0.1599,22,Latest chronological test-window forecast
2025-05-31 01:00:00,2,224,232,Manhattan,Two Bridges/Seward Park,Yellow Zone,7.836,29.0,9.0,21.164,-1.164,-12.93,50,0.0365,51,Latest chronological test-window forecast
2025-05-31 01:00:00,2,225,233,Manhattan,UN/Turtle Bay South,Yellow Zone,10.486,24.0,12.0,13.514,-1.514,-12.62,43,0.0488,44,Latest chronological test-window forecast
2025-05-31 01:00:00,2,226,234,Manhattan,Union Sq,Yellow Zone,73.291,235.0,83.0,161.709,-9.709,-11.7,11,0.3413,11,Latest chronological test-window forecast
2025-05-31 01:00:00,2,227,235,Bronx,University Heights/Morris Heights,Boro Zone,2.538,0.0,3.0,2.538,-0.462,-15.4,80,0.0118,90,Latest chronological test-window forecast
2025-05-31 01:00:00,2,228,236,Manhattan,Upper East Side North,Yellow Zone,7.83,34.0,9.0,26.17,-1.17,-13.0,52,0.0365,52,Latest chronological test-window forecast
2025-05-31 01:00:00,2,229,237,Manhattan,Upper East Side South,Yellow Zone,29.027,65.0,33.0,35.973,-3.973,-12.04,25,0.1352,25,Latest chronological test-window forecast
2025-05-31 01:00:00,2,230,238,Manhattan,Upper West Side North,Yellow Zone,26.362,18.0,30.0,8.362,-3.638,-12.13,26,0.1228,26,Latest chronological test-window forecast
2025-05-31 01:00:00,2,231,239,Manhattan,Upper West Side South,Yellow Zone,33.429,63.0,38.0,29.571,-4.571,-12.03,23,0.1557,23,Latest chronological test-window forecast
2025-05-31 01:00:00,2,232,240,Bronx,Van Cortlandt Park,Boro Zone,0.0,0.0,0.0,0.0,0.0,,247,0.0,247,Latest chronological test-window forecast
2025-05-31 01:00:00,2,233,241,Bronx,Van Cortlandt Village,Boro Zone,0.768,1.0,1.0,0.232,-0.232,-23.2,130,0.0036,141,Latest chronological test-window forecast
2025-05-31 01:00:00,2,234,242,Bronx,Van Nest/Morris Park,Boro Zone,0.0,0.0,0.0,0.0,0.0,,248,0.0,248,Latest chronological test-window forecast
2025-05-31 01:00:00,2,235,243,Manhattan,Washington Heights North,Boro Zone,2.533,11.0,3.0,8.467,-0.467,-15.57,85,0.0118,91,Latest chronological test-window forecast
2025-05-31 01:00:00,2,236,244,Manhattan,Washington Heights South,Boro Zone,8.717,9.0,10.0,0.283,-1.283,-12.83,47,0.0406,49,Latest chronological test-window forecast
2025-05-31 01:00:00,2,237,245,Staten Island,West Brighton,Boro Zone,0.0,0.0,0.0,0.0,0.0,,249,0.0,249,Latest chronological test-window forecast
2025-05-31 01:00:00,2,238,246,Manhattan,West Chelsea/Hudson Yards,Yellow Zone,29.077,81.0,33.0,51.923,-3.923,-11.89,24,0.1354,24,Latest chronological test-window forecast
2025-05-31 01:00:00,2,239,247,Bronx,West Concourse,Boro Zone,1.653,1.0,2.0,0.653,-0.347,-17.35,99,0.0077,103,Latest chronological test-window forecast
2025-05-31 01:00:00,2,240,248,Bronx,West Farms/Bronx River,Boro Zone,0.0,0.0,0.0,0.0,0.0,,250,0.0,250,Latest chronological test-window forecast
2025-05-31 01:00:00,2,241,249,Manhattan,West Village,Yellow Zone,150.297,465.0,170.0,314.703,-19.703,-11.59,1,0.7,1,Latest chronological test-window forecast
2025-05-31 01:00:00,2,242,250,Bronx,Westchester Village/Unionport,Boro Zone,0.771,0.0,1.0,0.771,-0.229,-22.9,108,0.0036,142,Latest chronological test-window forecast
2025-05-31 01:00:00,2,243,251,Staten Island,Westerleigh,Boro Zone,0.0,0.0,0.0,0.0,0.0,,251,0.0,251,Latest chronological test-window forecast
2025-05-31 01:00:00,2,244,252,Queens,Whitestone,Boro Zone,0.0,0.0,0.0,0.0,0.0,,252,0.0,252,Latest chronological test-window forecast
2025-05-31 01:00:00,2,245,253,Queens,Willets Point,Boro Zone,0.0,0.0,0.0,0.0,0.0,,253,0.0,253,Latest chronological test-window forecast
2025-05-31 01:00:00,2,246,254,Bronx,Williamsbridge/Olinville,Boro Zone,1.655,0.0,2.0,1.655,-0.345,-17.25,96,0.0077,104,Latest chronological test-window forecast
2025-05-31 01:00:00,2,247,255,Brooklyn,Williamsburg (North Side),Boro Zone,19.293,91.0,22.0,71.707,-2.707,-12.3,33,0.0899,33,Latest chronological test-window forecast
2025-05-31 01:00:00,2,248,256,Brooklyn,Williamsburg (South Side),Boro Zone,13.999,29.0,16.0,15.001,-2.001,-12.51,37,0.0652,37,Latest chronological test-window forecast
2025-05-31 01:00:00,2,249,257,Brooklyn,Windsor Terrace,Boro Zone,0.0,3.0,0.0,3.0,0.0,,254,0.0,254,Latest chronological test-window forecast
2025-05-31 01:00:00,2,250,258,Queens,Woodhaven,Boro Zone,0.0,1.0,0.0,1.0,0.0,,255,0.0,255,Latest chronological test-window forecast
2025-05-31 01:00:00,2,251,259,Bronx,Woodlawn/Wakefield,Boro Zone,0.0,1.0,0.0,1.0,0.0,,256,0.0,256,Latest chronological test-window forecast
2025-05-31 01:00:00,2,252,260,Queens,Woodside,Boro Zone,2.532,4.0,3.0,1.468,-0.468,-15.6,88,0.0118,92,Latest chronological test-window forecast
2025-05-31 01:00:00,2,253,261,Manhattan,World Trade Center,Yellow Zone,9.601,21.0,11.0,11.399,-1.399,-12.72,46,0.0447,46,Latest chronological test-window forecast
2025-05-31 01:00:00,2,254,262,Manhattan,Yorkville East,Yellow Zone,3.417,19.0,4.0,15.583,-0.583,-14.58,73,0.0159,75,Latest chronological test-window forecast
2025-05-31 01:00:00,2,255,263,Manhattan,Yorkville West,Yellow Zone,22.832,85.0,26.0,62.168,-3.168,-12.18,27,0.1063,27,Latest chronological test-window forecast
2025-05-31 02:00:00,3,0,1,EWR,Newark Airport,EWR,0.0,0.0,0.0,0.0,0.0,,131,0.0,131,Latest chronological test-window forecast
2025-05-31 02:00:00,3,1,2,Queens,Jamaica Bay,Boro Zone,0.0,0.0,0.0,0.0,0.0,,132,0.0,132,Latest chronological test-window forecast
2025-05-31 02:00:00,3,2,3,Bronx,Allerton/Pelham Gardens,Boro Zone,0.0,0.0,0.0,0.0,0.0,,133,0.0,133,Latest chronological test-window forecast
2025-05-31 02:00:00,3,3,4,Manhattan,Alphabet City,Yellow Zone,11.221,113.0,13.0,101.779,-1.779,-13.68,31,0.0851,31,Latest chronological test-window forecast
2025-05-31 02:00:00,3,4,6,Staten Island,Arrochar/Fort Wadsworth,Boro Zone,0.0,0.0,0.0,0.0,0.0,,134,0.0,134,Latest chronological test-window forecast
2025-05-31 02:00:00,3,5,7,Queens,Astoria,Boro Zone,5.976,20.0,7.0,14.024,-1.024,-14.63,38,0.0453,37,Latest chronological test-window forecast
2025-05-31 02:00:00,3,6,8,Queens,Astoria Park,Boro Zone,0.0,0.0,0.0,0.0,0.0,,135,0.0,135,Latest chronological test-window forecast
2025-05-31 02:00:00,3,7,9,Queens,Auburndale,Boro Zone,0.0,0.0,0.0,0.0,0.0,,136,0.0,136,Latest chronological test-window forecast
2025-05-31 02:00:00,3,8,10,Queens,Baisley Park,Boro Zone,0.0,0.0,0.0,0.0,0.0,,137,0.0,137,Latest chronological test-window forecast
2025-05-31 02:00:00,3,9,11,Brooklyn,Bath Beach,Boro Zone,0.0,0.0,0.0,0.0,0.0,,138,0.0,138,Latest chronological test-window forecast
2025-05-31 02:00:00,3,10,12,Manhattan,Battery Park,Yellow Zone,0.0,0.0,0.0,0.0,0.0,,139,0.0,139,Latest chronological test-window forecast
2025-05-31 02:00:00,3,11,13,Manhattan,Battery Park City,Yellow Zone,1.614,3.0,2.0,1.386,-0.386,-19.3,81,0.0122,78,Latest chronological test-window forecast
2025-05-31 02:00:00,3,12,14,Brooklyn,Bay Ridge,Boro Zone,1.623,5.0,2.0,3.377,-0.377,-18.85,66,0.0123,62,Latest chronological test-window forecast
2025-05-31 02:00:00,3,13,15,Queens,Bay Terrace/Fort Totten,Boro Zone,0.0,0.0,0.0,0.0,0.0,,140,0.0,140,Latest chronological test-window forecast
2025-05-31 02:00:00,3,14,16,Queens,Bayside,Boro Zone,0.0,0.0,0.0,0.0,0.0,,141,0.0,141,Latest chronological test-window forecast
2025-05-31 02:00:00,3,15,17,Brooklyn,Bedford,Boro Zone,1.616,5.0,2.0,3.384,-0.384,-19.2,75,0.0123,63,Latest chronological test-window forecast
2025-05-31 02:00:00,3,16,18,Bronx,Bedford Park,Boro Zone,0.0,0.0,0.0,0.0,0.0,,142,0.0,142,Latest chronological test-window forecast
2025-05-31 02:00:00,3,17,19,Queens,Bellerose,Boro Zone,0.0,0.0,0.0,0.0,0.0,,143,0.0,143,Latest chronological test-window forecast
2025-05-31 02:00:00,3,18,20,Bronx,Belmont,Boro Zone,0.0,0.0,0.0,0.0,0.0,,144,0.0,144,Latest chronological test-window forecast
2025-05-31 02:00:00,3,19,21,Brooklyn,Bensonhurst East,Boro Zone,0.0,0.0,0.0,0.0,0.0,,145,0.0,145,Latest chronological test-window forecast
2025-05-31 02:00:00,3,20,22,Brooklyn,Bensonhurst West,Boro Zone,0.0,0.0,0.0,0.0,0.0,,146,0.0,146,Latest chronological test-window forecast
2025-05-31 02:00:00,3,21,23,Staten Island,Bloomfield/Emerson Hill,Boro Zone,0.0,0.0,0.0,0.0,0.0,,147,0.0,147,Latest chronological test-window forecast
2025-05-31 02:00:00,3,22,24,Manhattan,Bloomingdale,Yellow Zone,0.742,1.0,1.0,0.258,-0.258,-25.8,127,0.0056,112,Latest chronological test-window forecast
2025-05-31 02:00:00,3,23,25,Brooklyn,Boerum Hill,Boro Zone,3.358,16.0,4.0,12.642,-0.642,-16.05,50,0.0255,48,Latest chronological test-window forecast
2025-05-31 02:00:00,3,24,26,Brooklyn,Borough Park,Boro Zone,0.749,0.0,1.0,0.749,-0.251,-25.1,89,0.0057,86,Latest chronological test-window forecast
2025-05-31 02:00:00,3,25,27,Queens,Breezy Point/Fort Tilden/Riis Beach,Boro Zone,0.0,0.0,0.0,0.0,0.0,,148,0.0,148,Latest chronological test-window forecast
2025-05-31 02:00:00,3,26,28,Queens,Briarwood/Jamaica Hills,Boro Zone,0.0,0.0,0.0,0.0,0.0,,149,0.0,149,Latest chronological test-window forecast
2025-05-31 02:00:00,3,27,29,Brooklyn,Brighton Beach,Boro Zone,0.0,0.0,0.0,0.0,0.0,,150,0.0,150,Latest chronological test-window forecast
2025-05-31 02:00:00,3,28,30,Queens,Broad Channel,Boro Zone,0.0,0.0,0.0,0.0,0.0,,151,0.0,151,Latest chronological test-window forecast
2025-05-31 02:00:00,3,29,31,Bronx,Bronx Park,Boro Zone,0.0,0.0,0.0,0.0,0.0,,152,0.0,152,Latest chronological test-window forecast
2025-05-31 02:00:00,3,30,32,Bronx,Bronxdale,Boro Zone,0.0,1.0,0.0,1.0,0.0,,153,0.0,153,Latest chronological test-window forecast
2025-05-31 02:00:00,3,31,33,Brooklyn,Brooklyn Heights,Boro Zone,0.741,5.0,1.0,4.259,-0.259,-25.9,130,0.0056,113,Latest chronological test-window forecast
2025-05-31 02:00:00,3,32,34,Brooklyn,Brooklyn Navy Yard,Boro Zone,0.0,0.0,0.0,0.0,0.0,,154,0.0,154,Latest chronological test-window forecast
2025-05-31 02:00:00,3,33,35,Brooklyn,Brownsville,Boro Zone,0.746,0.0,1.0,0.746,-0.254,-25.4,104,0.0057,87,Latest chronological test-window forecast
2025-05-31 02:00:00,3,34,36,Brooklyn,Bushwick North,Boro Zone,6.843,25.0,8.0,18.157,-1.157,-14.46,36,0.0519,36,Latest chronological test-window forecast
2025-05-31 02:00:00,3,35,37,Brooklyn,Bushwick South,Boro Zone,1.614,32.0,2.0,30.386,-0.386,-19.3,82,0.0122,79,Latest chronological test-window forecast
2025-05-31 02:00:00,3,36,38,Queens,Cambria Heights,Boro Zone,0.744,1.0,1.0,0.256,-0.256,-25.6,116,0.0056,114,Latest chronological test-window forecast
2025-05-31 02:00:00,3,37,39,Brooklyn,Canarsie,Boro Zone,0.746,1.0,1.0,0.254,-0.254,-25.4,105,0.0057,88,Latest chronological test-window forecast
2025-05-31 02:00:00,3,38,40,Brooklyn,Carroll Gardens,Boro Zone,0.0,1.0,0.0,1.0,0.0,,155,0.0,155,Latest chronological test-window forecast
2025-05-31 02:00:00,3,39,41,Manhattan,Central Harlem,Boro Zone,3.357,11.0,4.0,7.643,-0.643,-16.08,51,0.0255,49,Latest chronological test-window forecast
2025-05-31 02:00:00,3,40,42,Manhattan,Central Harlem North,Boro Zone,4.233,14.0,5.0,9.767,-0.767,-15.34,45,0.0321,44,Latest chronological test-window forecast
2025-05-31 02:00:00,3,41,43,Manhattan,Central Park,Yellow Zone,0.745,3.0,1.0,2.255,-0.255,-25.5,112,0.0056,115,Latest chronological test-window forecast
2025-05-31 02:00:00,3,42,44,Staten Island,Charleston/Tottenville,Boro Zone,0.0,0.0,0.0,0.0,0.0,,156,0.0,156,Latest chronological test-window forecast
2025-05-31 02:00:00,3,43,45,Manhattan,Chinatown,Yellow Zone,2.485,16.0,3.0,13.515,-0.515,-17.17,58,0.0188,58,Latest chronological test-window forecast
2025-05-31 02:00:00,3,44,46,Bronx,City Island,Boro Zone,0.0,0.0,0.0,0.0,0.0,,157,0.0,157,Latest chronological test-window forecast
2025-05-31 02:00:00,3,45,47,Bronx,Claremont/Bathgate,Boro Zone,0.746,0.0,1.0,0.746,-0.254,-25.4,106,0.0057,89,Latest chronological test-window forecast
2025-05-31 02:00:00,3,46,48,Manhattan,Clinton East,Yellow Zone,64.344,138.0,74.0,73.656,-9.656,-13.05,4,0.4879,4,Latest chronological test-window forecast
2025-05-31 02:00:00,3,47,49,Brooklyn,Clinton Hill,Boro Zone,0.0,6.0,0.0,6.0,0.0,,158,0.0,158,Latest chronological test-window forecast
2025-05-31 02:00:00,3,48,50,Manhattan,Clinton West,Yellow Zone,4.233,32.0,5.0,27.767,-0.767,-15.34,46,0.0321,45,Latest chronological test-window forecast
2025-05-31 02:00:00,3,49,51,Bronx,Co-Op City,Boro Zone,0.0,0.0,0.0,0.0,0.0,,159,0.0,159,Latest chronological test-window forecast
2025-05-31 02:00:00,3,50,52,Brooklyn,Cobble Hill,Boro Zone,0.0,3.0,0.0,3.0,0.0,,160,0.0,160,Latest chronological test-window forecast
2025-05-31 02:00:00,3,51,53,Queens,College Point,Boro Zone,0.0,0.0,0.0,0.0,0.0,,161,0.0,161,Latest chronological test-window forecast
2025-05-31 02:00:00,3,52,54,Brooklyn,Columbia Street,Boro Zone,0.743,0.0,1.0,0.743,-0.257,-25.7,121,0.0056,116,Latest chronological test-window forecast
2025-05-31 02:00:00,3,53,55,Brooklyn,Coney Island,Boro Zone,0.0,0.0,0.0,0.0,0.0,,162,0.0,162,Latest chronological test-window forecast
2025-05-31 02:00:00,3,54,56,Queens,Corona,Boro Zone,0.0,0.0,0.0,0.0,0.0,,163,0.0,163,Latest chronological test-window forecast
2025-05-31 02:00:00,3,55,57,Queens,Corona,Boro Zone,0.0,0.0,0.0,0.0,0.0,,164,0.0,164,Latest chronological test-window forecast
2025-05-31 02:00:00,3,56,58,Bronx,Country Club,Boro Zone,0.0,0.0,0.0,0.0,0.0,,165,0.0,165,Latest chronological test-window forecast
2025-05-31 02:00:00,3,57,59,Bronx,Crotona Park,Boro Zone,0.0,0.0,0.0,0.0,0.0,,166,0.0,166,Latest chronological test-window forecast
2025-05-31 02:00:00,3,58,60,Bronx,Crotona Park East,Boro Zone,0.0,0.0,0.0,0.0,0.0,,167,0.0,167,Latest chronological test-window forecast
2025-05-31 02:00:00,3,59,61,Brooklyn,Crown Heights North,Boro Zone,1.615,6.0,2.0,4.385,-0.385,-19.25,78,0.0122,80,Latest chronological test-window forecast
2025-05-31 02:00:00,3,60,62,Brooklyn,Crown Heights South,Boro Zone,0.745,0.0,1.0,0.745,-0.255,-25.5,113,0.0056,117,Latest chronological test-window forecast
2025-05-31 02:00:00,3,61,63,Brooklyn,Cypress Hills,Boro Zone,0.745,1.0,1.0,0.255,-0.255,-25.5,114,0.0056,118,Latest chronological test-window forecast
2025-05-31 02:00:00,3,62,64,Queens,Douglaston,Boro Zone,0.0,0.0,0.0,0.0,0.0,,168,0.0,168,Latest chronological test-window forecast
2025-05-31 02:00:00,3,63,65,Brooklyn,Downtown Brooklyn/MetroTech,Boro Zone,1.612,12.0,2.0,10.388,-0.388,-19.4,85,0.0122,81,Latest chronological test-window forecast
2025-05-31 02:00:00,3,64,66,Brooklyn,DUMBO/Vinegar Hill,Boro Zone,0.743,5.0,1.0,4.257,-0.257,-25.7,122,0.0056,119,Latest chronological test-window forecast
2025-05-31 02:00:00,3,65,67,Brooklyn,Dyker Heights,Boro Zone,0.749,0.0,1.0,0.749,-0.251,-25.1,90,0.0057,90,Latest chronological test-window forecast
2025-05-31 02:00:00,3,66,68,Manhattan,East Chelsea,Yellow Zone,40.852,114.0,47.0,73.148,-6.148,-13.08,8,0.3097,8,Latest chronological test-window forecast
2025-05-31 02:00:00,3,67,69,Bronx,East Concourse/Concourse Village,Boro Zone,0.0,1.0,0.0,1.0,0.0,,169,0.0,169,Latest chronological test-window forecast
2025-05-31 02:00:00,3,68,70,Queens,East Elmhurst,Boro Zone,0.0,1.0,0.0,1.0,0.0,,170,0.0,170,Latest chronological test-window forecast
2025-05-31 02:00:00,3,69,71,Brooklyn,East Flatbush/Farragut,Boro Zone,0.0,0.0,0.0,0.0,0.0,,171,0.0,171,Latest chronological test-window forecast
2025-05-31 02:00:00,3,70,72,Brooklyn,East Flatbush/Remsen Village,Boro Zone,1.619,2.0,2.0,0.381,-0.381,-19.05,71,0.0123,64,Latest chronological test-window forecast
2025-05-31 02:00:00,3,71,73,Queens,East Flushing,Boro Zone,0.0,0.0,0.0,0.0,0.0,,172,0.0,172,Latest chronological test-window forecast
2025-05-31 02:00:00,3,72,74,Manhattan,East Harlem North,Boro Zone,5.1,8.0,6.0,2.9,-0.9,-15.0,42,0.0387,41,Latest chronological test-window forecast
2025-05-31 02:00:00,3,73,75,Manhattan,East Harlem South,Boro Zone,2.484,15.0,3.0,12.516,-0.516,-17.2,59,0.0188,59,Latest chronological test-window forecast
2025-05-31 02:00:00,3,74,76,Brooklyn,East New York,Boro Zone,0.746,3.0,1.0,2.254,-0.254,-25.4,107,0.0057,91,Latest chronological test-window forecast
2025-05-31 02:00:00,3,75,77,Brooklyn,East New York/Pennsylvania Avenue,Boro Zone,0.745,0.0,1.0,0.745,-0.255,-25.5,115,0.0056,120,Latest chronological test-window forecast
2025-05-31 02:00:00,3,76,78,Bronx,East Tremont,Boro Zone,0.0,0.0,0.0,0.0,0.0,,173,0.0,173,Latest chronological test-window forecast
2025-05-31 02:00:00,3,77,79,Manhattan,East Village,Yellow Zone,92.321,598.0,106.0,505.679,-13.679,-12.9,1,0.7,1,Latest chronological test-window forecast
2025-05-31 02:00:00,3,78,80,Brooklyn,East Williamsburg,Boro Zone,8.58,32.0,10.0,23.42,-1.42,-14.2,35,0.0651,33,Latest chronological test-window forecast
2025-05-31 02:00:00,3,79,81,Bronx,Eastchester,Boro Zone,1.624,0.0,2.0,1.624,-0.376,-18.8,63,0.0123,65,Latest chronological test-window forecast
2025-05-31 02:00:00,3,80,82,Queens,Elmhurst,Boro Zone,0.746,7.0,1.0,6.254,-0.254,-25.4,108,0.0057,92,Latest chronological test-window forecast
2025-05-31 02:00:00,3,81,83,Queens,Elmhurst/Maspeth,Boro Zone,0.744,2.0,1.0,1.256,-0.256,-25.6,117,0.0056,121,Latest chronological test-window forecast
2025-05-31 02:00:00,3,82,84,Staten Island,Eltingville/Annadale/Prince's Bay,Boro Zone,0.0,0.0,0.0,0.0,0.0,,174,0.0,174,Latest chronological test-window forecast
2025-05-31 02:00:00,3,83,85,Brooklyn,Erasmus,Boro Zone,0.0,2.0,0.0,2.0,0.0,,175,0.0,175,Latest chronological test-window forecast
2025-05-31 02:00:00,3,84,86,Queens,Far Rockaway,Boro Zone,0.746,0.0,1.0,0.746,-0.254,-25.4,109,0.0057,93,Latest chronological test-window forecast
2025-05-31 02:00:00,3,85,87,Manhattan,Financial District North,Yellow Zone,1.617,27.0,2.0,25.383,-0.383,-19.15,73,0.0123,66,Latest chronological test-window forecast
2025-05-31 02:00:00,3,86,88,Manhattan,Financial District South,Yellow Zone,4.235,13.0,5.0,8.765,-0.765,-15.3,44,0.0321,46,Latest chronological test-window forecast
2025-05-31 02:00:00,3,87,89,Brooklyn,Flatbush/Ditmas Park,Boro Zone,0.747,3.0,1.0,2.253,-0.253,-25.3,97,0.0057,94,Latest chronological test-window forecast
2025-05-31 02:00:00,3,88,90,Manhattan,Flatiron,Yellow Zone,33.042,121.0,38.0,87.958,-4.958,-13.05,13,0.2505,13,Latest chronological test-window forecast
2025-05-31 02:00:00,3,89,91,Brooklyn,Flatlands,Boro Zone,0.747,0.0,1.0,0.747,-0.253,-25.3,98,0.0057,95,Latest chronological test-window forecast
2025-05-31 02:00:00,3,90,92,Queens,Flushing,Boro Zone,0.0,1.0,0.0,1.0,0.0,,176,0.0,176,Latest chronological test-window forecast
2025-05-31 02:00:00,3,91,93,Queens,Flushing Meadows-Corona Park,Boro Zone,0.0,0.0,0.0,0.0,0.0,,177,0.0,177,Latest chronological test-window forecast
2025-05-31 02:00:00,3,92,94,Bronx,Fordham South,Boro Zone,0.0,0.0,0.0,0.0,0.0,,178,0.0,178,Latest chronological test-window forecast
2025-05-31 02:00:00,3,93,95,Queens,Forest Hills,Boro Zone,0.0,1.0,0.0,1.0,0.0,,179,0.0,179,Latest chronological test-window forecast
2025-05-31 02:00:00,3,94,96,Queens,Forest Park/Highland Park,Boro Zone,0.0,0.0,0.0,0.0,0.0,,180,0.0,180,Latest chronological test-window forecast
2025-05-31 02:00:00,3,95,97,Brooklyn,Fort Greene,Boro Zone,0.742,5.0,1.0,4.258,-0.258,-25.8,128,0.0056,122,Latest chronological test-window forecast
2025-05-31 02:00:00,3,96,98,Queens,Fresh Meadows,Boro Zone,0.75,1.0,1.0,0.25,-0.25,-25.0,88,0.0057,96,Latest chronological test-window forecast
2025-05-31 02:00:00,3,97,100,Manhattan,Garment District,Yellow Zone,18.196,61.0,21.0,42.804,-2.804,-13.35,19,0.138,19,Latest chronological test-window forecast
2025-05-31 02:00:00,3,98,101,Queens,Glen Oaks,Boro Zone,0.0,0.0,0.0,0.0,0.0,,181,0.0,181,Latest chronological test-window forecast
2025-05-31 02:00:00,3,99,102,Queens,Glendale,Boro Zone,0.0,0.0,0.0,0.0,0.0,,182,0.0,182,Latest chronological test-window forecast
2025-05-31 02:00:00,3,100,106,Brooklyn,Gowanus,Boro Zone,1.62,2.0,2.0,0.38,-0.38,-19.0,69,0.0123,67,Latest chronological test-window forecast
2025-05-31 02:00:00,3,101,107,Manhattan,Gramercy,Yellow Zone,14.699,139.0,17.0,124.301,-2.301,-13.54,23,0.1115,23,Latest chronological test-window forecast
2025-05-31 02:00:00,3,102,108,Brooklyn,Gravesend,Boro Zone,0.751,0.0,1.0,0.751,-0.249,-24.9,87,0.0057,97,Latest chronological test-window forecast
2025-05-31 02:00:00,3,103,109,Staten Island,Great Kills,Boro Zone,0.0,0.0,0.0,0.0,0.0,,183,0.0,183,Latest chronological test-window forecast
2025-05-31 02:00:00,3,104,111,Brooklyn,Green-Wood Cemetery,Boro Zone,0.0,0.0,0.0,0.0,0.0,,184,0.0,184,Latest chronological test-window forecast
2025-05-31 02:00:00,3,105,112,Brooklyn,Greenpoint,Boro Zone,3.354,26.0,4.0,22.646,-0.646,-16.15,54,0.0254,52,Latest chronological test-window forecast
2025-05-31 02:00:00,3,106,113,Manhattan,Greenwich Village North,Yellow Zone,26.909,120.0,31.0,93.091,-4.091,-13.2,15,0.204,15,Latest chronological test-window forecast
2025-05-31 02:00:00,3,107,114,Manhattan,Greenwich Village South,Yellow Zone,59.246,303.0,68.0,243.754,-8.754,-12.87,5,0.4492,5,Latest chronological test-window forecast
2025-05-31 02:00:00,3,108,115,Staten Island,Grymes Hill/Clifton,Boro Zone,0.0,0.0,0.0,0.0,0.0,,185,0.0,185,Latest chronological test-window forecast
2025-05-31 02:00:00,3,109,116,Manhattan,Hamilton Heights,Boro Zone,0.0,7.0,0.0,7.0,0.0,,186,0.0,186,Latest chronological test-window forecast
2025-05-31 02:00:00,3,110,117,Queens,Hammels/Arverne,Boro Zone,0.0,0.0,0.0,0.0,0.0,,187,0.0,187,Latest chronological test-window forecast
2025-05-31 02:00:00,3,111,118,Staten Island,Heartland Village/Todt Hill,Boro Zone,0.0,0.0,0.0,0.0,0.0,,188,0.0,188,Latest chronological test-window forecast
2025-05-31 02:00:00,3,112,119,Bronx,Highbridge,Boro Zone,0.0,1.0,0.0,1.0,0.0,,189,0.0,189,Latest chronological test-window forecast
2025-05-31 02:00:00,3,113,120,Manhattan,Highbridge Park,Boro Zone,0.0,0.0,0.0,0.0,0.0,,190,0.0,190,Latest chronological test-window forecast
2025-05-31 02:00:00,3,114,121,Queens,Hillcrest/Pomonok,Boro Zone,0.749,0.0,1.0,0.749,-0.251,-25.1,91,0.0057,98,Latest chronological test-window forecast
2025-05-31 02:00:00,3,115,122,Queens,Hollis,Boro Zone,0.0,0.0,0.0,0.0,0.0,,191,0.0,191,Latest chronological test-window forecast
2025-05-31 02:00:00,3,116,123,Brooklyn,Homecrest,Boro Zone,0.0,0.0,0.0,0.0,0.0,,192,0.0,192,Latest chronological test-window forecast
2025-05-31 02:00:00,3,117,124,Queens,Howard Beach,Boro Zone,0.747,0.0,1.0,0.747,-0.253,-25.3,99,0.0057,99,Latest chronological test-window forecast
2025-05-31 02:00:00,3,118,125,Manhattan,Hudson Sq,Yellow Zone,12.101,31.0,14.0,18.899,-1.899,-13.56,28,0.0918,28,Latest chronological test-window forecast
2025-05-31 02:00:00,3,119,126,Bronx,Hunts Point,Boro Zone,0.0,0.0,0.0,0.0,0.0,,193,0.0,193,Latest chronological test-window forecast
2025-05-31 02:00:00,3,120,127,Manhattan,Inwood,Boro Zone,0.743,5.0,1.0,4.257,-0.257,-25.7,123,0.0056,123,Latest chronological test-window forecast
2025-05-31 02:00:00,3,121,128,Manhattan,Inwood Hill Park,Boro Zone,0.0,0.0,0.0,0.0,0.0,,194,0.0,194,Latest chronological test-window forecast
2025-05-31 02:00:00,3,122,129,Queens,Jackson Heights,Boro Zone,1.617,9.0,2.0,7.383,-0.383,-19.15,74,0.0123,68,Latest chronological test-window forecast
2025-05-31 02:00:00,3,123,130,Queens,Jamaica,Boro Zone,4.242,5.0,5.0,0.758,-0.758,-15.16,43,0.0322,43,Latest chronological test-window forecast
2025-05-31 02:00:00,3,124,131,Queens,Jamaica Estates,Boro Zone,1.625,0.0,2.0,1.625,-0.375,-18.75,62,0.0123,69,Latest chronological test-window forecast
2025-05-31 02:00:00,3,125,132,Queens,JFK Airport,Airports,29.482,24.0,34.0,5.482,-4.518,-13.29,14,0.2235,14,Latest chronological test-window forecast
2025-05-31 02:00:00,3,126,133,Brooklyn,Kensington,Boro Zone,0.0,0.0,0.0,0.0,0.0,,195,0.0,195,Latest chronological test-window forecast
2025-05-31 02:00:00,3,127,134,Queens,Kew Gardens,Boro Zone,0.747,0.0,1.0,0.747,-0.253,-25.3,100,0.0057,100,Latest chronological test-window forecast
2025-05-31 02:00:00,3,128,135,Queens,Kew Gardens Hills,Boro Zone,0.0,0.0,0.0,0.0,0.0,,196,0.0,196,Latest chronological test-window forecast
2025-05-31 02:00:00,3,129,136,Bronx,Kingsbridge Heights,Boro Zone,0.746,0.0,1.0,0.746,-0.254,-25.4,110,0.0057,101,Latest chronological test-window forecast
2025-05-31 02:00:00,3,130,137,Manhattan,Kips Bay,Yellow Zone,14.68,41.0,17.0,26.32,-2.32,-13.65,24,0.1113,24,Latest chronological test-window forecast
2025-05-31 02:00:00,3,131,138,Queens,LaGuardia Airport,Airports,0.0,13.0,0.0,13.0,0.0,,197,0.0,197,Latest chronological test-window forecast
2025-05-31 02:00:00,3,132,139,Queens,Laurelton,Boro Zone,0.0,1.0,0.0,1.0,0.0,,198,0.0,198,Latest chronological test-window forecast
2025-05-31 02:00:00,3,133,140,Manhattan,Lenox Hill East,Yellow Zone,4.225,1.0,5.0,3.225,-0.775,-15.5,47,0.032,47,Latest chronological test-window forecast
2025-05-31 02:00:00,3,134,141,Manhattan,Lenox Hill West,Yellow Zone,12.947,39.0,15.0,26.053,-2.053,-13.69,27,0.0982,27,Latest chronological test-window forecast
2025-05-31 02:00:00,3,135,142,Manhattan,Lincoln Square East,Yellow Zone,5.972,21.0,7.0,15.028,-1.028,-14.69,39,0.0453,38,Latest chronological test-window forecast
2025-05-31 02:00:00,3,136,143,Manhattan,Lincoln Square West,Yellow Zone,1.616,15.0,2.0,13.384,-0.384,-19.2,76,0.0123,70,Latest chronological test-window forecast
2025-05-31 02:00:00,3,137,144,Manhattan,Little Italy/NoLiTa,Yellow Zone,53.987,147.0,62.0,93.013,-8.013,-12.92,6,0.4093,6,Latest chronological test-window forecast
2025-05-31 02:00:00,3,138,145,Queens,Long Island City/Hunters Point,Boro Zone,3.355,11.0,4.0,7.645,-0.645,-16.12,52,0.0254,53,Latest chronological test-window forecast
2025-05-31 02:00:00,3,139,146,Queens,Long Island City/Queens Plaza,Boro Zone,0.0,4.0,0.0,4.0,0.0,,199,0.0,199,Latest chronological test-window forecast
2025-05-31 02:00:00,3,140,147,Bronx,Longwood,Boro Zone,0.0,0.0,0.0,0.0,0.0,,200,0.0,200,Latest chronological test-window forecast
2025-05-31 02:00:00,3,141,148,Manhattan,Lower East Side,Yellow Zone,76.629,388.0,88.0,311.371,-11.371,-12.92,3,0.581,3,Latest chronological test-window forecast
2025-05-31 02:00:00,3,142,149,Brooklyn,Madison,Boro Zone,0.0,1.0,0.0,1.0,0.0,,201,0.0,201,Latest chronological test-window forecast
2025-05-31 02:00:00,3,143,150,Brooklyn,Manhattan Beach,Boro Zone,0.0,1.0,0.0,1.0,0.0,,202,0.0,202,Latest chronological test-window forecast
2025-05-31 02:00:00,3,144,151,Manhattan,Manhattan Valley,Yellow Zone,3.355,4.0,4.0,0.645,-0.645,-16.12,53,0.0254,54,Latest chronological test-window forecast
2025-05-31 02:00:00,3,145,152,Manhattan,Manhattanville,Boro Zone,2.483,1.0,3.0,1.483,-0.517,-17.23,60,0.0188,60,Latest chronological test-window forecast
2025-05-31 02:00:00,3,146,153,Manhattan,Marble Hill,Boro Zone,0.0,0.0,0.0,0.0,0.0,,203,0.0,203,Latest chronological test-window forecast
2025-05-31 02:00:00,3,147,154,Brooklyn,Marine Park/Floyd Bennett Field,Boro Zone,0.0,0.0,0.0,0.0,0.0,,204,0.0,204,Latest chronological test-window forecast
2025-05-31 02:00:00,3,148,155,Brooklyn,Marine Park/Mill Basin,Boro Zone,0.748,0.0,1.0,0.748,-0.252,-25.2,93,0.0057,102,Latest chronological test-window forecast
2025-05-31 02:00:00,3,149,156,Staten Island,Mariners Harbor,Boro Zone,0.0,0.0,0.0,0.0,0.0,,205,0.0,205,Latest chronological test-window forecast
2025-05-31 02:00:00,3,150,157,Queens,Maspeth,Boro Zone,1.615,16.0,2.0,14.385,-0.385,-19.25,79,0.0122,82,Latest chronological test-window forecast
2025-05-31 02:00:00,3,151,158,Manhattan,Meatpacking/West Village West,Yellow Zone,44.399,182.0,51.0,137.601,-6.601,-12.94,7,0.3366,7,Latest chronological test-window forecast
2025-05-31 02:00:00,3,152,159,Bronx,Melrose South,Boro Zone,1.62,1.0,2.0,0.62,-0.38,-19.0,70,0.0123,71,Latest chronological test-window forecast
2025-05-31 02:00:00,3,153,160,Queens,Middle Village,Boro Zone,0.0,2.0,0.0,2.0,0.0,,206,0.0,206,Latest chronological test-window forecast
2025-05-31 02:00:00,3,154,161,Manhattan,Midtown Center,Yellow Zone,12.085,19.0,14.0,6.915,-1.915,-13.68,30,0.0916,29,Latest chronological test-window forecast
2025-05-31 02:00:00,3,155,162,Manhattan,Midtown East,Yellow Zone,11.213,22.0,13.0,10.787,-1.787,-13.75,32,0.085,32,Latest chronological test-window forecast
2025-05-31 02:00:00,3,156,163,Manhattan,Midtown North,Yellow Zone,17.319,19.0,20.0,1.681,-2.681,-13.41,22,0.1313,22,Latest chronological test-window forecast
2025-05-31 02:00:00,3,157,164,Manhattan,Midtown South,Yellow Zone,37.375,118.0,43.0,80.625,-5.625,-13.08,10,0.2834,10,Latest chronological test-window forecast
2025-05-31 02:00:00,3,158,165,Brooklyn,Midwood,Boro Zone,0.0,0.0,0.0,0.0,0.0,,207,0.0,207,Latest chronological test-window forecast
2025-05-31 02:00:00,3,159,166,Manhattan,Morningside Heights,Boro Zone,1.613,6.0,2.0,4.387,-0.387,-19.35,83,0.0122,83,Latest chronological test-window forecast
2025-05-31 02:00:00,3,160,167,Bronx,Morrisania/Melrose,Boro Zone,0.0,0.0,0.0,0.0,0.0,,208,0.0,208,Latest chronological test-window forecast
2025-05-31 02:00:00,3,161,168,Bronx,Mott Haven/Port Morris,Boro Zone,2.493,4.0,3.0,1.507,-0.507,-16.9,55,0.0189,55,Latest chronological test-window forecast
2025-05-31 02:00:00,3,162,169,Bronx,Mount Hope,Boro Zone,1.621,2.0,2.0,0.379,-0.379,-18.95,67,0.0123,72,Latest chronological test-window forecast
2025-05-31 02:00:00,3,163,170,Manhattan,Murray Hill,Yellow Zone,24.296,52.0,28.0,27.704,-3.704,-13.23,17,0.1842,17,Latest chronological test-window forecast
2025-05-31 02:00:00,3,164,171,Queens,Murray Hill-Queens,Boro Zone,0.748,0.0,1.0,0.748,-0.252,-25.2,94,0.0057,103,Latest chronological test-window forecast
2025-05-31 02:00:00,3,165,172,Staten Island,New Dorp/Midland Beach,Boro Zone,0.0,0.0,0.0,0.0,0.0,,209,0.0,209,Latest chronological test-window forecast
2025-05-31 02:00:00,3,166,173,Queens,North Corona,Boro Zone,0.0,4.0,0.0,4.0,0.0,,210,0.0,210,Latest chronological test-window forecast
2025-05-31 02:00:00,3,167,174,Bronx,Norwood,Boro Zone,0.0,0.0,0.0,0.0,0.0,,211,0.0,211,Latest chronological test-window forecast
2025-05-31 02:00:00,3,168,175,Queens,Oakland Gardens,Boro Zone,0.0,0.0,0.0,0.0,0.0,,212,0.0,212,Latest chronological test-window forecast
2025-05-31 02:00:00,3,169,176,Staten Island,Oakwood,Boro Zone,0.0,0.0,0.0,0.0,0.0,,213,0.0,213,Latest chronological test-window forecast
2025-05-31 02:00:00,3,170,177,Brooklyn,Ocean Hill,Boro Zone,1.616,2.0,2.0,0.384,-0.384,-19.2,77,0.0123,73,Latest chronological test-window forecast
2025-05-31 02:00:00,3,171,178,Brooklyn,Ocean Parkway South,Boro Zone,0.752,0.0,1.0,0.752,-0.248,-24.8,86,0.0057,104,Latest chronological test-window forecast
2025-05-31 02:00:00,3,172,179,Queens,Old Astoria,Boro Zone,1.613,2.0,2.0,0.387,-0.387,-19.35,84,0.0122,84,Latest chronological test-window forecast
2025-05-31 02:00:00,3,173,180,Queens,Ozone Park,Boro Zone,0.747,0.0,1.0,0.747,-0.253,-25.3,101,0.0057,105,Latest chronological test-window forecast
2025-05-31 02:00:00,3,174,181,Brooklyn,Park Slope,Boro Zone,0.0,5.0,0.0,5.0,0.0,,214,0.0,214,Latest chronological test-window forecast
2025-05-31 02:00:00,3,175,182,Bronx,Parkchester,Boro Zone,0.0,0.0,0.0,0.0,0.0,,215,0.0,215,Latest chronological test-window forecast
2025-05-31 02:00:00,3,176,183,Bronx,Pelham Bay,Boro Zone,0.0,0.0,0.0,0.0,0.0,,216,0.0,216,Latest chronological test-window forecast
2025-05-31 02:00:00,3,177,184,Bronx,Pelham Bay Park,Boro Zone,0.0,0.0,0.0,0.0,0.0,,217,0.0,217,Latest chronological test-window forecast
2025-05-31 02:00:00,3,178,185,Bronx,Pelham Parkway,Boro Zone,0.0,1.0,0.0,1.0,0.0,,218,0.0,218,Latest chronological test-window forecast
2025-05-31 02:00:00,3,179,186,Manhattan,Penn Station/Madison Sq West,Yellow Zone,34.804,60.0,40.0,25.196,-5.196,-12.99,11,0.2639,11,Latest chronological test-window forecast
2025-05-31 02:00:00,3,180,187,Staten Island,Port Richmond,Boro Zone,0.0,0.0,0.0,0.0,0.0,,219,0.0,219,Latest chronological test-window forecast
2025-05-31 02:00:00,3,181,188,Brooklyn,Prospect-Lefferts Gardens,Boro Zone,2.49,5.0,3.0,2.51,-0.51,-17.0,56,0.0189,56,Latest chronological test-window forecast
2025-05-31 02:00:00,3,182,189,Brooklyn,Prospect Heights,Boro Zone,0.743,0.0,1.0,0.743,-0.257,-25.7,124,0.0056,124,Latest chronological test-window forecast
2025-05-31 02:00:00,3,183,190,Brooklyn,Prospect Park,Boro Zone,0.0,0.0,0.0,0.0,0.0,,220,0.0,220,Latest chronological test-window forecast
2025-05-31 02:00:00,3,184,191,Queens,Queens Village,Boro Zone,1.624,0.0,2.0,1.624,-0.376,-18.8,64,0.0123,74,Latest chronological test-window forecast
2025-05-31 02:00:00,3,185,192,Queens,Queensboro Hill,Boro Zone,0.0,0.0,0.0,0.0,0.0,,221,0.0,221,Latest chronological test-window forecast
2025-05-31 02:00:00,3,186,193,Queens,Queensbridge/Ravenswood,Boro Zone,0.742,2.0,1.0,1.258,-0.258,-25.8,129,0.0056,125,Latest chronological test-window forecast
2025-05-31 02:00:00,3,187,194,Manhattan,Randalls Island,Yellow Zone,0.0,0.0,0.0,0.0,0.0,,222,0.0,222,Latest chronological test-window forecast
2025-05-31 02:00:00,3,188,195,Brooklyn,Red Hook,Boro Zone,0.0,1.0,0.0,1.0,0.0,,223,0.0,223,Latest chronological test-window forecast
2025-05-31 02:00:00,3,189,196,Queens,Rego Park,Boro Zone,0.746,0.0,1.0,0.746,-0.254,-25.4,111,0.0057,106,Latest chronological test-window forecast
2025-05-31 02:00:00,3,190,197,Queens,Richmond Hill,Boro Zone,1.621,2.0,2.0,0.379,-0.379,-18.95,68,0.0123,75,Latest chronological test-window forecast
2025-05-31 02:00:00,3,191,198,Queens,Ridgewood,Boro Zone,0.744,3.0,1.0,2.256,-0.256,-25.6,118,0.0056,126,Latest chronological test-window forecast
2025-05-31 02:00:00,3,192,200,Bronx,Riverdale/North Riverdale/Fieldston,Boro Zone,0.0,1.0,0.0,1.0,0.0,,224,0.0,224,Latest chronological test-window forecast
2025-05-31 02:00:00,3,193,201,Queens,Rockaway Park,Boro Zone,0.0,0.0,0.0,0.0,0.0,,225,0.0,225,Latest chronological test-window forecast
2025-05-31 02:00:00,3,194,202,Manhattan,Roosevelt Island,Boro Zone,0.0,0.0,0.0,0.0,0.0,,226,0.0,226,Latest chronological test-window forecast
2025-05-31 02:00:00,3,195,203,Queens,Rosedale,Boro Zone,0.0,0.0,0.0,0.0,0.0,,227,0.0,227,Latest chronological test-window forecast
2025-05-31 02:00:00,3,196,204,Staten Island,Rossville/Woodrow,Boro Zone,0.0,0.0,0.0,0.0,0.0,,228,0.0,228,Latest chronological test-window forecast
2025-05-31 02:00:00,3,197,205,Queens,Saint Albans,Boro Zone,0.0,2.0,0.0,2.0,0.0,,229,0.0,229,Latest chronological test-window forecast
2025-05-31 02:00:00,3,198,206,Staten Island,Saint George/New Brighton,Boro Zone,0.0,0.0,0.0,0.0,0.0,,230,0.0,230,Latest chronological test-window forecast
2025-05-31 02:00:00,3,199,207,Queens,Saint Michaels Cemetery/Woodside,Boro Zone,0.0,1.0,0.0,1.0,0.0,,231,0.0,231,Latest chronological test-window forecast
2025-05-31 02:00:00,3,200,208,Bronx,Schuylerville/Edgewater Park,Boro Zone,0.747,2.0,1.0,1.253,-0.253,-25.3,102,0.0057,107,Latest chronological test-window forecast
2025-05-31 02:00:00,3,201,209,Manhattan,Seaport,Yellow Zone,5.104,19.0,6.0,13.896,-0.896,-14.93,41,0.0387,42,Latest chronological test-window forecast
2025-05-31 02:00:00,3,202,210,Brooklyn,Sheepshead Bay,Boro Zone,0.0,0.0,0.0,0.0,0.0,,232,0.0,232,Latest chronological test-window forecast
2025-05-31 02:00:00,3,203,211,Manhattan,SoHo,Yellow Zone,17.33,67.0,20.0,49.67,-2.67,-13.35,21,0.1314,21,Latest chronological test-window forecast
2025-05-31 02:00:00,3,204,212,Bronx,Soundview/Bruckner,Boro Zone,0.0,0.0,0.0,0.0,0.0,,233,0.0,233,Latest chronological test-window forecast
2025-05-31 02:00:00,3,205,213,Bronx,Soundview/Castle Hill,Boro Zone,0.0,2.0,0.0,2.0,0.0,,234,0.0,234,Latest chronological test-window forecast
2025-05-31 02:00:00,3,206,214,Staten Island,South Beach/Dongan Hills,Boro Zone,0.0,0.0,0.0,0.0,0.0,,235,0.0,235,Latest chronological test-window forecast
2025-05-31 02:00:00,3,207,215,Queens,South Jamaica,Boro Zone,1.624,0.0,2.0,1.624,-0.376,-18.8,65,0.0123,76,Latest chronological test-window forecast
2025-05-31 02:00:00,3,208,216,Queens,South Ozone Park,Boro Zone,0.0,4.0,0.0,4.0,0.0,,236,0.0,236,Latest chronological test-window forecast
2025-05-31 02:00:00,3,209,217,Brooklyn,South Williamsburg,Boro Zone,0.0,3.0,0.0,3.0,0.0,,237,0.0,237,Latest chronological test-window forecast
2025-05-31 02:00:00,3,210,218,Queens,Springfield Gardens North,Boro Zone,0.0,0.0,0.0,0.0,0.0,,238,0.0,238,Latest chronological test-window forecast
2025-05-31 02:00:00,3,211,219,Queens,Springfield Gardens South,Boro Zone,0.0,0.0,0.0,0.0,0.0,,239,0.0,239,Latest chronological test-window forecast
2025-05-31 02:00:00,3,212,220,Bronx,Spuyten Duyvil/Kingsbridge,Boro Zone,0.0,0.0,0.0,0.0,0.0,,240,0.0,240,Latest chronological test-window forecast
2025-05-31 02:00:00,3,213,221,Staten Island,Stapleton,Boro Zone,0.0,0.0,0.0,0.0,0.0,,241,0.0,241,Latest chronological test-window forecast
2025-05-31 02:00:00,3,214,222,Brooklyn,Starrett City,Boro Zone,0.0,0.0,0.0,0.0,0.0,,242,0.0,242,Latest chronological test-window forecast
2025-05-31 02:00:00,3,215,223,Queens,Steinway,Boro Zone,0.0,2.0,0.0,2.0,0.0,,243,0.0,243,Latest chronological test-window forecast
2025-05-31 02:00:00,3,216,224,Manhattan,Stuy Town/Peter Cooper Village,Yellow Zone,1.618,12.0,2.0,10.382,-0.382,-19.1,72,0.0123,77,Latest chronological test-window forecast
2025-05-31 02:00:00,3,217,225,Brooklyn,Stuyvesant Heights,Boro Zone,0.743,5.0,1.0,4.257,-0.257,-25.7,125,0.0056,127,Latest chronological test-window forecast
2025-05-31 02:00:00,3,218,226,Queens,Sunnyside,Boro Zone,3.359,5.0,4.0,1.641,-0.641,-16.02,48,0.0255,50,Latest chronological test-window forecast
2025-05-31 02:00:00,3,219,227,Brooklyn,Sunset Park East,Boro Zone,0.0,0.0,0.0,0.0,0.0,,244,0.0,244,Latest chronological test-window forecast
2025-05-31 02:00:00,3,220,228,Brooklyn,Sunset Park West,Boro Zone,0.748,4.0,1.0,3.252,-0.252,-25.2,95,0.0057,108,Latest chronological test-window forecast
2025-05-31 02:00:00,3,221,229,Manhattan,Sutton Place/Turtle Bay North,Yellow Zone,12.086,30.0,14.0,17.914,-1.914,-13.67,29,0.0916,30,Latest chronological test-window forecast
2025-05-31 02:00:00,3,222,230,Manhattan,Times Sq/Theatre District,Yellow Zone,25.16,85.0,29.0,59.84,-3.84,-13.24,16,0.1908,16,Latest chronological test-window forecast
2025-05-31 02:00:00,3,223,231,Manhattan,TriBeCa/Civic Center,Yellow Zone,39.095,66.0,45.0,26.905,-5.905,-13.12,9,0.2964,9,Latest chronological test-window forecast
2025-05-31 02:00:00,3,224,232,Manhattan,Two Bridges/Seward Park,Yellow Zone,0.744,31.0,1.0,30.256,-0.256,-25.6,119,0.0056,128,Latest chronological test-window forecast
2025-05-31 02:00:00,3,225,233,Manhattan,UN/Turtle Bay South,Yellow Zone,5.977,18.0,7.0,12.023,-1.023,-14.61,37,0.0453,39,Latest chronological test-window forecast
2025-05-31 02:00:00,3,226,234,Manhattan,Union Sq,Yellow Zone,34.796,125.0,40.0,90.204,-5.204,-13.01,12,0.2638,12,Latest chronological test-window forecast
2025-05-31 02:00:00,3,227,235,Bronx,University Heights/Morris Heights,Boro Zone,0.0,0.0,0.0,0.0,0.0,,245,0.0,245,Latest chronological test-window forecast
2025-05-31 02:00:00,3,228,236,Manhattan,Upper East Side North,Yellow Zone,8.586,18.0,10.0,9.414,-1.414,-14.14,33,0.0651,34,Latest chronological test-window forecast
2025-05-31 02:00:00,3,229,237,Manhattan,Upper East Side South,Yellow Zone,18.177,27.0,21.0,8.823,-2.823,-13.44,20,0.1378,20,Latest chronological test-window forecast
2025-05-31 02:00:00,3,230,238,Manhattan,Upper West Side North,Yellow Zone,5.969,20.0,7.0,14.031,-1.031,-14.73,40,0.0453,40,Latest chronological test-window forecast
2025-05-31 02:00:00,3,231,239,Manhattan,Upper West Side South,Yellow Zone,8.584,22.0,10.0,13.416,-1.416,-14.16,34,0.0651,35,Latest chronological test-window forecast
2025-05-31 02:00:00,3,232,240,Bronx,Van Cortlandt Park,Boro Zone,0.0,0.0,0.0,0.0,0.0,,246,0.0,246,Latest chronological test-window forecast
2025-05-31 02:00:00,3,233,241,Bronx,Van Cortlandt Village,Boro Zone,0.0,0.0,0.0,0.0,0.0,,247,0.0,247,Latest chronological test-window forecast
2025-05-31 02:00:00,3,234,242,Bronx,Van Nest/Morris Park,Boro Zone,0.0,0.0,0.0,0.0,0.0,,248,0.0,248,Latest chronological test-window forecast
2025-05-31 02:00:00,3,235,243,Manhattan,Washington Heights North,Boro Zone,1.615,4.0,2.0,2.385,-0.385,-19.25,80,0.0122,85,Latest chronological test-window forecast
2025-05-31 02:00:00,3,236,244,Manhattan,Washington Heights South,Boro Zone,3.359,5.0,4.0,1.641,-0.641,-16.02,49,0.0255,51,Latest chronological test-window forecast
2025-05-31 02:00:00,3,237,245,Staten Island,West Brighton,Boro Zone,0.0,0.0,0.0,0.0,0.0,,249,0.0,249,Latest chronological test-window forecast
2025-05-31 02:00:00,3,238,246,Manhattan,West Chelsea/Hudson Yards,Yellow Zone,19.959,91.0,23.0,71.041,-3.041,-13.22,18,0.1513,18,Latest chronological test-window forecast
2025-05-31 02:00:00,3,239,247,Bronx,West Concourse,Boro Zone,0.0,1.0,0.0,1.0,0.0,,250,0.0,250,Latest chronological test-window forecast
2025-05-31 02:00:00,3,240,248,Bronx,West Farms/Bronx River,Boro Zone,0.0,0.0,0.0,0.0,0.0,,251,0.0,251,Latest chronological test-window forecast
2025-05-31 02:00:00,3,241,249,Manhattan,West Village,Yellow Zone,80.233,302.0,92.0,221.767,-11.767,-12.79,2,0.6083,2,Latest chronological test-window forecast
2025-05-31 02:00:00,3,242,250,Bronx,Westchester Village/Unionport,Boro Zone,0.749,0.0,1.0,0.749,-0.251,-25.1,92,0.0057,109,Latest chronological test-window forecast
2025-05-31 02:00:00,3,243,251,Staten Island,Westerleigh,Boro Zone,0.0,0.0,0.0,0.0,0.0,,252,0.0,252,Latest chronological test-window forecast
2025-05-31 02:00:00,3,244,252,Queens,Whitestone,Boro Zone,0.0,0.0,0.0,0.0,0.0,,253,0.0,253,Latest chronological test-window forecast
2025-05-31 02:00:00,3,245,253,Queens,Willets Point,Boro Zone,0.0,0.0,0.0,0.0,0.0,,254,0.0,254,Latest chronological test-window forecast
2025-05-31 02:00:00,3,246,254,Bronx,Williamsbridge/Olinville,Boro Zone,0.748,0.0,1.0,0.748,-0.252,-25.2,96,0.0057,110,Latest chronological test-window forecast
2025-05-31 02:00:00,3,247,255,Brooklyn,Williamsburg (North Side),Boro Zone,13.802,41.0,16.0,27.198,-2.198,-13.74,26,0.1047,25,Latest chronological test-window forecast
2025-05-31 02:00:00,3,248,256,Brooklyn,Williamsburg (South Side),Boro Zone,2.483,16.0,3.0,13.517,-0.517,-17.23,61,0.0188,61,Latest chronological test-window forecast
2025-05-31 02:00:00,3,249,257,Brooklyn,Windsor Terrace,Boro Zone,0.0,1.0,0.0,1.0,0.0,,255,0.0,255,Latest chronological test-window forecast
2025-05-31 02:00:00,3,250,258,Queens,Woodhaven,Boro Zone,0.747,0.0,1.0,0.747,-0.253,-25.3,103,0.0057,111,Latest chronological test-window forecast
2025-05-31 02:00:00,3,251,259,Bronx,Woodlawn/Wakefield,Boro Zone,0.0,0.0,0.0,0.0,0.0,,256,0.0,256,Latest chronological test-window forecast
2025-05-31 02:00:00,3,252,260,Queens,Woodside,Boro Zone,0.743,3.0,1.0,2.257,-0.257,-25.7,126,0.0056,129,Latest chronological test-window forecast
2025-05-31 02:00:00,3,253,261,Manhattan,World Trade Center,Yellow Zone,2.488,10.0,3.0,7.512,-0.512,-17.07,57,0.0189,57,Latest chronological test-window forecast
2025-05-31 02:00:00,3,254,262,Manhattan,Yorkville East,Yellow Zone,0.744,11.0,1.0,10.256,-0.256,-25.6,120,0.0056,130,Latest chronological test-window forecast
2025-05-31 02:00:00,3,255,263,Manhattan,Yorkville West,Yellow Zone,13.809,78.0,16.0,64.191,-2.191,-13.69,25,0.1047,26,Latest chronological test-window forecast
2025-05-31 03:00:00,4,0,1,EWR,Newark Airport,EWR,0.0,0.0,0.0,0.0,0.0,,128,0.0,128,Latest chronological test-window forecast
2025-05-31 03:00:00,4,1,2,Queens,Jamaica Bay,Boro Zone,0.0,0.0,0.0,0.0,0.0,,129,0.0,129,Latest chronological test-window forecast
2025-05-31 03:00:00,4,2,3,Bronx,Allerton/Pelham Gardens,Boro Zone,0.0,0.0,0.0,0.0,0.0,,130,0.0,130,Latest chronological test-window forecast
2025-05-31 03:00:00,4,3,4,Manhattan,Alphabet City,Yellow Zone,5.054,45.0,6.0,39.946,-0.946,-15.77,39,0.0519,39,Latest chronological test-window forecast
2025-05-31 03:00:00,4,4,6,Staten Island,Arrochar/Fort Wadsworth,Boro Zone,0.0,0.0,0.0,0.0,0.0,,131,0.0,131,Latest chronological test-window forecast
2025-05-31 03:00:00,4,5,7,Queens,Astoria,Boro Zone,7.632,9.0,9.0,1.368,-1.368,-15.2,23,0.0784,23,Latest chronological test-window forecast
2025-05-31 03:00:00,4,6,8,Queens,Astoria Park,Boro Zone,0.0,0.0,0.0,0.0,0.0,,132,0.0,132,Latest chronological test-window forecast
2025-05-31 03:00:00,4,7,9,Queens,Auburndale,Boro Zone,0.0,0.0,0.0,0.0,0.0,,133,0.0,133,Latest chronological test-window forecast
2025-05-31 03:00:00,4,8,10,Queens,Baisley Park,Boro Zone,0.0,1.0,0.0,1.0,0.0,,134,0.0,134,Latest chronological test-window forecast
2025-05-31 03:00:00,4,9,11,Brooklyn,Bath Beach,Boro Zone,0.0,0.0,0.0,0.0,0.0,,135,0.0,135,Latest chronological test-window forecast
2025-05-31 03:00:00,4,10,12,Manhattan,Battery Park,Yellow Zone,0.0,0.0,0.0,0.0,0.0,,136,0.0,136,Latest chronological test-window forecast
2025-05-31 03:00:00,4,11,13,Manhattan,Battery Park City,Yellow Zone,0.726,1.0,1.0,0.274,-0.274,-27.4,116,0.0075,83,Latest chronological test-window forecast
2025-05-31 03:00:00,4,12,14,Brooklyn,Bay Ridge,Boro Zone,0.0,0.0,0.0,0.0,0.0,,137,0.0,137,Latest chronological test-window forecast
2025-05-31 03:00:00,4,13,15,Queens,Bay Terrace/Fort Totten,Boro Zone,0.0,0.0,0.0,0.0,0.0,,138,0.0,138,Latest chronological test-window forecast
2025-05-31 03:00:00,4,14,16,Queens,Bayside,Boro Zone,1.597,0.0,2.0,1.597,-0.403,-20.15,64,0.0164,64,Latest chronological test-window forecast
2025-05-31 03:00:00,4,15,17,Brooklyn,Bedford,Boro Zone,2.453,4.0,3.0,1.547,-0.547,-18.23,57,0.0252,54,Latest chronological test-window forecast
2025-05-31 03:00:00,4,16,18,Bronx,Bedford Park,Boro Zone,0.0,1.0,0.0,1.0,0.0,,139,0.0,139,Latest chronological test-window forecast
2025-05-31 03:00:00,4,17,19,Queens,Bellerose,Boro Zone,0.732,0.0,1.0,0.732,-0.268,-26.8,84,0.0075,84,Latest chronological test-window forecast
2025-05-31 03:00:00,4,18,20,Bronx,Belmont,Boro Zone,0.0,1.0,0.0,1.0,0.0,,140,0.0,140,Latest chronological test-window forecast
2025-05-31 03:00:00,4,19,21,Brooklyn,Bensonhurst East,Boro Zone,0.0,0.0,0.0,0.0,0.0,,141,0.0,141,Latest chronological test-window forecast
2025-05-31 03:00:00,4,20,22,Brooklyn,Bensonhurst West,Boro Zone,0.0,0.0,0.0,0.0,0.0,,142,0.0,142,Latest chronological test-window forecast
2025-05-31 03:00:00,4,21,23,Staten Island,Bloomfield/Emerson Hill,Boro Zone,0.0,0.0,0.0,0.0,0.0,,143,0.0,143,Latest chronological test-window forecast
2025-05-31 03:00:00,4,22,24,Manhattan,Bloomingdale,Yellow Zone,0.0,3.0,0.0,3.0,0.0,,144,0.0,144,Latest chronological test-window forecast
2025-05-31 03:00:00,4,23,25,Brooklyn,Boerum Hill,Boro Zone,0.726,2.0,1.0,1.274,-0.274,-27.4,117,0.0075,85,Latest chronological test-window forecast
2025-05-31 03:00:00,4,24,26,Brooklyn,Borough Park,Boro Zone,0.731,0.0,1.0,0.731,-0.269,-26.9,85,0.0075,86,Latest chronological test-window forecast
2025-05-31 03:00:00,4,25,27,Queens,Breezy Point/Fort Tilden/Riis Beach,Boro Zone,0.0,0.0,0.0,0.0,0.0,,145,0.0,145,Latest chronological test-window forecast
2025-05-31 03:00:00,4,26,28,Queens,Briarwood/Jamaica Hills,Boro Zone,0.729,3.0,1.0,2.271,-0.271,-27.1,95,0.0075,87,Latest chronological test-window forecast
2025-05-31 03:00:00,4,27,29,Brooklyn,Brighton Beach,Boro Zone,0.0,1.0,0.0,1.0,0.0,,146,0.0,146,Latest chronological test-window forecast
2025-05-31 03:00:00,4,28,30,Queens,Broad Channel,Boro Zone,0.0,0.0,0.0,0.0,0.0,,147,0.0,147,Latest chronological test-window forecast
2025-05-31 03:00:00,4,29,31,Bronx,Bronx Park,Boro Zone,0.0,0.0,0.0,0.0,0.0,,148,0.0,148,Latest chronological test-window forecast
2025-05-31 03:00:00,4,30,32,Bronx,Bronxdale,Boro Zone,0.0,0.0,0.0,0.0,0.0,,149,0.0,149,Latest chronological test-window forecast
2025-05-31 03:00:00,4,31,33,Brooklyn,Brooklyn Heights,Boro Zone,0.725,1.0,1.0,0.275,-0.275,-27.5,121,0.0075,88,Latest chronological test-window forecast
2025-05-31 03:00:00,4,32,34,Brooklyn,Brooklyn Navy Yard,Boro Zone,0.0,0.0,0.0,0.0,0.0,,150,0.0,150,Latest chronological test-window forecast
2025-05-31 03:00:00,4,33,35,Brooklyn,Brownsville,Boro Zone,0.729,0.0,1.0,0.729,-0.271,-27.1,96,0.0075,89,Latest chronological test-window forecast
2025-05-31 03:00:00,4,34,36,Brooklyn,Bushwick North,Boro Zone,1.588,23.0,2.0,21.412,-0.412,-20.6,76,0.0163,72,Latest chronological test-window forecast
2025-05-31 03:00:00,4,35,37,Brooklyn,Bushwick South,Boro Zone,3.314,31.0,4.0,27.686,-0.686,-17.15,49,0.0341,47,Latest chronological test-window forecast
2025-05-31 03:00:00,4,36,38,Queens,Cambria Heights,Boro Zone,0.0,1.0,0.0,1.0,0.0,,151,0.0,151,Latest chronological test-window forecast
2025-05-31 03:00:00,4,37,39,Brooklyn,Canarsie,Boro Zone,0.729,0.0,1.0,0.729,-0.271,-27.1,97,0.0075,90,Latest chronological test-window forecast
2025-05-31 03:00:00,4,38,40,Brooklyn,Carroll Gardens,Boro Zone,0.725,0.0,1.0,0.725,-0.275,-27.5,122,0.0075,91,Latest chronological test-window forecast
2025-05-31 03:00:00,4,39,41,Manhattan,Central Harlem,Boro Zone,5.902,6.0,7.0,0.098,-1.098,-15.69,38,0.0606,38,Latest chronological test-window forecast
2025-05-31 03:00:00,4,40,42,Manhattan,Central Harlem North,Boro Zone,4.18,7.0,5.0,2.82,-0.82,-16.4,45,0.043,42,Latest chronological test-window forecast
2025-05-31 03:00:00,4,41,43,Manhattan,Central Park,Yellow Zone,2.457,1.0,3.0,1.457,-0.543,-18.1,54,0.0252,55,Latest chronological test-window forecast
2025-05-31 03:00:00,4,42,44,Staten Island,Charleston/Tottenville,Boro Zone,0.0,0.0,0.0,0.0,0.0,,152,0.0,152,Latest chronological test-window forecast
2025-05-31 03:00:00,4,43,45,Manhattan,Chinatown,Yellow Zone,1.589,0.0,2.0,1.589,-0.411,-20.55,73,0.0163,73,Latest chronological test-window forecast
2025-05-31 03:00:00,4,44,46,Bronx,City Island,Boro Zone,0.0,0.0,0.0,0.0,0.0,,153,0.0,153,Latest chronological test-window forecast
2025-05-31 03:00:00,4,45,47,Bronx,Claremont/Bathgate,Boro Zone,0.0,1.0,0.0,1.0,0.0,,154,0.0,154,Latest chronological test-window forecast
2025-05-31 03:00:00,4,46,48,Manhattan,Clinton East,Yellow Zone,42.144,81.0,49.0,38.856,-6.856,-13.99,4,0.4331,4,Latest chronological test-window forecast
2025-05-31 03:00:00,4,47,49,Brooklyn,Clinton Hill,Boro Zone,0.725,1.0,1.0,0.275,-0.275,-27.5,123,0.0075,92,Latest chronological test-window forecast
2025-05-31 03:00:00,4,48,50,Manhattan,Clinton West,Yellow Zone,6.776,15.0,8.0,8.224,-1.224,-15.3,30,0.0696,28,Latest chronological test-window forecast
2025-05-31 03:00:00,4,49,51,Bronx,Co-Op City,Boro Zone,0.73,0.0,1.0,0.73,-0.27,-27.0,88,0.0075,93,Latest chronological test-window forecast
2025-05-31 03:00:00,4,50,52,Brooklyn,Cobble Hill,Boro Zone,0.724,0.0,1.0,0.724,-0.276,-27.6,127,0.0074,127,Latest chronological test-window forecast
2025-05-31 03:00:00,4,51,53,Queens,College Point,Boro Zone,0.0,0.0,0.0,0.0,0.0,,155,0.0,155,Latest chronological test-window forecast
2025-05-31 03:00:00,4,52,54,Brooklyn,Columbia Street,Boro Zone,0.0,0.0,0.0,0.0,0.0,,156,0.0,156,Latest chronological test-window forecast
2025-05-31 03:00:00,4,53,55,Brooklyn,Coney Island,Boro Zone,0.0,0.0,0.0,0.0,0.0,,157,0.0,157,Latest chronological test-window forecast
2025-05-31 03:00:00,4,54,56,Queens,Corona,Boro Zone,0.0,0.0,0.0,0.0,0.0,,158,0.0,158,Latest chronological test-window forecast
2025-05-31 03:00:00,4,55,57,Queens,Corona,Boro Zone,0.0,0.0,0.0,0.0,0.0,,159,0.0,159,Latest chronological test-window forecast
2025-05-31 03:00:00,4,56,58,Bronx,Country Club,Boro Zone,0.0,0.0,0.0,0.0,0.0,,160,0.0,160,Latest chronological test-window forecast
2025-05-31 03:00:00,4,57,59,Bronx,Crotona Park,Boro Zone,0.0,0.0,0.0,0.0,0.0,,161,0.0,161,Latest chronological test-window forecast
2025-05-31 03:00:00,4,58,60,Bronx,Crotona Park East,Boro Zone,0.0,0.0,0.0,0.0,0.0,,162,0.0,162,Latest chronological test-window forecast
2025-05-31 03:00:00,4,59,61,Brooklyn,Crown Heights North,Boro Zone,7.631,2.0,9.0,5.631,-1.369,-15.21,24,0.0784,24,Latest chronological test-window forecast
2025-05-31 03:00:00,4,60,62,Brooklyn,Crown Heights South,Boro Zone,0.0,0.0,0.0,0.0,0.0,,163,0.0,163,Latest chronological test-window forecast
2025-05-31 03:00:00,4,61,63,Brooklyn,Cypress Hills,Boro Zone,1.592,0.0,2.0,1.592,-0.408,-20.4,69,0.0164,65,Latest chronological test-window forecast
2025-05-31 03:00:00,4,62,64,Queens,Douglaston,Boro Zone,0.0,0.0,0.0,0.0,0.0,,164,0.0,164,Latest chronological test-window forecast
2025-05-31 03:00:00,4,63,65,Brooklyn,Downtown Brooklyn/MetroTech,Boro Zone,0.725,1.0,1.0,0.275,-0.275,-27.5,124,0.0075,94,Latest chronological test-window forecast
2025-05-31 03:00:00,4,64,66,Brooklyn,DUMBO/Vinegar Hill,Boro Zone,0.727,0.0,1.0,0.727,-0.273,-27.3,114,0.0075,95,Latest chronological test-window forecast
2025-05-31 03:00:00,4,65,67,Brooklyn,Dyker Heights,Boro Zone,0.0,0.0,0.0,0.0,0.0,,165,0.0,165,Latest chronological test-window forecast
2025-05-31 03:00:00,4,66,68,Manhattan,East Chelsea,Yellow Zone,21.456,49.0,25.0,27.544,-3.544,-14.18,9,0.2205,9,Latest chronological test-window forecast
2025-05-31 03:00:00,4,67,69,Bronx,East Concourse/Concourse Village,Boro Zone,0.729,0.0,1.0,0.729,-0.271,-27.1,98,0.0075,96,Latest chronological test-window forecast
2025-05-31 03:00:00,4,68,70,Queens,East Elmhurst,Boro Zone,0.0,0.0,0.0,0.0,0.0,,166,0.0,166,Latest chronological test-window forecast
2025-05-31 03:00:00,4,69,71,Brooklyn,East Flatbush/Farragut,Boro Zone,0.728,0.0,1.0,0.728,-0.272,-27.2,108,0.0075,97,Latest chronological test-window forecast
2025-05-31 03:00:00,4,70,72,Brooklyn,East Flatbush/Remsen Village,Boro Zone,0.728,0.0,1.0,0.728,-0.272,-27.2,109,0.0075,98,Latest chronological test-window forecast
2025-05-31 03:00:00,4,71,73,Queens,East Flushing,Boro Zone,0.0,1.0,0.0,1.0,0.0,,167,0.0,167,Latest chronological test-window forecast
2025-05-31 03:00:00,4,72,74,Manhattan,East Harlem North,Boro Zone,0.726,6.0,1.0,5.274,-0.274,-27.4,118,0.0075,99,Latest chronological test-window forecast
2025-05-31 03:00:00,4,73,75,Manhattan,East Harlem South,Boro Zone,2.45,8.0,3.0,5.55,-0.55,-18.33,61,0.0252,56,Latest chronological test-window forecast
2025-05-31 03:00:00,4,74,76,Brooklyn,East New York,Boro Zone,4.184,1.0,5.0,3.184,-0.816,-16.32,43,0.043,43,Latest chronological test-window forecast
2025-05-31 03:00:00,4,75,77,Brooklyn,East New York/Pennsylvania Avenue,Boro Zone,1.592,4.0,2.0,2.408,-0.408,-20.4,70,0.0164,66,Latest chronological test-window forecast
2025-05-31 03:00:00,4,76,78,Bronx,East Tremont,Boro Zone,0.73,1.0,1.0,0.27,-0.27,-27.0,89,0.0075,100,Latest chronological test-window forecast
2025-05-31 03:00:00,4,77,79,Manhattan,East Village,Yellow Zone,68.12,269.0,79.0,200.88,-10.88,-13.77,1,0.7,1,Latest chronological test-window forecast
2025-05-31 03:00:00,4,78,80,Brooklyn,East Williamsburg,Boro Zone,3.312,22.0,4.0,18.688,-0.688,-17.2,50,0.034,50,Latest chronological test-window forecast
2025-05-31 03:00:00,4,79,81,Bronx,Eastchester,Boro Zone,0.0,0.0,0.0,0.0,0.0,,168,0.0,168,Latest chronological test-window forecast
2025-05-31 03:00:00,4,80,82,Queens,Elmhurst,Boro Zone,0.728,3.0,1.0,2.272,-0.272,-27.2,110,0.0075,101,Latest chronological test-window forecast
2025-05-31 03:00:00,4,81,83,Queens,Elmhurst/Maspeth,Boro Zone,2.452,7.0,3.0,4.548,-0.548,-18.27,59,0.0252,57,Latest chronological test-window forecast
2025-05-31 03:00:00,4,82,84,Staten Island,Eltingville/Annadale/Prince's Bay,Boro Zone,0.0,0.0,0.0,0.0,0.0,,169,0.0,169,Latest chronological test-window forecast
2025-05-31 03:00:00,4,83,85,Brooklyn,Erasmus,Boro Zone,0.0,1.0,0.0,1.0,0.0,,170,0.0,170,Latest chronological test-window forecast
2025-05-31 03:00:00,4,84,86,Queens,Far Rockaway,Boro Zone,0.0,0.0,0.0,0.0,0.0,,171,0.0,171,Latest chronological test-window forecast
2025-05-31 03:00:00,4,85,87,Manhattan,Financial District North,Yellow Zone,0.0,11.0,0.0,11.0,0.0,,172,0.0,172,Latest chronological test-window forecast
2025-05-31 03:00:00,4,86,88,Manhattan,Financial District South,Yellow Zone,2.457,1.0,3.0,1.457,-0.543,-18.1,55,0.0252,58,Latest chronological test-window forecast
2025-05-31 03:00:00,4,87,89,Brooklyn,Flatbush/Ditmas Park,Boro Zone,1.594,0.0,2.0,1.594,-0.406,-20.3,66,0.0164,67,Latest chronological test-window forecast
2025-05-31 03:00:00,4,88,90,Manhattan,Flatiron,Yellow Zone,23.213,43.0,27.0,19.787,-3.787,-14.03,8,0.2385,8,Latest chronological test-window forecast
2025-05-31 03:00:00,4,89,91,Brooklyn,Flatlands,Boro Zone,1.594,0.0,2.0,1.594,-0.406,-20.3,67,0.0164,68,Latest chronological test-window forecast
2025-05-31 03:00:00,4,90,92,Queens,Flushing,Boro Zone,0.0,0.0,0.0,0.0,0.0,,173,0.0,173,Latest chronological test-window forecast
2025-05-31 03:00:00,4,91,93,Queens,Flushing Meadows-Corona Park,Boro Zone,0.0,2.0,0.0,2.0,0.0,,174,0.0,174,Latest chronological test-window forecast
2025-05-31 03:00:00,4,92,94,Bronx,Fordham South,Boro Zone,0.0,0.0,0.0,0.0,0.0,,175,0.0,175,Latest chronological test-window forecast
2025-05-31 03:00:00,4,93,95,Queens,Forest Hills,Boro Zone,0.729,0.0,1.0,0.729,-0.271,-27.1,99,0.0075,102,Latest chronological test-window forecast
2025-05-31 03:00:00,4,94,96,Queens,Forest Park/Highland Park,Boro Zone,0.0,1.0,0.0,1.0,0.0,,176,0.0,176,Latest chronological test-window forecast
2025-05-31 03:00:00,4,95,97,Brooklyn,Fort Greene,Boro Zone,0.725,0.0,1.0,0.725,-0.275,-27.5,125,0.0075,103,Latest chronological test-window forecast
2025-05-31 03:00:00,4,96,98,Queens,Fresh Meadows,Boro Zone,0.0,0.0,0.0,0.0,0.0,,177,0.0,177,Latest chronological test-window forecast
2025-05-31 03:00:00,4,97,100,Manhattan,Garment District,Yellow Zone,11.966,25.0,14.0,13.034,-2.034,-14.53,16,0.123,16,Latest chronological test-window forecast
2025-05-31 03:00:00,4,98,101,Queens,Glen Oaks,Boro Zone,0.0,0.0,0.0,0.0,0.0,,178,0.0,178,Latest chronological test-window forecast
2025-05-31 03:00:00,4,99,102,Queens,Glendale,Boro Zone,0.0,1.0,0.0,1.0,0.0,,179,0.0,179,Latest chronological test-window forecast
2025-05-31 03:00:00,4,100,106,Brooklyn,Gowanus,Boro Zone,0.0,1.0,0.0,1.0,0.0,,180,0.0,180,Latest chronological test-window forecast
2025-05-31 03:00:00,4,101,107,Manhattan,Gramercy,Yellow Zone,13.688,63.0,16.0,49.312,-2.312,-14.45,15,0.1407,15,Latest chronological test-window forecast
2025-05-31 03:00:00,4,102,108,Brooklyn,Gravesend,Boro Zone,0.0,0.0,0.0,0.0,0.0,,181,0.0,181,Latest chronological test-window forecast
2025-05-31 03:00:00,4,103,109,Staten Island,Great Kills,Boro Zone,0.0,0.0,0.0,0.0,0.0,,182,0.0,182,Latest chronological test-window forecast
2025-05-31 03:00:00,4,104,111,Brooklyn,Green-Wood Cemetery,Boro Zone,0.0,0.0,0.0,0.0,0.0,,183,0.0,183,Latest chronological test-window forecast
2025-05-31 03:00:00,4,105,112,Brooklyn,Greenpoint,Boro Zone,3.311,14.0,4.0,10.689,-0.689,-17.22,52,0.034,51,Latest chronological test-window forecast
2025-05-31 03:00:00,4,106,113,Manhattan,Greenwich Village North,Yellow Zone,9.367,60.0,11.0,50.633,-1.633,-14.85,19,0.0963,18,Latest chronological test-window forecast
2025-05-31 03:00:00,4,107,114,Manhattan,Greenwich Village South,Yellow Zone,25.817,129.0,30.0,103.183,-4.183,-13.94,6,0.2653,6,Latest chronological test-window forecast
2025-05-31 03:00:00,4,108,115,Staten Island,Grymes Hill/Clifton,Boro Zone,0.0,0.0,0.0,0.0,0.0,,184,0.0,184,Latest chronological test-window forecast
2025-05-31 03:00:00,4,109,116,Manhattan,Hamilton Heights,Boro Zone,2.45,3.0,3.0,0.55,-0.55,-18.33,62,0.0252,59,Latest chronological test-window forecast
2025-05-31 03:00:00,4,110,117,Queens,Hammels/Arverne,Boro Zone,0.0,0.0,0.0,0.0,0.0,,185,0.0,185,Latest chronological test-window forecast
2025-05-31 03:00:00,4,111,118,Staten Island,Heartland Village/Todt Hill,Boro Zone,0.0,0.0,0.0,0.0,0.0,,186,0.0,186,Latest chronological test-window forecast
2025-05-31 03:00:00,4,112,119,Bronx,Highbridge,Boro Zone,0.0,0.0,0.0,0.0,0.0,,187,0.0,187,Latest chronological test-window forecast
2025-05-31 03:00:00,4,113,120,Manhattan,Highbridge Park,Boro Zone,0.0,0.0,0.0,0.0,0.0,,188,0.0,188,Latest chronological test-window forecast
2025-05-31 03:00:00,4,114,121,Queens,Hillcrest/Pomonok,Boro Zone,0.0,0.0,0.0,0.0,0.0,,189,0.0,189,Latest chronological test-window forecast
2025-05-31 03:00:00,4,115,122,Queens,Hollis,Boro Zone,0.0,0.0,0.0,0.0,0.0,,190,0.0,190,Latest chronological test-window forecast
2025-05-31 03:00:00,4,116,123,Brooklyn,Homecrest,Boro Zone,0.735,1.0,1.0,0.265,-0.265,-26.5,82,0.0076,82,Latest chronological test-window forecast
2025-05-31 03:00:00,4,117,124,Queens,Howard Beach,Boro Zone,0.0,0.0,0.0,0.0,0.0,,191,0.0,191,Latest chronological test-window forecast
2025-05-31 03:00:00,4,118,125,Manhattan,Hudson Sq,Yellow Zone,5.923,14.0,7.0,8.077,-1.077,-15.39,35,0.0609,35,Latest chronological test-window forecast
2025-05-31 03:00:00,4,119,126,Bronx,Hunts Point,Boro Zone,0.0,0.0,0.0,0.0,0.0,,192,0.0,192,Latest chronological test-window forecast
2025-05-31 03:00:00,4,120,127,Manhattan,Inwood,Boro Zone,0.0,2.0,0.0,2.0,0.0,,193,0.0,193,Latest chronological test-window forecast
2025-05-31 03:00:00,4,121,128,Manhattan,Inwood Hill Park,Boro Zone,0.0,0.0,0.0,0.0,0.0,,194,0.0,194,Latest chronological test-window forecast
2025-05-31 03:00:00,4,122,129,Queens,Jackson Heights,Boro Zone,4.181,7.0,5.0,2.819,-0.819,-16.38,44,0.043,44,Latest chronological test-window forecast
2025-05-31 03:00:00,4,123,130,Queens,Jamaica,Boro Zone,5.918,4.0,7.0,1.918,-1.082,-15.46,36,0.0608,36,Latest chronological test-window forecast
2025-05-31 03:00:00,4,124,131,Queens,Jamaica Estates,Boro Zone,0.0,0.0,0.0,0.0,0.0,,195,0.0,195,Latest chronological test-window forecast
2025-05-31 03:00:00,4,125,132,Queens,JFK Airport,Airports,1.587,18.0,2.0,16.413,-0.413,-20.65,79,0.0163,74,Latest chronological test-window forecast
2025-05-31 03:00:00,4,126,133,Brooklyn,Kensington,Boro Zone,0.0,0.0,0.0,0.0,0.0,,196,0.0,196,Latest chronological test-window forecast
2025-05-31 03:00:00,4,127,134,Queens,Kew Gardens,Boro Zone,0.0,0.0,0.0,0.0,0.0,,197,0.0,197,Latest chronological test-window forecast
2025-05-31 03:00:00,4,128,135,Queens,Kew Gardens Hills,Boro Zone,0.729,0.0,1.0,0.729,-0.271,-27.1,100,0.0075,104,Latest chronological test-window forecast
2025-05-31 03:00:00,4,129,136,Bronx,Kingsbridge Heights,Boro Zone,0.728,0.0,1.0,0.728,-0.272,-27.2,111,0.0075,105,Latest chronological test-window forecast
2025-05-31 03:00:00,4,130,137,Manhattan,Kips Bay,Yellow Zone,7.627,24.0,9.0,16.373,-1.373,-15.26,25,0.0784,25,Latest chronological test-window forecast
2025-05-31 03:00:00,4,131,138,Queens,LaGuardia Airport,Airports,0.0,2.0,0.0,2.0,0.0,,198,0.0,198,Latest chronological test-window forecast
2025-05-31 03:00:00,4,132,139,Queens,Laurelton,Boro Zone,0.729,0.0,1.0,0.729,-0.271,-27.1,101,0.0075,106,Latest chronological test-window forecast
2025-05-31 03:00:00,4,133,140,Manhattan,Lenox Hill East,Yellow Zone,7.623,5.0,9.0,2.623,-1.377,-15.3,26,0.0783,26,Latest chronological test-window forecast
2025-05-31 03:00:00,4,134,141,Manhattan,Lenox Hill West,Yellow Zone,8.498,30.0,10.0,21.502,-1.502,-15.02,20,0.0873,20,Latest chronological test-window forecast
2025-05-31 03:00:00,4,135,142,Manhattan,Lincoln Square East,Yellow Zone,0.726,9.0,1.0,8.274,-0.274,-27.4,119,0.0075,107,Latest chronological test-window forecast
2025-05-31 03:00:00,4,136,143,Manhattan,Lincoln Square West,Yellow Zone,5.909,2.0,7.0,3.909,-1.091,-15.59,37,0.0607,37,Latest chronological test-window forecast
2025-05-31 03:00:00,4,137,144,Manhattan,Little Italy/NoLiTa,Yellow Zone,37.912,111.0,44.0,73.088,-6.088,-13.84,5,0.3896,5,Latest chronological test-window forecast
2025-05-31 03:00:00,4,138,145,Queens,Long Island City/Hunters Point,Boro Zone,1.587,8.0,2.0,6.413,-0.413,-20.65,80,0.0163,75,Latest chronological test-window forecast
2025-05-31 03:00:00,4,139,146,Queens,Long Island City/Queens Plaza,Boro Zone,1.587,1.0,2.0,0.587,-0.413,-20.65,81,0.0163,76,Latest chronological test-window forecast
2025-05-31 03:00:00,4,140,147,Bronx,Longwood,Boro Zone,0.729,1.0,1.0,0.271,-0.271,-27.1,102,0.0075,108,Latest chronological test-window forecast
2025-05-31 03:00:00,4,141,148,Manhattan,Lower East Side,Yellow Zone,55.166,221.0,64.0,165.834,-8.834,-13.8,2,0.5669,2,Latest chronological test-window forecast
2025-05-31 03:00:00,4,142,149,Brooklyn,Madison,Boro Zone,0.0,0.0,0.0,0.0,0.0,,199,0.0,199,Latest chronological test-window forecast
2025-05-31 03:00:00,4,143,150,Brooklyn,Manhattan Beach,Boro Zone,0.0,0.0,0.0,0.0,0.0,,200,0.0,200,Latest chronological test-window forecast
2025-05-31 03:00:00,4,144,151,Manhattan,Manhattan Valley,Yellow Zone,1.588,3.0,2.0,1.412,-0.412,-20.6,77,0.0163,77,Latest chronological test-window forecast
2025-05-31 03:00:00,4,145,152,Manhattan,Manhattanville,Boro Zone,3.312,3.0,4.0,0.312,-0.688,-17.2,51,0.034,52,Latest chronological test-window forecast
2025-05-31 03:00:00,4,146,153,Manhattan,Marble Hill,Boro Zone,0.0,0.0,0.0,0.0,0.0,,201,0.0,201,Latest chronological test-window forecast
2025-05-31 03:00:00,4,147,154,Brooklyn,Marine Park/Floyd Bennett Field,Boro Zone,0.0,0.0,0.0,0.0,0.0,,202,0.0,202,Latest chronological test-window forecast
2025-05-31 03:00:00,4,148,155,Brooklyn,Marine Park/Mill Basin,Boro Zone,0.73,0.0,1.0,0.73,-0.27,-27.0,90,0.0075,109,Latest chronological test-window forecast
2025-05-31 03:00:00,4,149,156,Staten Island,Mariners Harbor,Boro Zone,0.0,0.0,0.0,0.0,0.0,,203,0.0,203,Latest chronological test-window forecast
2025-05-31 03:00:00,4,150,157,Queens,Maspeth,Boro Zone,0.0,26.0,0.0,26.0,0.0,,204,0.0,204,Latest chronological test-window forecast
2025-05-31 03:00:00,4,151,158,Manhattan,Meatpacking/West Village West,Yellow Zone,14.57,84.0,17.0,69.43,-2.43,-14.29,14,0.1497,14,Latest chronological test-window forecast
2025-05-31 03:00:00,4,152,159,Bronx,Melrose South,Boro Zone,0.729,1.0,1.0,0.271,-0.271,-27.1,103,0.0075,110,Latest chronological test-window forecast
2025-05-31 03:00:00,4,153,160,Queens,Middle Village,Boro Zone,0.0,0.0,0.0,0.0,0.0,,205,0.0,205,Latest chronological test-window forecast
2025-05-31 03:00:00,4,154,161,Manhattan,Midtown Center,Yellow Zone,5.049,8.0,6.0,2.951,-0.951,-15.85,40,0.0519,40,Latest chronological test-window forecast
2025-05-31 03:00:00,4,155,162,Manhattan,Midtown East,Yellow Zone,6.777,14.0,8.0,7.223,-1.223,-15.29,28,0.0696,29,Latest chronological test-window forecast
2025-05-31 03:00:00,4,156,163,Manhattan,Midtown North,Yellow Zone,4.185,16.0,5.0,11.815,-0.815,-16.3,42,0.043,45,Latest chronological test-window forecast
2025-05-31 03:00:00,4,157,164,Manhattan,Midtown South,Yellow Zone,24.055,44.0,28.0,19.945,-3.945,-14.09,7,0.2472,7,Latest chronological test-window forecast
2025-05-31 03:00:00,4,158,165,Brooklyn,Midwood,Boro Zone,0.733,2.0,1.0,1.267,-0.267,-26.7,83,0.0075,111,Latest chronological test-window forecast
2025-05-31 03:00:00,4,159,166,Manhattan,Morningside Heights,Boro Zone,2.449,3.0,3.0,0.551,-0.551,-18.37,63,0.0252,60,Latest chronological test-window forecast
2025-05-31 03:00:00,4,160,167,Bronx,Morrisania/Melrose,Boro Zone,0.0,0.0,0.0,0.0,0.0,,206,0.0,206,Latest chronological test-window forecast
2025-05-31 03:00:00,4,161,168,Bronx,Mott Haven/Port Morris,Boro Zone,1.593,1.0,2.0,0.593,-0.407,-20.35,68,0.0164,69,Latest chronological test-window forecast
2025-05-31 03:00:00,4,162,169,Bronx,Mount Hope,Boro Zone,0.73,1.0,1.0,0.27,-0.27,-27.0,91,0.0075,112,Latest chronological test-window forecast
2025-05-31 03:00:00,4,163,170,Manhattan,Murray Hill,Yellow Zone,6.777,27.0,8.0,20.223,-1.223,-15.29,29,0.0696,30,Latest chronological test-window forecast
2025-05-31 03:00:00,4,164,171,Queens,Murray Hill-Queens,Boro Zone,0.0,1.0,0.0,1.0,0.0,,207,0.0,207,Latest chronological test-window forecast
2025-05-31 03:00:00,4,165,172,Staten Island,New Dorp/Midland Beach,Boro Zone,0.0,0.0,0.0,0.0,0.0,,208,0.0,208,Latest chronological test-window forecast
2025-05-31 03:00:00,4,166,173,Queens,North Corona,Boro Zone,0.0,0.0,0.0,0.0,0.0,,209,0.0,209,Latest chronological test-window forecast
2025-05-31 03:00:00,4,167,174,Bronx,Norwood,Boro Zone,0.73,0.0,1.0,0.73,-0.27,-27.0,92,0.0075,113,Latest chronological test-window forecast
2025-05-31 03:00:00,4,168,175,Queens,Oakland Gardens,Boro Zone,0.0,0.0,0.0,0.0,0.0,,210,0.0,210,Latest chronological test-window forecast
2025-05-31 03:00:00,4,169,176,Staten Island,Oakwood,Boro Zone,0.0,0.0,0.0,0.0,0.0,,211,0.0,211,Latest chronological test-window forecast
2025-05-31 03:00:00,4,170,177,Brooklyn,Ocean Hill,Boro Zone,1.59,2.0,2.0,0.41,-0.41,-20.5,72,0.0163,78,Latest chronological test-window forecast
2025-05-31 03:00:00,4,171,178,Brooklyn,Ocean Parkway South,Boro Zone,0.0,0.0,0.0,0.0,0.0,,212,0.0,212,Latest chronological test-window forecast
2025-05-31 03:00:00,4,172,179,Queens,Old Astoria,Boro Zone,0.0,2.0,0.0,2.0,0.0,,213,0.0,213,Latest chronological test-window forecast
2025-05-31 03:00:00,4,173,180,Queens,Ozone Park,Boro Zone,0.0,1.0,0.0,1.0,0.0,,214,0.0,214,Latest chronological test-window forecast
2025-05-31 03:00:00,4,174,181,Brooklyn,Park Slope,Boro Zone,0.726,2.0,1.0,1.274,-0.274,-27.4,120,0.0075,114,Latest chronological test-window forecast
2025-05-31 03:00:00,4,175,182,Bronx,Parkchester,Boro Zone,0.0,0.0,0.0,0.0,0.0,,215,0.0,215,Latest chronological test-window forecast
2025-05-31 03:00:00,4,176,183,Bronx,Pelham Bay,Boro Zone,0.0,0.0,0.0,0.0,0.0,,216,0.0,216,Latest chronological test-window forecast
2025-05-31 03:00:00,4,177,184,Bronx,Pelham Bay Park,Boro Zone,0.0,0.0,0.0,0.0,0.0,,217,0.0,217,Latest chronological test-window forecast
2025-05-31 03:00:00,4,178,185,Bronx,Pelham Parkway,Boro Zone,0.0,0.0,0.0,0.0,0.0,,218,0.0,218,Latest chronological test-window forecast
2025-05-31 03:00:00,4,179,186,Manhattan,Penn Station/Madison Sq West,Yellow Zone,10.247,32.0,12.0,21.753,-1.753,-14.61,17,0.1053,17,Latest chronological test-window forecast
2025-05-31 03:00:00,4,180,187,Staten Island,Port Richmond,Boro Zone,0.0,0.0,0.0,0.0,0.0,,219,0.0,219,Latest chronological test-window forecast
2025-05-31 03:00:00,4,181,188,Brooklyn,Prospect-Lefferts Gardens,Boro Zone,0.727,2.0,1.0,1.273,-0.273,-27.3,115,0.0075,115,Latest chronological test-window forecast
2025-05-31 03:00:00,4,182,189,Brooklyn,Prospect Heights,Boro Zone,0.0,4.0,0.0,4.0,0.0,,220,0.0,220,Latest chronological test-window forecast
2025-05-31 03:00:00,4,183,190,Brooklyn,Prospect Park,Boro Zone,0.0,0.0,0.0,0.0,0.0,,221,0.0,221,Latest chronological test-window forecast
2025-05-31 03:00:00,4,184,191,Queens,Queens Village,Boro Zone,1.597,1.0,2.0,0.597,-0.403,-20.15,65,0.0164,70,Latest chronological test-window forecast
2025-05-31 03:00:00,4,185,192,Queens,Queensboro Hill,Boro Zone,0.0,0.0,0.0,0.0,0.0,,222,0.0,222,Latest chronological test-window forecast
2025-05-31 03:00:00,4,186,193,Queens,Queensbridge/Ravenswood,Boro Zone,0.0,0.0,0.0,0.0,0.0,,223,0.0,223,Latest chronological test-window forecast
2025-05-31 03:00:00,4,187,194,Manhattan,Randalls Island,Yellow Zone,0.0,0.0,0.0,0.0,0.0,,224,0.0,224,Latest chronological test-window forecast
2025-05-31 03:00:00,4,188,195,Brooklyn,Red Hook,Boro Zone,0.0,0.0,0.0,0.0,0.0,,225,0.0,225,Latest chronological test-window forecast
2025-05-31 03:00:00,4,189,196,Queens,Rego Park,Boro Zone,0.0,0.0,0.0,0.0,0.0,,226,0.0,226,Latest chronological test-window forecast
2025-05-31 03:00:00,4,190,197,Queens,Richmond Hill,Boro Zone,0.0,1.0,0.0,1.0,0.0,,227,0.0,227,Latest chronological test-window forecast
2025-05-31 03:00:00,4,191,198,Queens,Ridgewood,Boro Zone,1.589,5.0,2.0,3.411,-0.411,-20.55,74,0.0163,79,Latest chronological test-window forecast
2025-05-31 03:00:00,4,192,200,Bronx,Riverdale/North Riverdale/Fieldston,Boro Zone,0.0,0.0,0.0,0.0,0.0,,228,0.0,228,Latest chronological test-window forecast
2025-05-31 03:00:00,4,193,201,Queens,Rockaway Park,Boro Zone,0.0,0.0,0.0,0.0,0.0,,229,0.0,229,Latest chronological test-window forecast
2025-05-31 03:00:00,4,194,202,Manhattan,Roosevelt Island,Boro Zone,0.0,0.0,0.0,0.0,0.0,,230,0.0,230,Latest chronological test-window forecast
2025-05-31 03:00:00,4,195,203,Queens,Rosedale,Boro Zone,0.0,1.0,0.0,1.0,0.0,,231,0.0,231,Latest chronological test-window forecast
2025-05-31 03:00:00,4,196,204,Staten Island,Rossville/Woodrow,Boro Zone,0.0,0.0,0.0,0.0,0.0,,232,0.0,232,Latest chronological test-window forecast
2025-05-31 03:00:00,4,197,205,Queens,Saint Albans,Boro Zone,0.0,1.0,0.0,1.0,0.0,,233,0.0,233,Latest chronological test-window forecast
2025-05-31 03:00:00,4,198,206,Staten Island,Saint George/New Brighton,Boro Zone,0.0,0.0,0.0,0.0,0.0,,234,0.0,234,Latest chronological test-window forecast
2025-05-31 03:00:00,4,199,207,Queens,Saint Michaels Cemetery/Woodside,Boro Zone,0.0,0.0,0.0,0.0,0.0,,235,0.0,235,Latest chronological test-window forecast
2025-05-31 03:00:00,4,200,208,Bronx,Schuylerville/Edgewater Park,Boro Zone,0.0,0.0,0.0,0.0,0.0,,236,0.0,236,Latest chronological test-window forecast
2025-05-31 03:00:00,4,201,209,Manhattan,Seaport,Yellow Zone,3.319,7.0,4.0,3.681,-0.681,-17.02,47,0.0341,48,Latest chronological test-window forecast
2025-05-31 03:00:00,4,202,210,Brooklyn,Sheepshead Bay,Boro Zone,0.0,0.0,0.0,0.0,0.0,,237,0.0,237,Latest chronological test-window forecast
2025-05-31 03:00:00,4,203,211,Manhattan,SoHo,Yellow Zone,7.648,30.0,9.0,22.352,-1.352,-15.02,22,0.0786,22,Latest chronological test-window forecast
2025-05-31 03:00:00,4,204,212,Bronx,Soundview/Bruckner,Boro Zone,0.729,0.0,1.0,0.729,-0.271,-27.1,104,0.0075,116,Latest chronological test-window forecast
2025-05-31 03:00:00,4,205,213,Bronx,Soundview/Castle Hill,Boro Zone,0.0,0.0,0.0,0.0,0.0,,238,0.0,238,Latest chronological test-window forecast
2025-05-31 03:00:00,4,206,214,Staten Island,South Beach/Dongan Hills,Boro Zone,0.0,0.0,0.0,0.0,0.0,,239,0.0,239,Latest chronological test-window forecast
2025-05-31 03:00:00,4,207,215,Queens,South Jamaica,Boro Zone,0.0,1.0,0.0,1.0,0.0,,240,0.0,240,Latest chronological test-window forecast
2025-05-31 03:00:00,4,208,216,Queens,South Ozone Park,Boro Zone,2.459,1.0,3.0,1.459,-0.541,-18.03,53,0.0253,53,Latest chronological test-window forecast
2025-05-31 03:00:00,4,209,217,Brooklyn,South Williamsburg,Boro Zone,0.0,1.0,0.0,1.0,0.0,,241,0.0,241,Latest chronological test-window forecast
2025-05-31 03:00:00,4,210,218,Queens,Springfield Gardens North,Boro Zone,0.0,0.0,0.0,0.0,0.0,,242,0.0,242,Latest chronological test-window forecast
2025-05-31 03:00:00,4,211,219,Queens,Springfield Gardens South,Boro Zone,0.729,0.0,1.0,0.729,-0.271,-27.1,105,0.0075,117,Latest chronological test-window forecast
2025-05-31 03:00:00,4,212,220,Bronx,Spuyten Duyvil/Kingsbridge,Boro Zone,0.0,0.0,0.0,0.0,0.0,,243,0.0,243,Latest chronological test-window forecast
2025-05-31 03:00:00,4,213,221,Staten Island,Stapleton,Boro Zone,0.0,0.0,0.0,0.0,0.0,,244,0.0,244,Latest chronological test-window forecast
2025-05-31 03:00:00,4,214,222,Brooklyn,Starrett City,Boro Zone,0.0,0.0,0.0,0.0,0.0,,245,0.0,245,Latest chronological test-window forecast
2025-05-31 03:00:00,4,215,223,Queens,Steinway,Boro Zone,0.725,1.0,1.0,0.275,-0.275,-27.5,126,0.0075,118,Latest chronological test-window forecast
2025-05-31 03:00:00,4,216,224,Manhattan,Stuy Town/Peter Cooper Village,Yellow Zone,3.324,15.0,4.0,11.676,-0.676,-16.9,46,0.0342,46,Latest chronological test-window forecast
2025-05-31 03:00:00,4,217,225,Brooklyn,Stuyvesant Heights,Boro Zone,6.767,5.0,8.0,1.767,-1.233,-15.41,32,0.0695,32,Latest chronological test-window forecast
2025-05-31 03:00:00,4,218,226,Queens,Sunnyside,Boro Zone,2.452,7.0,3.0,4.548,-0.548,-18.27,60,0.0252,61,Latest chronological test-window forecast
2025-05-31 03:00:00,4,219,227,Brooklyn,Sunset Park East,Boro Zone,0.0,0.0,0.0,0.0,0.0,,246,0.0,246,Latest chronological test-window forecast
2025-05-31 03:00:00,4,220,228,Brooklyn,Sunset Park West,Boro Zone,0.0,2.0,0.0,2.0,0.0,,247,0.0,247,Latest chronological test-window forecast
2025-05-31 03:00:00,4,221,229,Manhattan,Sutton Place/Turtle Bay North,Yellow Zone,9.371,15.0,11.0,5.629,-1.629,-14.81,18,0.0963,19,Latest chronological test-window forecast
2025-05-31 03:00:00,4,222,230,Manhattan,Times Sq/Theatre District,Yellow Zone,19.73,40.0,23.0,20.27,-3.27,-14.22,11,0.2027,11,Latest chronological test-window forecast
2025-05-31 03:00:00,4,223,231,Manhattan,TriBeCa/Civic Center,Yellow Zone,21.448,35.0,25.0,13.552,-3.552,-14.21,10,0.2204,10,Latest chronological test-window forecast
2025-05-31 03:00:00,4,224,232,Manhattan,Two Bridges/Seward Park,Yellow Zone,0.728,10.0,1.0,9.272,-0.272,-27.2,112,0.0075,119,Latest chronological test-window forecast
2025-05-31 03:00:00,4,225,233,Manhattan,UN/Turtle Bay South,Yellow Zone,6.775,8.0,8.0,1.225,-1.225,-15.31,31,0.0696,31,Latest chronological test-window forecast
2025-05-31 03:00:00,4,226,234,Manhattan,Union Sq,Yellow Zone,18.895,59.0,22.0,40.105,-3.105,-14.11,12,0.1942,12,Latest chronological test-window forecast
2025-05-31 03:00:00,4,227,235,Bronx,University Heights/Morris Heights,Boro Zone,0.729,1.0,1.0,0.271,-0.271,-27.1,106,0.0075,120,Latest chronological test-window forecast
2025-05-31 03:00:00,4,228,236,Manhattan,Upper East Side North,Yellow Zone,2.453,6.0,3.0,3.547,-0.547,-18.23,58,0.0252,62,Latest chronological test-window forecast
2025-05-31 03:00:00,4,229,237,Manhattan,Upper East Side South,Yellow Zone,5.044,11.0,6.0,5.956,-0.956,-15.93,41,0.0518,41,Latest chronological test-window forecast
2025-05-31 03:00:00,4,230,238,Manhattan,Upper West Side North,Yellow Zone,1.588,9.0,2.0,7.412,-0.412,-20.6,78,0.0163,80,Latest chronological test-window forecast
2025-05-31 03:00:00,4,231,239,Manhattan,Upper West Side South,Yellow Zone,6.766,11.0,8.0,4.234,-1.234,-15.42,33,0.0695,33,Latest chronological test-window forecast
2025-05-31 03:00:00,4,232,240,Bronx,Van Cortlandt Park,Boro Zone,0.0,0.0,0.0,0.0,0.0,,248,0.0,248,Latest chronological test-window forecast
2025-05-31 03:00:00,4,233,241,Bronx,Van Cortlandt Village,Boro Zone,0.0,0.0,0.0,0.0,0.0,,249,0.0,249,Latest chronological test-window forecast
2025-05-31 03:00:00,4,234,242,Bronx,Van Nest/Morris Park,Boro Zone,0.73,0.0,1.0,0.73,-0.27,-27.0,93,0.0075,121,Latest chronological test-window forecast
2025-05-31 03:00:00,4,235,243,Manhattan,Washington Heights North,Boro Zone,0.0,0.0,0.0,0.0,0.0,,250,0.0,250,Latest chronological test-window forecast
2025-05-31 03:00:00,4,236,244,Manhattan,Washington Heights South,Boro Zone,3.316,3.0,4.0,0.316,-0.684,-17.1,48,0.0341,49,Latest chronological test-window forecast
2025-05-31 03:00:00,4,237,245,Staten Island,West Brighton,Boro Zone,0.0,0.0,0.0,0.0,0.0,,251,0.0,251,Latest chronological test-window forecast
2025-05-31 03:00:00,4,238,246,Manhattan,West Chelsea/Hudson Yards,Yellow Zone,18.035,88.0,21.0,69.965,-2.965,-14.12,13,0.1853,13,Latest chronological test-window forecast
2025-05-31 03:00:00,4,239,247,Bronx,West Concourse,Boro Zone,0.0,2.0,0.0,2.0,0.0,,252,0.0,252,Latest chronological test-window forecast
2025-05-31 03:00:00,4,240,248,Bronx,West Farms/Bronx River,Boro Zone,1.592,0.0,2.0,1.592,-0.408,-20.4,71,0.0164,71,Latest chronological test-window forecast
2025-05-31 03:00:00,4,241,249,Manhattan,West Village,Yellow Zone,45.733,174.0,53.0,128.267,-7.267,-13.71,3,0.47,3,Latest chronological test-window forecast
2025-05-31 03:00:00,4,242,250,Bronx,Westchester Village/Unionport,Boro Zone,0.731,0.0,1.0,0.731,-0.269,-26.9,86,0.0075,122,Latest chronological test-window forecast
2025-05-31 03:00:00,4,243,251,Staten Island,Westerleigh,Boro Zone,0.0,0.0,0.0,0.0,0.0,,253,0.0,253,Latest chronological test-window forecast
2025-05-31 03:00:00,4,244,252,Queens,Whitestone,Boro Zone,0.0,0.0,0.0,0.0,0.0,,254,0.0,254,Latest chronological test-window forecast
2025-05-31 03:00:00,4,245,253,Queens,Willets Point,Boro Zone,0.0,0.0,0.0,0.0,0.0,,255,0.0,255,Latest chronological test-window forecast
2025-05-31 03:00:00,4,246,254,Bronx,Williamsbridge/Olinville,Boro Zone,0.73,0.0,1.0,0.73,-0.27,-27.0,94,0.0075,123,Latest chronological test-window forecast
2025-05-31 03:00:00,4,247,255,Brooklyn,Williamsburg (North Side),Boro Zone,7.622,58.0,9.0,50.378,-1.378,-15.31,27,0.0783,27,Latest chronological test-window forecast
2025-05-31 03:00:00,4,248,256,Brooklyn,Williamsburg (South Side),Boro Zone,6.76,15.0,8.0,8.24,-1.24,-15.5,34,0.0695,34,Latest chronological test-window forecast
2025-05-31 03:00:00,4,249,257,Brooklyn,Windsor Terrace,Boro Zone,0.0,1.0,0.0,1.0,0.0,,256,0.0,256,Latest chronological test-window forecast
2025-05-31 03:00:00,4,250,258,Queens,Woodhaven,Boro Zone,0.729,2.0,1.0,1.271,-0.271,-27.1,107,0.0075,124,Latest chronological test-window forecast
2025-05-31 03:00:00,4,251,259,Bronx,Woodlawn/Wakefield,Boro Zone,0.731,2.0,1.0,1.269,-0.269,-26.9,87,0.0075,125,Latest chronological test-window forecast
2025-05-31 03:00:00,4,252,260,Queens,Woodside,Boro Zone,1.589,10.0,2.0,8.411,-0.411,-20.55,75,0.0163,81,Latest chronological test-window forecast
2025-05-31 03:00:00,4,253,261,Manhattan,World Trade Center,Yellow Zone,2.455,2.0,3.0,0.455,-0.545,-18.17,56,0.0252,63,Latest chronological test-window forecast
2025-05-31 03:00:00,4,254,262,Manhattan,Yorkville East,Yellow Zone,0.728,2.0,1.0,1.272,-0.272,-27.2,113,0.0075,126,Latest chronological test-window forecast
2025-05-31 03:00:00,4,255,263,Manhattan,Yorkville West,Yellow Zone,8.49,24.0,10.0,15.51,-1.51,-15.1,21,0.0872,21,Latest chronological test-window forecast
2025-05-31 04:00:00,5,0,1,EWR,Newark Airport,EWR,0.0,0.0,0.0,0.0,0.0,,133,0.0,133,Latest chronological test-window forecast
2025-05-31 04:00:00,5,1,2,Queens,Jamaica Bay,Boro Zone,0.0,0.0,0.0,0.0,0.0,,134,0.0,134,Latest chronological test-window forecast
2025-05-31 04:00:00,5,2,3,Bronx,Allerton/Pelham Gardens,Boro Zone,1.623,1.0,2.0,0.623,-0.377,-18.85,78,0.0284,77,Latest chronological test-window forecast
2025-05-31 04:00:00,5,3,4,Manhattan,Alphabet City,Yellow Zone,4.233,10.0,5.0,5.767,-0.767,-15.34,47,0.0741,47,Latest chronological test-window forecast
2025-05-31 04:00:00,5,4,6,Staten Island,Arrochar/Fort Wadsworth,Boro Zone,0.0,0.0,0.0,0.0,0.0,,135,0.0,135,Latest chronological test-window forecast
2025-05-31 04:00:00,5,5,7,Queens,Astoria,Boro Zone,4.235,9.0,5.0,4.765,-0.765,-15.3,44,0.0742,43,Latest chronological test-window forecast
2025-05-31 04:00:00,5,6,8,Queens,Astoria Park,Boro Zone,0.0,0.0,0.0,0.0,0.0,,136,0.0,136,Latest chronological test-window forecast
2025-05-31 04:00:00,5,7,9,Queens,Auburndale,Boro Zone,0.0,0.0,0.0,0.0,0.0,,137,0.0,137,Latest chronological test-window forecast
2025-05-31 04:00:00,5,8,10,Queens,Baisley Park,Boro Zone,0.0,1.0,0.0,1.0,0.0,,138,0.0,138,Latest chronological test-window forecast
2025-05-31 04:00:00,5,9,11,Brooklyn,Bath Beach,Boro Zone,0.753,0.0,1.0,0.753,-0.247,-24.7,98,0.0132,98,Latest chronological test-window forecast
2025-05-31 04:00:00,5,10,12,Manhattan,Battery Park,Yellow Zone,0.0,0.0,0.0,0.0,0.0,,139,0.0,139,Latest chronological test-window forecast
2025-05-31 04:00:00,5,11,13,Manhattan,Battery Park City,Yellow Zone,0.742,2.0,1.0,1.258,-0.258,-25.8,129,0.013,122,Latest chronological test-window forecast
2025-05-31 04:00:00,5,12,14,Brooklyn,Bay Ridge,Boro Zone,0.0,0.0,0.0,0.0,0.0,,140,0.0,140,Latest chronological test-window forecast
2025-05-31 04:00:00,5,13,15,Queens,Bay Terrace/Fort Totten,Boro Zone,0.0,1.0,0.0,1.0,0.0,,141,0.0,141,Latest chronological test-window forecast
2025-05-31 04:00:00,5,14,16,Queens,Bayside,Boro Zone,0.0,0.0,0.0,0.0,0.0,,142,0.0,142,Latest chronological test-window forecast
2025-05-31 04:00:00,5,15,17,Brooklyn,Bedford,Boro Zone,2.49,0.0,3.0,2.49,-0.51,-17.0,68,0.0436,68,Latest chronological test-window forecast
2025-05-31 04:00:00,5,16,18,Bronx,Bedford Park,Boro Zone,0.0,0.0,0.0,0.0,0.0,,143,0.0,143,Latest chronological test-window forecast
2025-05-31 04:00:00,5,17,19,Queens,Bellerose,Boro Zone,0.0,0.0,0.0,0.0,0.0,,144,0.0,144,Latest chronological test-window forecast
2025-05-31 04:00:00,5,18,20,Bronx,Belmont,Boro Zone,1.621,0.0,2.0,1.621,-0.379,-18.95,85,0.0284,78,Latest chronological test-window forecast
2025-05-31 04:00:00,5,19,21,Brooklyn,Bensonhurst East,Boro Zone,0.0,0.0,0.0,0.0,0.0,,145,0.0,145,Latest chronological test-window forecast
2025-05-31 04:00:00,5,20,22,Brooklyn,Bensonhurst West,Boro Zone,0.0,0.0,0.0,0.0,0.0,,146,0.0,146,Latest chronological test-window forecast
2025-05-31 04:00:00,5,21,23,Staten Island,Bloomfield/Emerson Hill,Boro Zone,0.749,0.0,1.0,0.749,-0.251,-25.1,104,0.0131,101,Latest chronological test-window forecast
2025-05-31 04:00:00,5,22,24,Manhattan,Bloomingdale,Yellow Zone,3.354,2.0,4.0,1.354,-0.646,-16.15,60,0.0587,60,Latest chronological test-window forecast
2025-05-31 04:00:00,5,23,25,Brooklyn,Boerum Hill,Boro Zone,0.0,3.0,0.0,3.0,0.0,,147,0.0,147,Latest chronological test-window forecast
2025-05-31 04:00:00,5,24,26,Brooklyn,Borough Park,Boro Zone,0.0,0.0,0.0,0.0,0.0,,148,0.0,148,Latest chronological test-window forecast
2025-05-31 04:00:00,5,25,27,Queens,Breezy Point/Fort Tilden/Riis Beach,Boro Zone,0.0,0.0,0.0,0.0,0.0,,149,0.0,149,Latest chronological test-window forecast
2025-05-31 04:00:00,5,26,28,Queens,Briarwood/Jamaica Hills,Boro Zone,0.0,0.0,0.0,0.0,0.0,,150,0.0,150,Latest chronological test-window forecast
2025-05-31 04:00:00,5,27,29,Brooklyn,Brighton Beach,Boro Zone,0.0,0.0,0.0,0.0,0.0,,151,0.0,151,Latest chronological test-window forecast
2025-05-31 04:00:00,5,28,30,Queens,Broad Channel,Boro Zone,0.0,0.0,0.0,0.0,0.0,,152,0.0,152,Latest chronological test-window forecast
2025-05-31 04:00:00,5,29,31,Bronx,Bronx Park,Boro Zone,0.0,0.0,0.0,0.0,0.0,,153,0.0,153,Latest chronological test-window forecast
2025-05-31 04:00:00,5,30,32,Bronx,Bronxdale,Boro Zone,0.0,1.0,0.0,1.0,0.0,,154,0.0,154,Latest chronological test-window forecast
2025-05-31 04:00:00,5,31,33,Brooklyn,Brooklyn Heights,Boro Zone,1.613,3.0,2.0,1.387,-0.387,-19.35,96,0.0283,88,Latest chronological test-window forecast
2025-05-31 04:00:00,5,32,34,Brooklyn,Brooklyn Navy Yard,Boro Zone,0.0,0.0,0.0,0.0,0.0,,155,0.0,155,Latest chronological test-window forecast
2025-05-31 04:00:00,5,33,35,Brooklyn,Brownsville,Boro Zone,4.243,2.0,5.0,2.243,-0.757,-15.14,42,0.0743,42,Latest chronological test-window forecast
2025-05-31 04:00:00,5,34,36,Brooklyn,Bushwick North,Boro Zone,4.232,27.0,5.0,22.768,-0.768,-15.36,48,0.0741,48,Latest chronological test-window forecast
2025-05-31 04:00:00,5,35,37,Brooklyn,Bushwick South,Boro Zone,5.104,24.0,6.0,18.896,-0.896,-14.93,39,0.0894,39,Latest chronological test-window forecast
2025-05-31 04:00:00,5,36,38,Queens,Cambria Heights,Boro Zone,0.745,0.0,1.0,0.745,-0.255,-25.5,122,0.013,123,Latest chronological test-window forecast
2025-05-31 04:00:00,5,37,39,Brooklyn,Canarsie,Boro Zone,0.0,1.0,0.0,1.0,0.0,,156,0.0,156,Latest chronological test-window forecast
2025-05-31 04:00:00,5,38,40,Brooklyn,Carroll Gardens,Boro Zone,0.0,0.0,0.0,0.0,0.0,,157,0.0,157,Latest chronological test-window forecast
2025-05-31 04:00:00,5,39,41,Manhattan,Central Harlem,Boro Zone,4.232,5.0,5.0,0.768,-0.768,-15.36,49,0.0741,49,Latest chronological test-window forecast
2025-05-31 04:00:00,5,40,42,Manhattan,Central Harlem North,Boro Zone,5.109,7.0,6.0,1.891,-0.891,-14.85,37,0.0895,37,Latest chronological test-window forecast
2025-05-31 04:00:00,5,41,43,Manhattan,Central Park,Yellow Zone,1.615,2.0,2.0,0.385,-0.385,-19.25,91,0.0283,89,Latest chronological test-window forecast
2025-05-31 04:00:00,5,42,44,Staten Island,Charleston/Tottenville,Boro Zone,0.0,0.0,0.0,0.0,0.0,,158,0.0,158,Latest chronological test-window forecast
2025-05-31 04:00:00,5,43,45,Manhattan,Chinatown,Yellow Zone,2.484,4.0,3.0,1.516,-0.516,-17.2,73,0.0435,69,Latest chronological test-window forecast
2025-05-31 04:00:00,5,44,46,Bronx,City Island,Boro Zone,0.0,0.0,0.0,0.0,0.0,,159,0.0,159,Latest chronological test-window forecast
2025-05-31 04:00:00,5,45,47,Bronx,Claremont/Bathgate,Boro Zone,0.0,0.0,0.0,0.0,0.0,,160,0.0,160,Latest chronological test-window forecast
2025-05-31 04:00:00,5,46,48,Manhattan,Clinton East,Yellow Zone,33.839,61.0,39.0,27.161,-5.161,-13.23,3,0.5927,3,Latest chronological test-window forecast
2025-05-31 04:00:00,5,47,49,Brooklyn,Clinton Hill,Boro Zone,1.615,0.0,2.0,1.615,-0.385,-19.25,92,0.0283,90,Latest chronological test-window forecast
2025-05-31 04:00:00,5,48,50,Manhattan,Clinton West,Yellow Zone,5.973,24.0,7.0,18.027,-1.027,-14.67,34,0.1046,34,Latest chronological test-window forecast
2025-05-31 04:00:00,5,49,51,Bronx,Co-Op City,Boro Zone,2.499,0.0,3.0,2.499,-0.501,-16.7,63,0.0438,63,Latest chronological test-window forecast
2025-05-31 04:00:00,5,50,52,Brooklyn,Cobble Hill,Boro Zone,0.0,1.0,0.0,1.0,0.0,,161,0.0,161,Latest chronological test-window forecast
2025-05-31 04:00:00,5,51,53,Queens,College Point,Boro Zone,0.0,0.0,0.0,0.0,0.0,,162,0.0,162,Latest chronological test-window forecast
2025-05-31 04:00:00,5,52,54,Brooklyn,Columbia Street,Boro Zone,0.0,0.0,0.0,0.0,0.0,,163,0.0,163,Latest chronological test-window forecast
2025-05-31 04:00:00,5,53,55,Brooklyn,Coney Island,Boro Zone,0.752,0.0,1.0,0.752,-0.248,-24.8,99,0.0132,99,Latest chronological test-window forecast
2025-05-31 04:00:00,5,54,56,Queens,Corona,Boro Zone,1.622,0.0,2.0,1.622,-0.378,-18.9,82,0.0284,79,Latest chronological test-window forecast
2025-05-31 04:00:00,5,55,57,Queens,Corona,Boro Zone,0.0,0.0,0.0,0.0,0.0,,164,0.0,164,Latest chronological test-window forecast
2025-05-31 04:00:00,5,56,58,Bronx,Country Club,Boro Zone,0.0,0.0,0.0,0.0,0.0,,165,0.0,165,Latest chronological test-window forecast
2025-05-31 04:00:00,5,57,59,Bronx,Crotona Park,Boro Zone,0.0,0.0,0.0,0.0,0.0,,166,0.0,166,Latest chronological test-window forecast
2025-05-31 04:00:00,5,58,60,Bronx,Crotona Park East,Boro Zone,0.0,1.0,0.0,1.0,0.0,,167,0.0,167,Latest chronological test-window forecast
2025-05-31 04:00:00,5,59,61,Brooklyn,Crown Heights North,Boro Zone,4.235,5.0,5.0,0.765,-0.765,-15.3,45,0.0742,44,Latest chronological test-window forecast
2025-05-31 04:00:00,5,60,62,Brooklyn,Crown Heights South,Boro Zone,0.0,1.0,0.0,1.0,0.0,,168,0.0,168,Latest chronological test-window forecast
2025-05-31 04:00:00,5,61,63,Brooklyn,Cypress Hills,Boro Zone,0.747,0.0,1.0,0.747,-0.253,-25.3,116,0.0131,102,Latest chronological test-window forecast
2025-05-31 04:00:00,5,62,64,Queens,Douglaston,Boro Zone,0.0,0.0,0.0,0.0,0.0,,169,0.0,169,Latest chronological test-window forecast
2025-05-31 04:00:00,5,63,65,Brooklyn,Downtown Brooklyn/MetroTech,Boro Zone,2.483,2.0,3.0,0.483,-0.517,-17.23,75,0.0435,70,Latest chronological test-window forecast
2025-05-31 04:00:00,5,64,66,Brooklyn,DUMBO/Vinegar Hill,Boro Zone,0.742,0.0,1.0,0.742,-0.258,-25.8,130,0.013,124,Latest chronological test-window forecast
2025-05-31 04:00:00,5,65,67,Brooklyn,Dyker Heights,Boro Zone,0.0,0.0,0.0,0.0,0.0,,170,0.0,170,Latest chronological test-window forecast
2025-05-31 04:00:00,5,66,68,Manhattan,East Chelsea,Yellow Zone,12.942,43.0,15.0,30.058,-2.058,-13.72,17,0.2267,17,Latest chronological test-window forecast
2025-05-31 04:00:00,5,67,69,Bronx,East Concourse/Concourse Village,Boro Zone,0.0,3.0,0.0,3.0,0.0,,171,0.0,171,Latest chronological test-window forecast
2025-05-31 04:00:00,5,68,70,Queens,East Elmhurst,Boro Zone,0.0,0.0,0.0,0.0,0.0,,172,0.0,172,Latest chronological test-window forecast
2025-05-31 04:00:00,5,69,71,Brooklyn,East Flatbush/Farragut,Boro Zone,0.0,1.0,0.0,1.0,0.0,,173,0.0,173,Latest chronological test-window forecast
2025-05-31 04:00:00,5,70,72,Brooklyn,East Flatbush/Remsen Village,Boro Zone,0.747,0.0,1.0,0.747,-0.253,-25.3,117,0.0131,103,Latest chronological test-window forecast
2025-05-31 04:00:00,5,71,73,Queens,East Flushing,Boro Zone,0.0,0.0,0.0,0.0,0.0,,174,0.0,174,Latest chronological test-window forecast
2025-05-31 04:00:00,5,72,74,Manhattan,East Harlem North,Boro Zone,9.463,10.0,11.0,0.537,-1.537,-13.97,25,0.1658,25,Latest chronological test-window forecast
2025-05-31 04:00:00,5,73,75,Manhattan,East Harlem South,Boro Zone,5.97,2.0,7.0,3.97,-1.03,-14.71,36,0.1046,35,Latest chronological test-window forecast
2025-05-31 04:00:00,5,74,76,Brooklyn,East New York,Boro Zone,1.621,3.0,2.0,1.379,-0.379,-18.95,86,0.0284,80,Latest chronological test-window forecast
2025-05-31 04:00:00,5,75,77,Brooklyn,East New York/Pennsylvania Avenue,Boro Zone,0.747,1.0,1.0,0.253,-0.253,-25.3,118,0.0131,104,Latest chronological test-window forecast
2025-05-31 04:00:00,5,76,78,Bronx,East Tremont,Boro Zone,0.0,0.0,0.0,0.0,0.0,,175,0.0,175,Latest chronological test-window forecast
2025-05-31 04:00:00,5,77,79,Manhattan,East Village,Yellow Zone,39.964,113.0,46.0,73.036,-6.036,-13.12,1,0.7,1,Latest chronological test-window forecast
2025-05-31 04:00:00,5,78,80,Brooklyn,East Williamsburg,Boro Zone,2.486,29.0,3.0,26.514,-0.514,-17.13,69,0.0435,71,Latest chronological test-window forecast
2025-05-31 04:00:00,5,79,81,Bronx,Eastchester,Boro Zone,0.0,0.0,0.0,0.0,0.0,,176,0.0,176,Latest chronological test-window forecast
2025-05-31 04:00:00,5,80,82,Queens,Elmhurst,Boro Zone,1.621,9.0,2.0,7.379,-0.379,-18.95,87,0.0284,81,Latest chronological test-window forecast
2025-05-31 04:00:00,5,81,83,Queens,Elmhurst/Maspeth,Boro Zone,3.362,1.0,4.0,2.362,-0.638,-15.95,56,0.0589,56,Latest chronological test-window forecast
2025-05-31 04:00:00,5,82,84,Staten Island,Eltingville/Annadale/Prince's Bay,Boro Zone,0.0,0.0,0.0,0.0,0.0,,177,0.0,177,Latest chronological test-window forecast
2025-05-31 04:00:00,5,83,85,Brooklyn,Erasmus,Boro Zone,4.239,2.0,5.0,2.239,-0.761,-15.22,43,0.0742,45,Latest chronological test-window forecast
2025-05-31 04:00:00,5,84,86,Queens,Far Rockaway,Boro Zone,0.0,0.0,0.0,0.0,0.0,,178,0.0,178,Latest chronological test-window forecast
2025-05-31 04:00:00,5,85,87,Manhattan,Financial District North,Yellow Zone,5.973,6.0,7.0,0.027,-1.027,-14.67,35,0.1046,36,Latest chronological test-window forecast
2025-05-31 04:00:00,5,86,88,Manhattan,Financial District South,Yellow Zone,0.744,2.0,1.0,1.256,-0.256,-25.6,124,0.013,125,Latest chronological test-window forecast
2025-05-31 04:00:00,5,87,89,Brooklyn,Flatbush/Ditmas Park,Boro Zone,1.623,3.0,2.0,1.377,-0.377,-18.85,79,0.0284,82,Latest chronological test-window forecast
2025-05-31 04:00:00,5,88,90,Manhattan,Flatiron,Yellow Zone,10.337,32.0,12.0,21.663,-1.663,-13.86,23,0.1811,23,Latest chronological test-window forecast
2025-05-31 04:00:00,5,89,91,Brooklyn,Flatlands,Boro Zone,2.498,1.0,3.0,1.498,-0.502,-16.73,64,0.0438,64,Latest chronological test-window forecast
2025-05-31 04:00:00,5,90,92,Queens,Flushing,Boro Zone,0.0,2.0,0.0,2.0,0.0,,179,0.0,179,Latest chronological test-window forecast
2025-05-31 04:00:00,5,91,93,Queens,Flushing Meadows-Corona Park,Boro Zone,0.0,0.0,0.0,0.0,0.0,,180,0.0,180,Latest chronological test-window forecast
2025-05-31 04:00:00,5,92,94,Bronx,Fordham South,Boro Zone,0.747,1.0,1.0,0.253,-0.253,-25.3,119,0.0131,105,Latest chronological test-window forecast
2025-05-31 04:00:00,5,93,95,Queens,Forest Hills,Boro Zone,0.0,1.0,0.0,1.0,0.0,,181,0.0,181,Latest chronological test-window forecast
2025-05-31 04:00:00,5,94,96,Queens,Forest Park/Highland Park,Boro Zone,0.0,0.0,0.0,0.0,0.0,,182,0.0,182,Latest chronological test-window forecast
2025-05-31 04:00:00,5,95,97,Brooklyn,Fort Greene,Boro Zone,0.743,1.0,1.0,0.257,-0.257,-25.7,127,0.013,126,Latest chronological test-window forecast
2025-05-31 04:00:00,5,96,98,Queens,Fresh Meadows,Boro Zone,1.627,0.0,2.0,1.627,-0.373,-18.65,76,0.0285,76,Latest chronological test-window forecast
2025-05-31 04:00:00,5,97,100,Manhattan,Garment District,Yellow Zone,11.206,12.0,13.0,0.794,-1.794,-13.8,19,0.1963,19,Latest chronological test-window forecast
2025-05-31 04:00:00,5,98,101,Queens,Glen Oaks,Boro Zone,0.0,0.0,0.0,0.0,0.0,,183,0.0,183,Latest chronological test-window forecast
2025-05-31 04:00:00,5,99,102,Queens,Glendale,Boro Zone,0.0,0.0,0.0,0.0,0.0,,184,0.0,184,Latest chronological test-window forecast
2025-05-31 04:00:00,5,100,106,Brooklyn,Gowanus,Boro Zone,0.0,0.0,0.0,0.0,0.0,,185,0.0,185,Latest chronological test-window forecast
2025-05-31 04:00:00,5,101,107,Manhattan,Gramercy,Yellow Zone,16.431,29.0,19.0,12.569,-2.569,-13.52,9,0.2878,9,Latest chronological test-window forecast
2025-05-31 04:00:00,5,102,108,Brooklyn,Gravesend,Boro Zone,0.0,0.0,0.0,0.0,0.0,,186,0.0,186,Latest chronological test-window forecast
2025-05-31 04:00:00,5,103,109,Staten Island,Great Kills,Boro Zone,0.0,0.0,0.0,0.0,0.0,,187,0.0,187,Latest chronological test-window forecast
2025-05-31 04:00:00,5,104,111,Brooklyn,Green-Wood Cemetery,Boro Zone,0.0,0.0,0.0,0.0,0.0,,188,0.0,188,Latest chronological test-window forecast
2025-05-31 04:00:00,5,105,112,Brooklyn,Greenpoint,Boro Zone,2.485,13.0,3.0,10.515,-0.515,-17.17,72,0.0435,72,Latest chronological test-window forecast
2025-05-31 04:00:00,5,106,113,Manhattan,Greenwich Village North,Yellow Zone,5.101,41.0,6.0,35.899,-0.899,-14.98,40,0.0893,40,Latest chronological test-window forecast
2025-05-31 04:00:00,5,107,114,Manhattan,Greenwich Village South,Yellow Zone,12.957,36.0,15.0,23.043,-2.043,-13.62,15,0.227,14,Latest chronological test-window forecast
2025-05-31 04:00:00,5,108,115,Staten Island,Grymes Hill/Clifton,Boro Zone,0.0,0.0,0.0,0.0,0.0,,189,0.0,189,Latest chronological test-window forecast
2025-05-31 04:00:00,5,109,116,Manhattan,Hamilton Heights,Boro Zone,2.486,2.0,3.0,0.486,-0.514,-17.13,70,0.0435,73,Latest chronological test-window forecast
2025-05-31 04:00:00,5,110,117,Queens,Hammels/Arverne,Boro Zone,0.748,0.0,1.0,0.748,-0.252,-25.2,109,0.0131,106,Latest chronological test-window forecast
2025-05-31 04:00:00,5,111,118,Staten Island,Heartland Village/Todt Hill,Boro Zone,0.0,0.0,0.0,0.0,0.0,,190,0.0,190,Latest chronological test-window forecast
2025-05-31 04:00:00,5,112,119,Bronx,Highbridge,Boro Zone,0.746,3.0,1.0,2.254,-0.254,-25.4,121,0.0131,107,Latest chronological test-window forecast
2025-05-31 04:00:00,5,113,120,Manhattan,Highbridge Park,Boro Zone,0.0,0.0,0.0,0.0,0.0,,191,0.0,191,Latest chronological test-window forecast
2025-05-31 04:00:00,5,114,121,Queens,Hillcrest/Pomonok,Boro Zone,0.75,1.0,1.0,0.25,-0.25,-25.0,101,0.0131,108,Latest chronological test-window forecast
2025-05-31 04:00:00,5,115,122,Queens,Hollis,Boro Zone,0.0,0.0,0.0,0.0,0.0,,192,0.0,192,Latest chronological test-window forecast
2025-05-31 04:00:00,5,116,123,Brooklyn,Homecrest,Boro Zone,0.0,1.0,0.0,1.0,0.0,,193,0.0,193,Latest chronological test-window forecast
2025-05-31 04:00:00,5,117,124,Queens,Howard Beach,Boro Zone,0.0,0.0,0.0,0.0,0.0,,194,0.0,194,Latest chronological test-window forecast
2025-05-31 04:00:00,5,118,125,Manhattan,Hudson Sq,Yellow Zone,8.597,10.0,10.0,1.403,-1.403,-14.03,28,0.1506,28,Latest chronological test-window forecast
2025-05-31 04:00:00,5,119,126,Bronx,Hunts Point,Boro Zone,0.0,1.0,0.0,1.0,0.0,,195,0.0,195,Latest chronological test-window forecast
2025-05-31 04:00:00,5,120,127,Manhattan,Inwood,Boro Zone,0.0,0.0,0.0,0.0,0.0,,196,0.0,196,Latest chronological test-window forecast
2025-05-31 04:00:00,5,121,128,Manhattan,Inwood Hill Park,Boro Zone,0.0,0.0,0.0,0.0,0.0,,197,0.0,197,Latest chronological test-window forecast
2025-05-31 04:00:00,5,122,129,Queens,Jackson Heights,Boro Zone,8.602,13.0,10.0,4.398,-1.398,-13.98,27,0.1507,27,Latest chronological test-window forecast
2025-05-31 04:00:00,5,123,130,Queens,Jamaica,Boro Zone,2.497,6.0,3.0,3.503,-0.503,-16.77,65,0.0437,65,Latest chronological test-window forecast
2025-05-31 04:00:00,5,124,131,Queens,Jamaica Estates,Boro Zone,0.0,0.0,0.0,0.0,0.0,,198,0.0,198,Latest chronological test-window forecast
2025-05-31 04:00:00,5,125,132,Queens,JFK Airport,Airports,3.355,10.0,4.0,6.645,-0.645,-16.12,59,0.0588,58,Latest chronological test-window forecast
2025-05-31 04:00:00,5,126,133,Brooklyn,Kensington,Boro Zone,0.75,2.0,1.0,1.25,-0.25,-25.0,102,0.0131,109,Latest chronological test-window forecast
2025-05-31 04:00:00,5,127,134,Queens,Kew Gardens,Boro Zone,0.748,0.0,1.0,0.748,-0.252,-25.2,110,0.0131,110,Latest chronological test-window forecast
2025-05-31 04:00:00,5,128,135,Queens,Kew Gardens Hills,Boro Zone,0.748,0.0,1.0,0.748,-0.252,-25.2,111,0.0131,111,Latest chronological test-window forecast
2025-05-31 04:00:00,5,129,136,Bronx,Kingsbridge Heights,Boro Zone,0.0,0.0,0.0,0.0,0.0,,199,0.0,199,Latest chronological test-window forecast
2025-05-31 04:00:00,5,130,137,Manhattan,Kips Bay,Yellow Zone,10.321,11.0,12.0,0.679,-1.679,-13.99,24,0.1808,24,Latest chronological test-window forecast
2025-05-31 04:00:00,5,131,138,Queens,LaGuardia Airport,Airports,0.742,1.0,1.0,0.258,-0.258,-25.8,131,0.013,127,Latest chronological test-window forecast
2025-05-31 04:00:00,5,132,139,Queens,Laurelton,Boro Zone,0.748,1.0,1.0,0.252,-0.252,-25.2,112,0.0131,112,Latest chronological test-window forecast
2025-05-31 04:00:00,5,133,140,Manhattan,Lenox Hill East,Yellow Zone,4.225,9.0,5.0,4.775,-0.775,-15.5,54,0.074,54,Latest chronological test-window forecast
2025-05-31 04:00:00,5,134,141,Manhattan,Lenox Hill West,Yellow Zone,13.811,16.0,16.0,2.189,-2.189,-13.68,12,0.2419,12,Latest chronological test-window forecast
2025-05-31 04:00:00,5,135,142,Manhattan,Lincoln Square East,Yellow Zone,8.582,10.0,10.0,1.418,-1.418,-14.18,31,0.1503,31,Latest chronological test-window forecast
2025-05-31 04:00:00,5,136,143,Manhattan,Lincoln Square West,Yellow Zone,4.228,3.0,5.0,1.228,-0.772,-15.44,53,0.0741,50,Latest chronological test-window forecast
2025-05-31 04:00:00,5,137,144,Manhattan,Little Italy/NoLiTa,Yellow Zone,20.802,49.0,24.0,28.198,-3.198,-13.32,6,0.3644,6,Latest chronological test-window forecast
2025-05-31 04:00:00,5,138,145,Queens,Long Island City/Hunters Point,Boro Zone,4.229,5.0,5.0,0.771,-0.771,-15.42,52,0.0741,51,Latest chronological test-window forecast
2025-05-31 04:00:00,5,139,146,Queens,Long Island City/Queens Plaza,Boro Zone,3.354,6.0,4.0,2.646,-0.646,-16.15,61,0.0587,61,Latest chronological test-window forecast
2025-05-31 04:00:00,5,140,147,Bronx,Longwood,Boro Zone,1.622,0.0,2.0,1.622,-0.378,-18.9,83,0.0284,83,Latest chronological test-window forecast
2025-05-31 04:00:00,5,141,148,Manhattan,Lower East Side,Yellow Zone,19.048,93.0,22.0,73.952,-2.952,-13.42,7,0.3336,7,Latest chronological test-window forecast
2025-05-31 04:00:00,5,142,149,Brooklyn,Madison,Boro Zone,0.0,0.0,0.0,0.0,0.0,,200,0.0,200,Latest chronological test-window forecast
2025-05-31 04:00:00,5,143,150,Brooklyn,Manhattan Beach,Boro Zone,0.0,0.0,0.0,0.0,0.0,,201,0.0,201,Latest chronological test-window forecast
2025-05-31 04:00:00,5,144,151,Manhattan,Manhattan Valley,Yellow Zone,4.225,3.0,5.0,1.225,-0.775,-15.5,55,0.074,55,Latest chronological test-window forecast
2025-05-31 04:00:00,5,145,152,Manhattan,Manhattanville,Boro Zone,1.613,3.0,2.0,1.387,-0.387,-19.35,97,0.0283,91,Latest chronological test-window forecast
2025-05-31 04:00:00,5,146,153,Manhattan,Marble Hill,Boro Zone,0.0,0.0,0.0,0.0,0.0,,202,0.0,202,Latest chronological test-window forecast
2025-05-31 04:00:00,5,147,154,Brooklyn,Marine Park/Floyd Bennett Field,Boro Zone,0.0,0.0,0.0,0.0,0.0,,203,0.0,203,Latest chronological test-window forecast
2025-05-31 04:00:00,5,148,155,Brooklyn,Marine Park/Mill Basin,Boro Zone,0.0,0.0,0.0,0.0,0.0,,204,0.0,204,Latest chronological test-window forecast
2025-05-31 04:00:00,5,149,156,Staten Island,Mariners Harbor,Boro Zone,0.0,0.0,0.0,0.0,0.0,,205,0.0,205,Latest chronological test-window forecast
2025-05-31 04:00:00,5,150,157,Queens,Maspeth,Boro Zone,0.0,25.0,0.0,25.0,0.0,,206,0.0,206,Latest chronological test-window forecast
2025-05-31 04:00:00,5,151,158,Manhattan,Meatpacking/West Village West,Yellow Zone,1.617,18.0,2.0,16.383,-0.383,-19.15,88,0.0283,92,Latest chronological test-window forecast
2025-05-31 04:00:00,5,152,159,Bronx,Melrose South,Boro Zone,1.622,1.0,2.0,0.622,-0.378,-18.9,84,0.0284,84,Latest chronological test-window forecast
2025-05-31 04:00:00,5,153,160,Queens,Middle Village,Boro Zone,0.0,2.0,0.0,2.0,0.0,,207,0.0,207,Latest chronological test-window forecast
2025-05-31 04:00:00,5,154,161,Manhattan,Midtown Center,Yellow Zone,11.203,14.0,13.0,2.797,-1.797,-13.82,20,0.1962,20,Latest chronological test-window forecast
2025-05-31 04:00:00,5,155,162,Manhattan,Midtown East,Yellow Zone,12.947,10.0,15.0,2.947,-2.053,-13.69,16,0.2268,16,Latest chronological test-window forecast
2025-05-31 04:00:00,5,156,163,Manhattan,Midtown North,Yellow Zone,17.305,15.0,20.0,2.305,-2.695,-13.48,8,0.3031,8,Latest chronological test-window forecast
2025-05-31 04:00:00,5,157,164,Manhattan,Midtown South,Yellow Zone,14.688,38.0,17.0,23.312,-2.312,-13.6,11,0.2573,10,Latest chronological test-window forecast
2025-05-31 04:00:00,5,158,165,Brooklyn,Midwood,Boro Zone,2.505,0.0,3.0,2.505,-0.495,-16.5,62,0.0439,62,Latest chronological test-window forecast
2025-05-31 04:00:00,5,159,166,Manhattan,Morningside Heights,Boro Zone,2.484,3.0,3.0,0.516,-0.516,-17.2,74,0.0435,74,Latest chronological test-window forecast
2025-05-31 04:00:00,5,160,167,Bronx,Morrisania/Melrose,Boro Zone,0.0,0.0,0.0,0.0,0.0,,208,0.0,208,Latest chronological test-window forecast
2025-05-31 04:00:00,5,161,168,Bronx,Mott Haven/Port Morris,Boro Zone,2.496,8.0,3.0,5.504,-0.504,-16.8,66,0.0437,66,Latest chronological test-window forecast
2025-05-31 04:00:00,5,162,169,Bronx,Mount Hope,Boro Zone,0.749,1.0,1.0,0.251,-0.251,-25.1,105,0.0131,113,Latest chronological test-window forecast
2025-05-31 04:00:00,5,163,170,Manhattan,Murray Hill,Yellow Zone,14.689,23.0,17.0,8.311,-2.311,-13.59,10,0.2573,11,Latest chronological test-window forecast
2025-05-31 04:00:00,5,164,171,Queens,Murray Hill-Queens,Boro Zone,0.0,0.0,0.0,0.0,0.0,,209,0.0,209,Latest chronological test-window forecast
2025-05-31 04:00:00,5,165,172,Staten Island,New Dorp/Midland Beach,Boro Zone,0.0,0.0,0.0,0.0,0.0,,210,0.0,210,Latest chronological test-window forecast
2025-05-31 04:00:00,5,166,173,Queens,North Corona,Boro Zone,0.0,2.0,0.0,2.0,0.0,,211,0.0,211,Latest chronological test-window forecast
2025-05-31 04:00:00,5,167,174,Bronx,Norwood,Boro Zone,0.0,0.0,0.0,0.0,0.0,,212,0.0,212,Latest chronological test-window forecast
2025-05-31 04:00:00,5,168,175,Queens,Oakland Gardens,Boro Zone,0.0,0.0,0.0,0.0,0.0,,213,0.0,213,Latest chronological test-window forecast
2025-05-31 04:00:00,5,169,176,Staten Island,Oakwood,Boro Zone,0.0,0.0,0.0,0.0,0.0,,214,0.0,214,Latest chronological test-window forecast
2025-05-31 04:00:00,5,170,177,Brooklyn,Ocean Hill,Boro Zone,5.109,3.0,6.0,2.109,-0.891,-14.85,38,0.0895,38,Latest chronological test-window forecast
2025-05-31 04:00:00,5,171,178,Brooklyn,Ocean Parkway South,Boro Zone,0.0,0.0,0.0,0.0,0.0,,215,0.0,215,Latest chronological test-window forecast
2025-05-31 04:00:00,5,172,179,Queens,Old Astoria,Boro Zone,1.614,0.0,2.0,1.614,-0.386,-19.3,93,0.0283,93,Latest chronological test-window forecast
2025-05-31 04:00:00,5,173,180,Queens,Ozone Park,Boro Zone,0.0,1.0,0.0,1.0,0.0,,216,0.0,216,Latest chronological test-window forecast
2025-05-31 04:00:00,5,174,181,Brooklyn,Park Slope,Boro Zone,0.744,1.0,1.0,0.256,-0.256,-25.6,125,0.013,128,Latest chronological test-window forecast
2025-05-31 04:00:00,5,175,182,Bronx,Parkchester,Boro Zone,0.0,0.0,0.0,0.0,0.0,,217,0.0,217,Latest chronological test-window forecast
2025-05-31 04:00:00,5,176,183,Bronx,Pelham Bay,Boro Zone,0.0,0.0,0.0,0.0,0.0,,218,0.0,218,Latest chronological test-window forecast
2025-05-31 04:00:00,5,177,184,Bronx,Pelham Bay Park,Boro Zone,0.0,0.0,0.0,0.0,0.0,,219,0.0,219,Latest chronological test-window forecast
2025-05-31 04:00:00,5,178,185,Bronx,Pelham Parkway,Boro Zone,0.0,0.0,0.0,0.0,0.0,,220,0.0,220,Latest chronological test-window forecast
2025-05-31 04:00:00,5,179,186,Manhattan,Penn Station/Madison Sq West,Yellow Zone,12.958,16.0,15.0,3.042,-2.042,-13.61,14,0.227,15,Latest chronological test-window forecast
2025-05-31 04:00:00,5,180,187,Staten Island,Port Richmond,Boro Zone,0.0,0.0,0.0,0.0,0.0,,221,0.0,221,Latest chronological test-window forecast
2025-05-31 04:00:00,5,181,188,Brooklyn,Prospect-Lefferts Gardens,Boro Zone,0.0,2.0,0.0,2.0,0.0,,222,0.0,222,Latest chronological test-window forecast
2025-05-31 04:00:00,5,182,189,Brooklyn,Prospect Heights,Boro Zone,0.0,0.0,0.0,0.0,0.0,,223,0.0,223,Latest chronological test-window forecast
2025-05-31 04:00:00,5,183,190,Brooklyn,Prospect Park,Boro Zone,0.0,0.0,0.0,0.0,0.0,,224,0.0,224,Latest chronological test-window forecast
2025-05-31 04:00:00,5,184,191,Queens,Queens Village,Boro Zone,0.0,1.0,0.0,1.0,0.0,,225,0.0,225,Latest chronological test-window forecast
2025-05-31 04:00:00,5,185,192,Queens,Queensboro Hill,Boro Zone,0.0,1.0,0.0,1.0,0.0,,226,0.0,226,Latest chronological test-window forecast
2025-05-31 04:00:00,5,186,193,Queens,Queensbridge/Ravenswood,Boro Zone,0.0,1.0,0.0,1.0,0.0,,227,0.0,227,Latest chronological test-window forecast
2025-05-31 04:00:00,5,187,194,Manhattan,Randalls Island,Yellow Zone,0.0,0.0,0.0,0.0,0.0,,228,0.0,228,Latest chronological test-window forecast
2025-05-31 04:00:00,5,188,195,Brooklyn,Red Hook,Boro Zone,0.743,0.0,1.0,0.743,-0.257,-25.7,128,0.013,129,Latest chronological test-window forecast
2025-05-31 04:00:00,5,189,196,Queens,Rego Park,Boro Zone,0.0,0.0,0.0,0.0,0.0,,229,0.0,229,Latest chronological test-window forecast
2025-05-31 04:00:00,5,190,197,Queens,Richmond Hill,Boro Zone,0.749,5.0,1.0,4.251,-0.251,-25.1,106,0.0131,114,Latest chronological test-window forecast
2025-05-31 04:00:00,5,191,198,Queens,Ridgewood,Boro Zone,0.745,10.0,1.0,9.255,-0.255,-25.5,123,0.013,130,Latest chronological test-window forecast
2025-05-31 04:00:00,5,192,200,Bronx,Riverdale/North Riverdale/Fieldston,Boro Zone,0.0,0.0,0.0,0.0,0.0,,230,0.0,230,Latest chronological test-window forecast
2025-05-31 04:00:00,5,193,201,Queens,Rockaway Park,Boro Zone,0.0,0.0,0.0,0.0,0.0,,231,0.0,231,Latest chronological test-window forecast
2025-05-31 04:00:00,5,194,202,Manhattan,Roosevelt Island,Boro Zone,0.0,0.0,0.0,0.0,0.0,,232,0.0,232,Latest chronological test-window forecast
2025-05-31 04:00:00,5,195,203,Queens,Rosedale,Boro Zone,0.0,0.0,0.0,0.0,0.0,,233,0.0,233,Latest chronological test-window forecast
2025-05-31 04:00:00,5,196,204,Staten Island,Rossville/Woodrow,Boro Zone,0.0,0.0,0.0,0.0,0.0,,234,0.0,234,Latest chronological test-window forecast
2025-05-31 04:00:00,5,197,205,Queens,Saint Albans,Boro Zone,1.624,0.0,2.0,1.624,-0.376,-18.8,77,0.0284,85,Latest chronological test-window forecast
2025-05-31 04:00:00,5,198,206,Staten Island,Saint George/New Brighton,Boro Zone,0.0,0.0,0.0,0.0,0.0,,235,0.0,235,Latest chronological test-window forecast
2025-05-31 04:00:00,5,199,207,Queens,Saint Michaels Cemetery/Woodside,Boro Zone,0.0,0.0,0.0,0.0,0.0,,236,0.0,236,Latest chronological test-window forecast
2025-05-31 04:00:00,5,200,208,Bronx,Schuylerville/Edgewater Park,Boro Zone,0.0,1.0,0.0,1.0,0.0,,237,0.0,237,Latest chronological test-window forecast
2025-05-31 04:00:00,5,201,209,Manhattan,Seaport,Yellow Zone,2.486,4.0,3.0,1.514,-0.514,-17.13,71,0.0435,75,Latest chronological test-window forecast
2025-05-31 04:00:00,5,202,210,Brooklyn,Sheepshead Bay,Boro Zone,0.0,1.0,0.0,1.0,0.0,,238,0.0,238,Latest chronological test-window forecast
2025-05-31 04:00:00,5,203,211,Manhattan,SoHo,Yellow Zone,3.36,14.0,4.0,10.64,-0.64,-16.0,57,0.0589,57,Latest chronological test-window forecast
2025-05-31 04:00:00,5,204,212,Bronx,Soundview/Bruckner,Boro Zone,0.0,0.0,0.0,0.0,0.0,,239,0.0,239,Latest chronological test-window forecast
2025-05-31 04:00:00,5,205,213,Bronx,Soundview/Castle Hill,Boro Zone,1.623,1.0,2.0,0.623,-0.377,-18.85,80,0.0284,86,Latest chronological test-window forecast
2025-05-31 04:00:00,5,206,214,Staten Island,South Beach/Dongan Hills,Boro Zone,0.0,0.0,0.0,0.0,0.0,,240,0.0,240,Latest chronological test-window forecast
2025-05-31 04:00:00,5,207,215,Queens,South Jamaica,Boro Zone,0.751,0.0,1.0,0.751,-0.249,-24.9,100,0.0132,100,Latest chronological test-window forecast
2025-05-31 04:00:00,5,208,216,Queens,South Ozone Park,Boro Zone,1.623,6.0,2.0,4.377,-0.377,-18.85,81,0.0284,87,Latest chronological test-window forecast
2025-05-31 04:00:00,5,209,217,Brooklyn,South Williamsburg,Boro Zone,0.0,0.0,0.0,0.0,0.0,,241,0.0,241,Latest chronological test-window forecast
2025-05-31 04:00:00,5,210,218,Queens,Springfield Gardens North,Boro Zone,0.75,0.0,1.0,0.75,-0.25,-25.0,103,0.0131,115,Latest chronological test-window forecast
2025-05-31 04:00:00,5,211,219,Queens,Springfield Gardens South,Boro Zone,0.748,0.0,1.0,0.748,-0.252,-25.2,113,0.0131,116,Latest chronological test-window forecast
2025-05-31 04:00:00,5,212,220,Bronx,Spuyten Duyvil/Kingsbridge,Boro Zone,0.0,0.0,0.0,0.0,0.0,,242,0.0,242,Latest chronological test-window forecast
2025-05-31 04:00:00,5,213,221,Staten Island,Stapleton,Boro Zone,0.0,0.0,0.0,0.0,0.0,,243,0.0,243,Latest chronological test-window forecast
2025-05-31 04:00:00,5,214,222,Brooklyn,Starrett City,Boro Zone,0.748,0.0,1.0,0.748,-0.252,-25.2,114,0.0131,117,Latest chronological test-window forecast
2025-05-31 04:00:00,5,215,223,Queens,Steinway,Boro Zone,1.614,2.0,2.0,0.386,-0.386,-19.3,94,0.0283,94,Latest chronological test-window forecast
2025-05-31 04:00:00,5,216,224,Manhattan,Stuy Town/Peter Cooper Village,Yellow Zone,1.616,6.0,2.0,4.384,-0.384,-19.2,90,0.0283,95,Latest chronological test-window forecast
2025-05-31 04:00:00,5,217,225,Brooklyn,Stuyvesant Heights,Boro Zone,1.617,6.0,2.0,4.383,-0.383,-19.15,89,0.0283,96,Latest chronological test-window forecast
2025-05-31 04:00:00,5,218,226,Queens,Sunnyside,Boro Zone,0.744,5.0,1.0,4.256,-0.256,-25.6,126,0.013,131,Latest chronological test-window forecast
2025-05-31 04:00:00,5,219,227,Brooklyn,Sunset Park East,Boro Zone,0.0,1.0,0.0,1.0,0.0,,244,0.0,244,Latest chronological test-window forecast
2025-05-31 04:00:00,5,220,228,Brooklyn,Sunset Park West,Boro Zone,0.749,2.0,1.0,1.251,-0.251,-25.1,107,0.0131,118,Latest chronological test-window forecast
2025-05-31 04:00:00,5,221,229,Manhattan,Sutton Place/Turtle Bay North,Yellow Zone,8.589,16.0,10.0,7.411,-1.411,-14.11,30,0.1504,30,Latest chronological test-window forecast
2025-05-31 04:00:00,5,222,230,Manhattan,Times Sq/Theatre District,Yellow Zone,33.858,26.0,39.0,7.858,-5.142,-13.18,2,0.593,2,Latest chronological test-window forecast
2025-05-31 04:00:00,5,223,231,Manhattan,TriBeCa/Civic Center,Yellow Zone,13.81,22.0,16.0,8.19,-2.19,-13.69,13,0.2419,13,Latest chronological test-window forecast
2025-05-31 04:00:00,5,224,232,Manhattan,Two Bridges/Seward Park,Yellow Zone,4.23,11.0,5.0,6.77,-0.77,-15.4,51,0.0741,52,Latest chronological test-window forecast
2025-05-31 04:00:00,5,225,233,Manhattan,UN/Turtle Bay South,Yellow Zone,11.201,6.0,13.0,5.201,-1.799,-13.84,21,0.1962,21,Latest chronological test-window forecast
2025-05-31 04:00:00,5,226,234,Manhattan,Union Sq,Yellow Zone,27.784,30.0,32.0,2.216,-4.216,-13.18,5,0.4867,5,Latest chronological test-window forecast
2025-05-31 04:00:00,5,227,235,Bronx,University Heights/Morris Heights,Boro Zone,0.748,0.0,1.0,0.748,-0.252,-25.2,115,0.0131,119,Latest chronological test-window forecast
2025-05-31 04:00:00,5,228,236,Manhattan,Upper East Side North,Yellow Zone,9.453,3.0,11.0,6.453,-1.547,-14.06,26,0.1656,26,Latest chronological test-window forecast
2025-05-31 04:00:00,5,229,237,Manhattan,Upper East Side South,Yellow Zone,7.712,4.0,9.0,3.712,-1.288,-14.31,32,0.1351,32,Latest chronological test-window forecast
2025-05-31 04:00:00,5,230,238,Manhattan,Upper West Side North,Yellow Zone,7.709,9.0,9.0,1.291,-1.291,-14.34,33,0.135,33,Latest chronological test-window forecast
2025-05-31 04:00:00,5,231,239,Manhattan,Upper West Side South,Yellow Zone,5.097,7.0,6.0,1.903,-0.903,-15.05,41,0.0893,41,Latest chronological test-window forecast
2025-05-31 04:00:00,5,232,240,Bronx,Van Cortlandt Park,Boro Zone,0.0,0.0,0.0,0.0,0.0,,245,0.0,245,Latest chronological test-window forecast
2025-05-31 04:00:00,5,233,241,Bronx,Van Cortlandt Village,Boro Zone,0.0,0.0,0.0,0.0,0.0,,246,0.0,246,Latest chronological test-window forecast
2025-05-31 04:00:00,5,234,242,Bronx,Van Nest/Morris Park,Boro Zone,0.749,0.0,1.0,0.749,-0.251,-25.1,108,0.0131,120,Latest chronological test-window forecast
2025-05-31 04:00:00,5,235,243,Manhattan,Washington Heights North,Boro Zone,0.0,1.0,0.0,1.0,0.0,,247,0.0,247,Latest chronological test-window forecast
2025-05-31 04:00:00,5,236,244,Manhattan,Washington Heights South,Boro Zone,4.234,5.0,5.0,0.766,-0.766,-15.32,46,0.0742,46,Latest chronological test-window forecast
2025-05-31 04:00:00,5,237,245,Staten Island,West Brighton,Boro Zone,0.0,0.0,0.0,0.0,0.0,,248,0.0,248,Latest chronological test-window forecast
2025-05-31 04:00:00,5,238,246,Manhattan,West Chelsea/Hudson Yards,Yellow Zone,8.596,35.0,10.0,26.404,-1.404,-14.04,29,0.1506,29,Latest chronological test-window forecast
2025-05-31 04:00:00,5,239,247,Bronx,West Concourse,Boro Zone,0.747,2.0,1.0,1.253,-0.253,-25.3,120,0.0131,121,Latest chronological test-window forecast
2025-05-31 04:00:00,5,240,248,Bronx,West Farms/Bronx River,Boro Zone,2.494,0.0,3.0,2.494,-0.506,-16.87,67,0.0437,67,Latest chronological test-window forecast
2025-05-31 04:00:00,5,241,249,Manhattan,West Village,Yellow Zone,28.667,61.0,33.0,32.333,-4.333,-13.13,4,0.5021,4,Latest chronological test-window forecast
2025-05-31 04:00:00,5,242,250,Bronx,Westchester Village/Unionport,Boro Zone,0.0,2.0,0.0,2.0,0.0,,249,0.0,249,Latest chronological test-window forecast
2025-05-31 04:00:00,5,243,251,Staten Island,Westerleigh,Boro Zone,0.0,0.0,0.0,0.0,0.0,,250,0.0,250,Latest chronological test-window forecast
2025-05-31 04:00:00,5,244,252,Queens,Whitestone,Boro Zone,0.0,0.0,0.0,0.0,0.0,,251,0.0,251,Latest chronological test-window forecast
2025-05-31 04:00:00,5,245,253,Queens,Willets Point,Boro Zone,0.0,0.0,0.0,0.0,0.0,,252,0.0,252,Latest chronological test-window forecast
2025-05-31 04:00:00,5,246,254,Bronx,Williamsbridge/Olinville,Boro Zone,0.0,0.0,0.0,0.0,0.0,,253,0.0,253,Latest chronological test-window forecast
2025-05-31 04:00:00,5,247,255,Brooklyn,Williamsburg (North Side),Boro Zone,3.356,24.0,4.0,20.644,-0.644,-16.1,58,0.0588,59,Latest chronological test-window forecast
2025-05-31 04:00:00,5,248,256,Brooklyn,Williamsburg (South Side),Boro Zone,0.742,15.0,1.0,14.258,-0.258,-25.8,132,0.013,132,Latest chronological test-window forecast
2025-05-31 04:00:00,5,249,257,Brooklyn,Windsor Terrace,Boro Zone,0.0,0.0,0.0,0.0,0.0,,254,0.0,254,Latest chronological test-window forecast
2025-05-31 04:00:00,5,250,258,Queens,Woodhaven,Boro Zone,0.0,1.0,0.0,1.0,0.0,,255,0.0,255,Latest chronological test-window forecast
2025-05-31 04:00:00,5,251,259,Bronx,Woodlawn/Wakefield,Boro Zone,0.0,0.0,0.0,0.0,0.0,,256,0.0,256,Latest chronological test-window forecast
2025-05-31 04:00:00,5,252,260,Queens,Woodside,Boro Zone,4.232,4.0,5.0,0.232,-0.768,-15.36,50,0.0741,53,Latest chronological test-window forecast
2025-05-31 04:00:00,5,253,261,Manhattan,World Trade Center,Yellow Zone,1.614,3.0,2.0,1.386,-0.386,-19.3,95,0.0283,97,Latest chronological test-window forecast
2025-05-31 04:00:00,5,254,262,Manhattan,Yorkville East,Yellow Zone,12.942,8.0,15.0,4.942,-2.058,-13.72,18,0.2267,18,Latest chronological test-window forecast
2025-05-31 04:00:00,5,255,263,Manhattan,Yorkville West,Yellow Zone,11.192,12.0,13.0,0.808,-1.808,-13.91,22,0.196,22,Latest chronological test-window forecast
2025-05-31 05:00:00,6,0,1,EWR,Newark Airport,EWR,0.0,0.0,0.0,0.0,0.0,,152,0.0,152,Latest chronological test-window forecast
2025-05-31 05:00:00,6,1,2,Queens,Jamaica Bay,Boro Zone,0.0,0.0,0.0,0.0,0.0,,153,0.0,153,Latest chronological test-window forecast
2025-05-31 05:00:00,6,2,3,Bronx,Allerton/Pelham Gardens,Boro Zone,0.0,0.0,0.0,0.0,0.0,,154,0.0,154,Latest chronological test-window forecast
2025-05-31 05:00:00,6,3,4,Manhattan,Alphabet City,Yellow Zone,3.339,3.0,4.0,0.339,-0.661,-16.52,66,0.0474,65,Latest chronological test-window forecast
2025-05-31 05:00:00,6,4,6,Staten Island,Arrochar/Fort Wadsworth,Boro Zone,0.0,0.0,0.0,0.0,0.0,,155,0.0,155,Latest chronological test-window forecast
2025-05-31 05:00:00,6,5,7,Queens,Astoria,Boro Zone,6.824,17.0,8.0,10.176,-1.176,-14.7,33,0.0969,33,Latest chronological test-window forecast
2025-05-31 05:00:00,6,6,8,Queens,Astoria Park,Boro Zone,0.0,0.0,0.0,0.0,0.0,,156,0.0,156,Latest chronological test-window forecast
2025-05-31 05:00:00,6,7,9,Queens,Auburndale,Boro Zone,0.744,0.0,1.0,0.744,-0.256,-25.6,115,0.0106,109,Latest chronological test-window forecast
2025-05-31 05:00:00,6,8,10,Queens,Baisley Park,Boro Zone,4.218,1.0,5.0,3.218,-0.782,-15.64,53,0.0599,51,Latest chronological test-window forecast
2025-05-31 05:00:00,6,9,11,Brooklyn,Bath Beach,Boro Zone,0.748,0.0,1.0,0.748,-0.252,-25.2,110,0.0106,110,Latest chronological test-window forecast
2025-05-31 05:00:00,6,10,12,Manhattan,Battery Park,Yellow Zone,0.0,0.0,0.0,0.0,0.0,,157,0.0,157,Latest chronological test-window forecast
2025-05-31 05:00:00,6,11,13,Manhattan,Battery Park City,Yellow Zone,1.601,3.0,2.0,1.399,-0.399,-19.95,107,0.0227,107,Latest chronological test-window forecast
2025-05-31 05:00:00,6,12,14,Brooklyn,Bay Ridge,Boro Zone,1.616,1.0,2.0,0.616,-0.384,-19.2,87,0.0229,87,Latest chronological test-window forecast
2025-05-31 05:00:00,6,13,15,Queens,Bay Terrace/Fort Totten,Boro Zone,0.0,0.0,0.0,0.0,0.0,,158,0.0,158,Latest chronological test-window forecast
2025-05-31 05:00:00,6,14,16,Queens,Bayside,Boro Zone,0.0,0.0,0.0,0.0,0.0,,159,0.0,159,Latest chronological test-window forecast
2025-05-31 05:00:00,6,15,17,Brooklyn,Bedford,Boro Zone,0.0,5.0,0.0,5.0,0.0,,160,0.0,160,Latest chronological test-window forecast
2025-05-31 05:00:00,6,16,18,Bronx,Bedford Park,Boro Zone,2.484,1.0,3.0,1.484,-0.516,-17.2,72,0.0353,69,Latest chronological test-window forecast
2025-05-31 05:00:00,6,17,19,Queens,Bellerose,Boro Zone,0.0,0.0,0.0,0.0,0.0,,161,0.0,161,Latest chronological test-window forecast
2025-05-31 05:00:00,6,18,20,Bronx,Belmont,Boro Zone,0.742,0.0,1.0,0.742,-0.258,-25.8,129,0.0105,121,Latest chronological test-window forecast
2025-05-31 05:00:00,6,19,21,Brooklyn,Bensonhurst East,Boro Zone,0.0,0.0,0.0,0.0,0.0,,162,0.0,162,Latest chronological test-window forecast
2025-05-31 05:00:00,6,20,22,Brooklyn,Bensonhurst West,Boro Zone,0.748,0.0,1.0,0.748,-0.252,-25.2,111,0.0106,111,Latest chronological test-window forecast
2025-05-31 05:00:00,6,21,23,Staten Island,Bloomfield/Emerson Hill,Boro Zone,0.0,0.0,0.0,0.0,0.0,,163,0.0,163,Latest chronological test-window forecast
2025-05-31 05:00:00,6,22,24,Manhattan,Bloomingdale,Yellow Zone,0.734,3.0,1.0,2.266,-0.266,-26.6,147,0.0104,145,Latest chronological test-window forecast
2025-05-31 05:00:00,6,23,25,Brooklyn,Boerum Hill,Boro Zone,0.738,2.0,1.0,1.262,-0.262,-26.2,140,0.0105,122,Latest chronological test-window forecast
2025-05-31 05:00:00,6,24,26,Brooklyn,Borough Park,Boro Zone,0.0,0.0,0.0,0.0,0.0,,164,0.0,164,Latest chronological test-window forecast
2025-05-31 05:00:00,6,25,27,Queens,Breezy Point/Fort Tilden/Riis Beach,Boro Zone,0.0,0.0,0.0,0.0,0.0,,165,0.0,165,Latest chronological test-window forecast
2025-05-31 05:00:00,6,26,28,Queens,Briarwood/Jamaica Hills,Boro Zone,0.743,3.0,1.0,2.257,-0.257,-25.7,121,0.0105,123,Latest chronological test-window forecast
2025-05-31 05:00:00,6,27,29,Brooklyn,Brighton Beach,Boro Zone,0.0,0.0,0.0,0.0,0.0,,166,0.0,166,Latest chronological test-window forecast
2025-05-31 05:00:00,6,28,30,Queens,Broad Channel,Boro Zone,0.0,0.0,0.0,0.0,0.0,,167,0.0,167,Latest chronological test-window forecast
2025-05-31 05:00:00,6,29,31,Bronx,Bronx Park,Boro Zone,0.0,0.0,0.0,0.0,0.0,,168,0.0,168,Latest chronological test-window forecast
2025-05-31 05:00:00,6,30,32,Bronx,Bronxdale,Boro Zone,0.744,2.0,1.0,1.256,-0.256,-25.6,116,0.0106,112,Latest chronological test-window forecast
2025-05-31 05:00:00,6,31,33,Brooklyn,Brooklyn Heights,Boro Zone,0.0,1.0,0.0,1.0,0.0,,169,0.0,169,Latest chronological test-window forecast
2025-05-31 05:00:00,6,32,34,Brooklyn,Brooklyn Navy Yard,Boro Zone,0.734,0.0,1.0,0.734,-0.266,-26.6,148,0.0104,146,Latest chronological test-window forecast
2025-05-31 05:00:00,6,33,35,Brooklyn,Brownsville,Boro Zone,4.226,4.0,5.0,0.226,-0.774,-15.48,48,0.06,48,Latest chronological test-window forecast
2025-05-31 05:00:00,6,34,36,Brooklyn,Bushwick North,Boro Zone,3.344,6.0,4.0,2.656,-0.656,-16.4,64,0.0475,63,Latest chronological test-window forecast
2025-05-31 05:00:00,6,35,37,Brooklyn,Bushwick South,Boro Zone,5.081,16.0,6.0,10.919,-0.919,-15.32,41,0.0721,41,Latest chronological test-window forecast
2025-05-31 05:00:00,6,36,38,Queens,Cambria Heights,Boro Zone,0.739,0.0,1.0,0.739,-0.261,-26.1,139,0.0105,124,Latest chronological test-window forecast
2025-05-31 05:00:00,6,37,39,Brooklyn,Canarsie,Boro Zone,4.226,3.0,5.0,1.226,-0.774,-15.48,49,0.06,49,Latest chronological test-window forecast
2025-05-31 05:00:00,6,38,40,Brooklyn,Carroll Gardens,Boro Zone,0.0,1.0,0.0,1.0,0.0,,170,0.0,170,Latest chronological test-window forecast
2025-05-31 05:00:00,6,39,41,Manhattan,Central Harlem,Boro Zone,12.03,19.0,14.0,6.97,-1.97,-14.07,23,0.1708,23,Latest chronological test-window forecast
2025-05-31 05:00:00,6,40,42,Manhattan,Central Harlem North,Boro Zone,3.348,6.0,4.0,2.652,-0.652,-16.3,63,0.0475,64,Latest chronological test-window forecast
2025-05-31 05:00:00,6,41,43,Manhattan,Central Park,Yellow Zone,3.338,3.0,4.0,0.338,-0.662,-16.55,67,0.0474,66,Latest chronological test-window forecast
2025-05-31 05:00:00,6,42,44,Staten Island,Charleston/Tottenville,Boro Zone,0.0,0.0,0.0,0.0,0.0,,171,0.0,171,Latest chronological test-window forecast
2025-05-31 05:00:00,6,43,45,Manhattan,Chinatown,Yellow Zone,2.468,2.0,3.0,0.468,-0.532,-17.73,81,0.035,80,Latest chronological test-window forecast
2025-05-31 05:00:00,6,44,46,Bronx,City Island,Boro Zone,0.0,0.0,0.0,0.0,0.0,,172,0.0,172,Latest chronological test-window forecast
2025-05-31 05:00:00,6,45,47,Bronx,Claremont/Bathgate,Boro Zone,1.612,1.0,2.0,0.612,-0.388,-19.4,96,0.0229,88,Latest chronological test-window forecast
2025-05-31 05:00:00,6,46,48,Manhattan,Clinton East,Yellow Zone,39.747,25.0,46.0,14.747,-6.253,-13.59,3,0.5642,3,Latest chronological test-window forecast
2025-05-31 05:00:00,6,47,49,Brooklyn,Clinton Hill,Boro Zone,2.473,1.0,3.0,1.473,-0.527,-17.57,76,0.0351,76,Latest chronological test-window forecast
2025-05-31 05:00:00,6,48,50,Manhattan,Clinton West,Yellow Zone,9.408,9.0,11.0,0.408,-1.592,-14.47,28,0.1336,28,Latest chronological test-window forecast
2025-05-31 05:00:00,6,49,51,Bronx,Co-Op City,Boro Zone,0.744,2.0,1.0,1.256,-0.256,-25.6,117,0.0106,113,Latest chronological test-window forecast
2025-05-31 05:00:00,6,50,52,Brooklyn,Cobble Hill,Boro Zone,0.0,0.0,0.0,0.0,0.0,,173,0.0,173,Latest chronological test-window forecast
2025-05-31 05:00:00,6,51,53,Queens,College Point,Boro Zone,0.0,1.0,0.0,1.0,0.0,,174,0.0,174,Latest chronological test-window forecast
2025-05-31 05:00:00,6,52,54,Brooklyn,Columbia Street,Boro Zone,0.0,0.0,0.0,0.0,0.0,,175,0.0,175,Latest chronological test-window forecast
2025-05-31 05:00:00,6,53,55,Brooklyn,Coney Island,Boro Zone,0.0,1.0,0.0,1.0,0.0,,176,0.0,176,Latest chronological test-window forecast
2025-05-31 05:00:00,6,54,56,Queens,Corona,Boro Zone,0.0,0.0,0.0,0.0,0.0,,177,0.0,177,Latest chronological test-window forecast
2025-05-31 05:00:00,6,55,57,Queens,Corona,Boro Zone,0.0,0.0,0.0,0.0,0.0,,178,0.0,178,Latest chronological test-window forecast
2025-05-31 05:00:00,6,56,58,Bronx,Country Club,Boro Zone,0.0,0.0,0.0,0.0,0.0,,179,0.0,179,Latest chronological test-window forecast
2025-05-31 05:00:00,6,57,59,Bronx,Crotona Park,Boro Zone,0.0,0.0,0.0,0.0,0.0,,180,0.0,180,Latest chronological test-window forecast
2025-05-31 05:00:00,6,58,60,Bronx,Crotona Park East,Boro Zone,2.486,1.0,3.0,1.486,-0.514,-17.13,70,0.0353,70,Latest chronological test-window forecast
2025-05-31 05:00:00,6,59,61,Brooklyn,Crown Heights North,Boro Zone,4.215,3.0,5.0,1.215,-0.785,-15.7,54,0.0598,54,Latest chronological test-window forecast
2025-05-31 05:00:00,6,60,62,Brooklyn,Crown Heights South,Boro Zone,0.741,1.0,1.0,0.259,-0.259,-25.9,136,0.0105,125,Latest chronological test-window forecast
2025-05-31 05:00:00,6,61,63,Brooklyn,Cypress Hills,Boro Zone,1.611,2.0,2.0,0.389,-0.389,-19.45,99,0.0229,89,Latest chronological test-window forecast
2025-05-31 05:00:00,6,62,64,Queens,Douglaston,Boro Zone,0.0,0.0,0.0,0.0,0.0,,181,0.0,181,Latest chronological test-window forecast
2025-05-31 05:00:00,6,63,65,Brooklyn,Downtown Brooklyn/MetroTech,Boro Zone,0.734,1.0,1.0,0.266,-0.266,-26.6,149,0.0104,147,Latest chronological test-window forecast
2025-05-31 05:00:00,6,64,66,Brooklyn,DUMBO/Vinegar Hill,Boro Zone,0.734,1.0,1.0,0.266,-0.266,-26.6,150,0.0104,148,Latest chronological test-window forecast
2025-05-31 05:00:00,6,65,67,Brooklyn,Dyker Heights,Boro Zone,0.0,1.0,0.0,1.0,0.0,,182,0.0,182,Latest chronological test-window forecast
2025-05-31 05:00:00,6,66,68,Manhattan,East Chelsea,Yellow Zone,21.546,16.0,25.0,5.546,-3.454,-13.82,7,0.3059,7,Latest chronological test-window forecast
2025-05-31 05:00:00,6,67,69,Bronx,East Concourse/Concourse Village,Boro Zone,1.613,3.0,2.0,1.387,-0.387,-19.35,91,0.0229,90,Latest chronological test-window forecast
2025-05-31 05:00:00,6,68,70,Queens,East Elmhurst,Boro Zone,2.468,0.0,3.0,2.468,-0.532,-17.73,82,0.035,81,Latest chronological test-window forecast
2025-05-31 05:00:00,6,69,71,Brooklyn,East Flatbush/Farragut,Boro Zone,1.612,0.0,2.0,1.612,-0.388,-19.4,97,0.0229,91,Latest chronological test-window forecast
2025-05-31 05:00:00,6,70,72,Brooklyn,East Flatbush/Remsen Village,Boro Zone,4.224,0.0,5.0,4.224,-0.776,-15.52,50,0.06,50,Latest chronological test-window forecast
2025-05-31 05:00:00,6,71,73,Queens,East Flushing,Boro Zone,0.0,1.0,0.0,1.0,0.0,,183,0.0,183,Latest chronological test-window forecast
2025-05-31 05:00:00,6,72,74,Manhattan,East Harlem North,Boro Zone,4.212,8.0,5.0,3.788,-0.788,-15.76,56,0.0598,55,Latest chronological test-window forecast
2025-05-31 05:00:00,6,73,75,Manhattan,East Harlem South,Boro Zone,17.224,11.0,20.0,6.224,-2.776,-13.88,13,0.2445,13,Latest chronological test-window forecast
2025-05-31 05:00:00,6,74,76,Brooklyn,East New York,Boro Zone,4.223,4.0,5.0,0.223,-0.777,-15.54,51,0.0599,52,Latest chronological test-window forecast
2025-05-31 05:00:00,6,75,77,Brooklyn,East New York/Pennsylvania Avenue,Boro Zone,0.741,1.0,1.0,0.259,-0.259,-25.9,137,0.0105,126,Latest chronological test-window forecast
2025-05-31 05:00:00,6,76,78,Bronx,East Tremont,Boro Zone,0.0,0.0,0.0,0.0,0.0,,184,0.0,184,Latest chronological test-window forecast
2025-05-31 05:00:00,6,77,79,Manhattan,East Village,Yellow Zone,13.744,25.0,16.0,11.256,-2.256,-14.1,20,0.1951,20,Latest chronological test-window forecast
2025-05-31 05:00:00,6,78,80,Brooklyn,East Williamsburg,Boro Zone,0.736,15.0,1.0,14.264,-0.264,-26.4,145,0.0104,149,Latest chronological test-window forecast
2025-05-31 05:00:00,6,79,81,Bronx,Eastchester,Boro Zone,0.745,0.0,1.0,0.745,-0.255,-25.5,114,0.0106,114,Latest chronological test-window forecast
2025-05-31 05:00:00,6,80,82,Queens,Elmhurst,Boro Zone,2.483,3.0,3.0,0.517,-0.517,-17.23,75,0.0352,75,Latest chronological test-window forecast
2025-05-31 05:00:00,6,81,83,Queens,Elmhurst/Maspeth,Boro Zone,1.607,1.0,2.0,0.607,-0.393,-19.65,103,0.0228,102,Latest chronological test-window forecast
2025-05-31 05:00:00,6,82,84,Staten Island,Eltingville/Annadale/Prince's Bay,Boro Zone,0.0,0.0,0.0,0.0,0.0,,185,0.0,185,Latest chronological test-window forecast
2025-05-31 05:00:00,6,83,85,Brooklyn,Erasmus,Boro Zone,0.74,1.0,1.0,0.26,-0.26,-26.0,138,0.0105,127,Latest chronological test-window forecast
2025-05-31 05:00:00,6,84,86,Queens,Far Rockaway,Boro Zone,1.613,1.0,2.0,0.613,-0.387,-19.35,92,0.0229,92,Latest chronological test-window forecast
2025-05-31 05:00:00,6,85,87,Manhattan,Financial District North,Yellow Zone,5.071,4.0,6.0,1.071,-0.929,-15.48,46,0.072,43,Latest chronological test-window forecast
2025-05-31 05:00:00,6,86,88,Manhattan,Financial District South,Yellow Zone,3.337,0.0,4.0,3.337,-0.663,-16.57,68,0.0474,67,Latest chronological test-window forecast
2025-05-31 05:00:00,6,87,89,Brooklyn,Flatbush/Ditmas Park,Boro Zone,0.743,5.0,1.0,4.257,-0.257,-25.7,122,0.0105,128,Latest chronological test-window forecast
2025-05-31 05:00:00,6,88,90,Manhattan,Flatiron,Yellow Zone,12.883,12.0,15.0,0.883,-2.117,-14.11,22,0.1829,22,Latest chronological test-window forecast
2025-05-31 05:00:00,6,89,91,Brooklyn,Flatlands,Boro Zone,1.615,2.0,2.0,0.385,-0.385,-19.25,88,0.0229,93,Latest chronological test-window forecast
2025-05-31 05:00:00,6,90,92,Queens,Flushing,Boro Zone,1.615,2.0,2.0,0.385,-0.385,-19.25,89,0.0229,94,Latest chronological test-window forecast
2025-05-31 05:00:00,6,91,93,Queens,Flushing Meadows-Corona Park,Boro Zone,0.0,1.0,0.0,1.0,0.0,,186,0.0,186,Latest chronological test-window forecast
2025-05-31 05:00:00,6,92,94,Bronx,Fordham South,Boro Zone,1.611,1.0,2.0,0.611,-0.389,-19.45,100,0.0229,95,Latest chronological test-window forecast
2025-05-31 05:00:00,6,93,95,Queens,Forest Hills,Boro Zone,0.742,3.0,1.0,2.258,-0.258,-25.8,130,0.0105,129,Latest chronological test-window forecast
2025-05-31 05:00:00,6,94,96,Queens,Forest Park/Highland Park,Boro Zone,0.0,0.0,0.0,0.0,0.0,,187,0.0,187,Latest chronological test-window forecast
2025-05-31 05:00:00,6,95,97,Brooklyn,Fort Greene,Boro Zone,0.0,1.0,0.0,1.0,0.0,,188,0.0,188,Latest chronological test-window forecast
2025-05-31 05:00:00,6,96,98,Queens,Fresh Meadows,Boro Zone,0.0,0.0,0.0,0.0,0.0,,189,0.0,189,Latest chronological test-window forecast
2025-05-31 05:00:00,6,97,100,Manhattan,Garment District,Yellow Zone,39.776,12.0,46.0,27.776,-6.224,-13.53,2,0.5646,2,Latest chronological test-window forecast
2025-05-31 05:00:00,6,98,101,Queens,Glen Oaks,Boro Zone,0.744,0.0,1.0,0.744,-0.256,-25.6,118,0.0106,115,Latest chronological test-window forecast
2025-05-31 05:00:00,6,99,102,Queens,Glendale,Boro Zone,0.0,3.0,0.0,3.0,0.0,,190,0.0,190,Latest chronological test-window forecast
2025-05-31 05:00:00,6,100,106,Brooklyn,Gowanus,Boro Zone,0.742,1.0,1.0,0.258,-0.258,-25.8,131,0.0105,130,Latest chronological test-window forecast
2025-05-31 05:00:00,6,101,107,Manhattan,Gramercy,Yellow Zone,18.08,26.0,21.0,7.92,-2.92,-13.9,12,0.2567,12,Latest chronological test-window forecast
2025-05-31 05:00:00,6,102,108,Brooklyn,Gravesend,Boro Zone,1.621,0.0,2.0,1.621,-0.379,-18.95,83,0.023,83,Latest chronological test-window forecast
2025-05-31 05:00:00,6,103,109,Staten Island,Great Kills,Boro Zone,0.0,0.0,0.0,0.0,0.0,,191,0.0,191,Latest chronological test-window forecast
2025-05-31 05:00:00,6,104,111,Brooklyn,Green-Wood Cemetery,Boro Zone,0.0,0.0,0.0,0.0,0.0,,192,0.0,192,Latest chronological test-window forecast
2025-05-31 05:00:00,6,105,112,Brooklyn,Greenpoint,Boro Zone,1.603,1.0,2.0,0.603,-0.397,-19.85,105,0.0228,103,Latest chronological test-window forecast
2025-05-31 05:00:00,6,106,113,Manhattan,Greenwich Village North,Yellow Zone,9.407,4.0,11.0,5.407,-1.593,-14.48,29,0.1335,29,Latest chronological test-window forecast
2025-05-31 05:00:00,6,107,114,Manhattan,Greenwich Village South,Yellow Zone,6.811,7.0,8.0,0.189,-1.189,-14.86,34,0.0967,34,Latest chronological test-window forecast
2025-05-31 05:00:00,6,108,115,Staten Island,Grymes Hill/Clifton,Boro Zone,0.0,0.0,0.0,0.0,0.0,,193,0.0,193,Latest chronological test-window forecast
2025-05-31 05:00:00,6,109,116,Manhattan,Hamilton Heights,Boro Zone,2.472,7.0,3.0,4.528,-0.528,-17.6,77,0.0351,77,Latest chronological test-window forecast
2025-05-31 05:00:00,6,110,117,Queens,Hammels/Arverne,Boro Zone,0.0,0.0,0.0,0.0,0.0,,194,0.0,194,Latest chronological test-window forecast
2025-05-31 05:00:00,6,111,118,Staten Island,Heartland Village/Todt Hill,Boro Zone,0.0,0.0,0.0,0.0,0.0,,195,0.0,195,Latest chronological test-window forecast
2025-05-31 05:00:00,6,112,119,Bronx,Highbridge,Boro Zone,0.0,0.0,0.0,0.0,0.0,,196,0.0,196,Latest chronological test-window forecast
2025-05-31 05:00:00,6,113,120,Manhattan,Highbridge Park,Boro Zone,0.0,0.0,0.0,0.0,0.0,,197,0.0,197,Latest chronological test-window forecast
2025-05-31 05:00:00,6,114,121,Queens,Hillcrest/Pomonok,Boro Zone,2.49,0.0,3.0,2.49,-0.51,-17.0,69,0.0353,71,Latest chronological test-window forecast
2025-05-31 05:00:00,6,115,122,Queens,Hollis,Boro Zone,3.364,0.0,4.0,3.364,-0.636,-15.9,60,0.0478,60,Latest chronological test-window forecast
2025-05-31 05:00:00,6,116,123,Brooklyn,Homecrest,Boro Zone,0.0,1.0,0.0,1.0,0.0,,198,0.0,198,Latest chronological test-window forecast
2025-05-31 05:00:00,6,117,124,Queens,Howard Beach,Boro Zone,0.0,0.0,0.0,0.0,0.0,,199,0.0,199,Latest chronological test-window forecast
2025-05-31 05:00:00,6,118,125,Manhattan,Hudson Sq,Yellow Zone,0.0,1.0,0.0,1.0,0.0,,200,0.0,200,Latest chronological test-window forecast
2025-05-31 05:00:00,6,119,126,Bronx,Hunts Point,Boro Zone,0.0,0.0,0.0,0.0,0.0,,201,0.0,201,Latest chronological test-window forecast
2025-05-31 05:00:00,6,120,127,Manhattan,Inwood,Boro Zone,0.0,1.0,0.0,1.0,0.0,,202,0.0,202,Latest chronological test-window forecast
2025-05-31 05:00:00,6,121,128,Manhattan,Inwood Hill Park,Boro Zone,0.0,0.0,0.0,0.0,0.0,,203,0.0,203,Latest chronological test-window forecast
2025-05-31 05:00:00,6,122,129,Queens,Jackson Heights,Boro Zone,5.089,8.0,6.0,2.911,-0.911,-15.18,40,0.0722,40,Latest chronological test-window forecast
2025-05-31 05:00:00,6,123,130,Queens,Jamaica,Boro Zone,2.486,3.0,3.0,0.514,-0.514,-17.13,71,0.0353,72,Latest chronological test-window forecast
2025-05-31 05:00:00,6,124,131,Queens,Jamaica Estates,Boro Zone,1.619,1.0,2.0,0.619,-0.381,-19.05,84,0.023,84,Latest chronological test-window forecast
2025-05-31 05:00:00,6,125,132,Queens,JFK Airport,Airports,49.311,37.0,57.0,12.311,-7.689,-13.49,1,0.7,1,Latest chronological test-window forecast
2025-05-31 05:00:00,6,126,133,Brooklyn,Kensington,Boro Zone,0.744,1.0,1.0,0.256,-0.256,-25.6,119,0.0106,116,Latest chronological test-window forecast
2025-05-31 05:00:00,6,127,134,Queens,Kew Gardens,Boro Zone,0.0,2.0,0.0,2.0,0.0,,204,0.0,204,Latest chronological test-window forecast
2025-05-31 05:00:00,6,128,135,Queens,Kew Gardens Hills,Boro Zone,0.0,0.0,0.0,0.0,0.0,,205,0.0,205,Latest chronological test-window forecast
2025-05-31 05:00:00,6,129,136,Bronx,Kingsbridge Heights,Boro Zone,0.0,0.0,0.0,0.0,0.0,,206,0.0,206,Latest chronological test-window forecast
2025-05-31 05:00:00,6,130,137,Manhattan,Kips Bay,Yellow Zone,12.003,22.0,14.0,9.997,-1.997,-14.26,26,0.1704,25,Latest chronological test-window forecast
2025-05-31 05:00:00,6,131,138,Queens,LaGuardia Airport,Airports,0.734,0.0,1.0,0.734,-0.266,-26.6,151,0.0104,150,Latest chronological test-window forecast
2025-05-31 05:00:00,6,132,139,Queens,Laurelton,Boro Zone,0.742,0.0,1.0,0.742,-0.258,-25.8,132,0.0105,131,Latest chronological test-window forecast
2025-05-31 05:00:00,6,133,140,Manhattan,Lenox Hill East,Yellow Zone,14.609,12.0,17.0,2.609,-2.391,-14.06,17,0.2074,17,Latest chronological test-window forecast
2025-05-31 05:00:00,6,134,141,Manhattan,Lenox Hill West,Yellow Zone,20.678,12.0,24.0,8.678,-3.322,-13.84,10,0.2935,10,Latest chronological test-window forecast
2025-05-31 05:00:00,6,135,142,Manhattan,Lincoln Square East,Yellow Zone,9.405,4.0,11.0,5.405,-1.595,-14.5,30,0.1335,30,Latest chronological test-window forecast
2025-05-31 05:00:00,6,136,143,Manhattan,Lincoln Square West,Yellow Zone,11.141,5.0,13.0,6.141,-1.859,-14.3,27,0.1582,27,Latest chronological test-window forecast
2025-05-31 05:00:00,6,137,144,Manhattan,Little Italy/NoLiTa,Yellow Zone,0.735,5.0,1.0,4.265,-0.265,-26.5,146,0.0104,151,Latest chronological test-window forecast
2025-05-31 05:00:00,6,138,145,Queens,Long Island City/Hunters Point,Boro Zone,3.34,10.0,4.0,6.66,-0.66,-16.5,65,0.0474,68,Latest chronological test-window forecast
2025-05-31 05:00:00,6,139,146,Queens,Long Island City/Queens Plaza,Boro Zone,1.601,4.0,2.0,2.399,-0.399,-19.95,108,0.0227,108,Latest chronological test-window forecast
2025-05-31 05:00:00,6,140,147,Bronx,Longwood,Boro Zone,1.613,2.0,2.0,0.387,-0.387,-19.35,93,0.0229,96,Latest chronological test-window forecast
2025-05-31 05:00:00,6,141,148,Manhattan,Lower East Side,Yellow Zone,4.204,13.0,5.0,8.796,-0.796,-15.92,58,0.0597,57,Latest chronological test-window forecast
2025-05-31 05:00:00,6,142,149,Brooklyn,Madison,Boro Zone,0.0,0.0,0.0,0.0,0.0,,207,0.0,207,Latest chronological test-window forecast
2025-05-31 05:00:00,6,143,150,Brooklyn,Manhattan Beach,Boro Zone,0.749,1.0,1.0,0.251,-0.251,-25.1,109,0.0106,117,Latest chronological test-window forecast
2025-05-31 05:00:00,6,144,151,Manhattan,Manhattan Valley,Yellow Zone,8.537,9.0,10.0,0.463,-1.463,-14.63,31,0.1212,31,Latest chronological test-window forecast
2025-05-31 05:00:00,6,145,152,Manhattan,Manhattanville,Boro Zone,5.072,3.0,6.0,2.072,-0.928,-15.47,44,0.072,44,Latest chronological test-window forecast
2025-05-31 05:00:00,6,146,153,Manhattan,Marble Hill,Boro Zone,0.0,1.0,0.0,1.0,0.0,,208,0.0,208,Latest chronological test-window forecast
2025-05-31 05:00:00,6,147,154,Brooklyn,Marine Park/Floyd Bennett Field,Boro Zone,0.0,0.0,0.0,0.0,0.0,,209,0.0,209,Latest chronological test-window forecast
2025-05-31 05:00:00,6,148,155,Brooklyn,Marine Park/Mill Basin,Boro Zone,0.0,0.0,0.0,0.0,0.0,,210,0.0,210,Latest chronological test-window forecast
2025-05-31 05:00:00,6,149,156,Staten Island,Mariners Harbor,Boro Zone,0.0,0.0,0.0,0.0,0.0,,211,0.0,211,Latest chronological test-window forecast
2025-05-31 05:00:00,6,150,157,Queens,Maspeth,Boro Zone,0.738,16.0,1.0,15.262,-0.262,-26.2,141,0.0105,132,Latest chronological test-window forecast
2025-05-31 05:00:00,6,151,158,Manhattan,Meatpacking/West Village West,Yellow Zone,5.075,4.0,6.0,1.075,-0.925,-15.42,43,0.072,45,Latest chronological test-window forecast
2025-05-31 05:00:00,6,152,159,Bronx,Melrose South,Boro Zone,0.742,2.0,1.0,1.258,-0.258,-25.8,133,0.0105,133,Latest chronological test-window forecast
2025-05-31 05:00:00,6,153,160,Queens,Middle Village,Boro Zone,1.611,0.0,2.0,1.611,-0.389,-19.45,101,0.0229,97,Latest chronological test-window forecast
2025-05-31 05:00:00,6,154,161,Manhattan,Midtown Center,Yellow Zone,14.614,9.0,17.0,5.614,-2.386,-14.04,16,0.2075,16,Latest chronological test-window forecast
2025-05-31 05:00:00,6,155,162,Manhattan,Midtown East,Yellow Zone,16.348,13.0,19.0,3.348,-2.652,-13.96,15,0.2321,15,Latest chronological test-window forecast
2025-05-31 05:00:00,6,156,163,Manhattan,Midtown North,Yellow Zone,5.072,9.0,6.0,3.928,-0.928,-15.47,45,0.072,46,Latest chronological test-window forecast
2025-05-31 05:00:00,6,157,164,Manhattan,Midtown South,Yellow Zone,13.744,20.0,16.0,6.256,-2.256,-14.1,21,0.1951,21,Latest chronological test-window forecast
2025-05-31 05:00:00,6,158,165,Brooklyn,Midwood,Boro Zone,0.748,0.0,1.0,0.748,-0.252,-25.2,112,0.0106,118,Latest chronological test-window forecast
2025-05-31 05:00:00,6,159,166,Manhattan,Morningside Heights,Boro Zone,5.071,1.0,6.0,4.071,-0.929,-15.48,47,0.072,47,Latest chronological test-window forecast
2025-05-31 05:00:00,6,160,167,Bronx,Morrisania/Melrose,Boro Zone,0.742,0.0,1.0,0.742,-0.258,-25.8,134,0.0105,134,Latest chronological test-window forecast
2025-05-31 05:00:00,6,161,168,Bronx,Mott Haven/Port Morris,Boro Zone,1.613,6.0,2.0,4.387,-0.387,-19.35,94,0.0229,98,Latest chronological test-window forecast
2025-05-31 05:00:00,6,162,169,Bronx,Mount Hope,Boro Zone,0.0,2.0,0.0,2.0,0.0,,212,0.0,212,Latest chronological test-window forecast
2025-05-31 05:00:00,6,163,170,Manhattan,Murray Hill,Yellow Zone,17.215,18.0,20.0,0.785,-2.785,-13.92,14,0.2444,14,Latest chronological test-window forecast
2025-05-31 05:00:00,6,164,171,Queens,Murray Hill-Queens,Boro Zone,0.0,0.0,0.0,0.0,0.0,,213,0.0,213,Latest chronological test-window forecast
2025-05-31 05:00:00,6,165,172,Staten Island,New Dorp/Midland Beach,Boro Zone,0.0,0.0,0.0,0.0,0.0,,214,0.0,214,Latest chronological test-window forecast
2025-05-31 05:00:00,6,166,173,Queens,North Corona,Boro Zone,0.0,2.0,0.0,2.0,0.0,,215,0.0,215,Latest chronological test-window forecast
2025-05-31 05:00:00,6,167,174,Bronx,Norwood,Boro Zone,0.0,2.0,0.0,2.0,0.0,,216,0.0,216,Latest chronological test-window forecast
2025-05-31 05:00:00,6,168,175,Queens,Oakland Gardens,Boro Zone,0.0,0.0,0.0,0.0,0.0,,217,0.0,217,Latest chronological test-window forecast
2025-05-31 05:00:00,6,169,176,Staten Island,Oakwood,Boro Zone,0.0,0.0,0.0,0.0,0.0,,218,0.0,218,Latest chronological test-window forecast
2025-05-31 05:00:00,6,170,177,Brooklyn,Ocean Hill,Boro Zone,0.0,2.0,0.0,2.0,0.0,,219,0.0,219,Latest chronological test-window forecast
2025-05-31 05:00:00,6,171,178,Brooklyn,Ocean Parkway South,Boro Zone,0.0,0.0,0.0,0.0,0.0,,220,0.0,220,Latest chronological test-window forecast
2025-05-31 05:00:00,6,172,179,Queens,Old Astoria,Boro Zone,0.0,1.0,0.0,1.0,0.0,,221,0.0,221,Latest chronological test-window forecast
2025-05-31 05:00:00,6,173,180,Queens,Ozone Park,Boro Zone,0.743,1.0,1.0,0.257,-0.257,-25.7,123,0.0105,135,Latest chronological test-window forecast
2025-05-31 05:00:00,6,174,181,Brooklyn,Park Slope,Boro Zone,0.738,0.0,1.0,0.738,-0.262,-26.2,142,0.0105,136,Latest chronological test-window forecast
2025-05-31 05:00:00,6,175,182,Bronx,Parkchester,Boro Zone,1.608,0.0,2.0,1.608,-0.392,-19.6,102,0.0228,104,Latest chronological test-window forecast
2025-05-31 05:00:00,6,176,183,Bronx,Pelham Bay,Boro Zone,0.0,0.0,0.0,0.0,0.0,,222,0.0,222,Latest chronological test-window forecast
2025-05-31 05:00:00,6,177,184,Bronx,Pelham Bay Park,Boro Zone,0.0,0.0,0.0,0.0,0.0,,223,0.0,223,Latest chronological test-window forecast
2025-05-31 05:00:00,6,178,185,Bronx,Pelham Parkway,Boro Zone,0.742,3.0,1.0,2.258,-0.258,-25.8,135,0.0105,137,Latest chronological test-window forecast
2025-05-31 05:00:00,6,179,186,Manhattan,Penn Station/Madison Sq West,Yellow Zone,37.191,27.0,43.0,10.191,-5.809,-13.51,4,0.5279,4,Latest chronological test-window forecast
2025-05-31 05:00:00,6,180,187,Staten Island,Port Richmond,Boro Zone,0.0,0.0,0.0,0.0,0.0,,224,0.0,224,Latest chronological test-window forecast
2025-05-31 05:00:00,6,181,188,Brooklyn,Prospect-Lefferts Gardens,Boro Zone,4.22,2.0,5.0,2.22,-0.78,-15.6,52,0.0599,53,Latest chronological test-window forecast
2025-05-31 05:00:00,6,182,189,Brooklyn,Prospect Heights,Boro Zone,0.0,0.0,0.0,0.0,0.0,,225,0.0,225,Latest chronological test-window forecast
2025-05-31 05:00:00,6,183,190,Brooklyn,Prospect Park,Boro Zone,0.0,0.0,0.0,0.0,0.0,,226,0.0,226,Latest chronological test-window forecast
2025-05-31 05:00:00,6,184,191,Queens,Queens Village,Boro Zone,0.0,1.0,0.0,1.0,0.0,,227,0.0,227,Latest chronological test-window forecast
2025-05-31 05:00:00,6,185,192,Queens,Queensboro Hill,Boro Zone,0.0,0.0,0.0,0.0,0.0,,228,0.0,228,Latest chronological test-window forecast
2025-05-31 05:00:00,6,186,193,Queens,Queensbridge/Ravenswood,Boro Zone,0.0,1.0,0.0,1.0,0.0,,229,0.0,229,Latest chronological test-window forecast
2025-05-31 05:00:00,6,187,194,Manhattan,Randalls Island,Yellow Zone,0.0,0.0,0.0,0.0,0.0,,230,0.0,230,Latest chronological test-window forecast
2025-05-31 05:00:00,6,188,195,Brooklyn,Red Hook,Boro Zone,1.604,1.0,2.0,0.604,-0.396,-19.8,104,0.0228,105,Latest chronological test-window forecast
2025-05-31 05:00:00,6,189,196,Queens,Rego Park,Boro Zone,0.0,1.0,0.0,1.0,0.0,,231,0.0,231,Latest chronological test-window forecast
2025-05-31 05:00:00,6,190,197,Queens,Richmond Hill,Boro Zone,1.614,4.0,2.0,2.386,-0.386,-19.3,90,0.0229,99,Latest chronological test-window forecast
2025-05-31 05:00:00,6,191,198,Queens,Ridgewood,Boro Zone,0.0,8.0,0.0,8.0,0.0,,232,0.0,232,Latest chronological test-window forecast
2025-05-31 05:00:00,6,192,200,Bronx,Riverdale/North Riverdale/Fieldston,Boro Zone,0.0,0.0,0.0,0.0,0.0,,233,0.0,233,Latest chronological test-window forecast
2025-05-31 05:00:00,6,193,201,Queens,Rockaway Park,Boro Zone,0.0,0.0,0.0,0.0,0.0,,234,0.0,234,Latest chronological test-window forecast
2025-05-31 05:00:00,6,194,202,Manhattan,Roosevelt Island,Boro Zone,0.0,0.0,0.0,0.0,0.0,,235,0.0,235,Latest chronological test-window forecast
2025-05-31 05:00:00,6,195,203,Queens,Rosedale,Boro Zone,1.613,0.0,2.0,1.613,-0.387,-19.35,95,0.0229,100,Latest chronological test-window forecast
2025-05-31 05:00:00,6,196,204,Staten Island,Rossville/Woodrow,Boro Zone,0.0,0.0,0.0,0.0,0.0,,236,0.0,236,Latest chronological test-window forecast
2025-05-31 05:00:00,6,197,205,Queens,Saint Albans,Boro Zone,5.102,0.0,6.0,5.102,-0.898,-14.97,38,0.0724,38,Latest chronological test-window forecast
2025-05-31 05:00:00,6,198,206,Staten Island,Saint George/New Brighton,Boro Zone,0.0,0.0,0.0,0.0,0.0,,237,0.0,237,Latest chronological test-window forecast
2025-05-31 05:00:00,6,199,207,Queens,Saint Michaels Cemetery/Woodside,Boro Zone,0.0,0.0,0.0,0.0,0.0,,238,0.0,238,Latest chronological test-window forecast
2025-05-31 05:00:00,6,200,208,Bronx,Schuylerville/Edgewater Park,Boro Zone,0.743,0.0,1.0,0.743,-0.257,-25.7,124,0.0105,138,Latest chronological test-window forecast
2025-05-31 05:00:00,6,201,209,Manhattan,Seaport,Yellow Zone,0.0,2.0,0.0,2.0,0.0,,239,0.0,239,Latest chronological test-window forecast
2025-05-31 05:00:00,6,202,210,Brooklyn,Sheepshead Bay,Boro Zone,0.0,0.0,0.0,0.0,0.0,,240,0.0,240,Latest chronological test-window forecast
2025-05-31 05:00:00,6,203,211,Manhattan,SoHo,Yellow Zone,2.471,6.0,3.0,3.529,-0.529,-17.63,79,0.0351,78,Latest chronological test-window forecast
2025-05-31 05:00:00,6,204,212,Bronx,Soundview/Bruckner,Boro Zone,0.0,1.0,0.0,1.0,0.0,,241,0.0,241,Latest chronological test-window forecast
2025-05-31 05:00:00,6,205,213,Bronx,Soundview/Castle Hill,Boro Zone,0.743,1.0,1.0,0.257,-0.257,-25.7,125,0.0105,139,Latest chronological test-window forecast
2025-05-31 05:00:00,6,206,214,Staten Island,South Beach/Dongan Hills,Boro Zone,0.743,0.0,1.0,0.743,-0.257,-25.7,126,0.0105,140,Latest chronological test-window forecast
2025-05-31 05:00:00,6,207,215,Queens,South Jamaica,Boro Zone,1.618,1.0,2.0,0.618,-0.382,-19.1,85,0.023,85,Latest chronological test-window forecast
2025-05-31 05:00:00,6,208,216,Queens,South Ozone Park,Boro Zone,5.1,4.0,6.0,1.1,-0.9,-15.0,39,0.0724,39,Latest chronological test-window forecast
2025-05-31 05:00:00,6,209,217,Brooklyn,South Williamsburg,Boro Zone,0.0,0.0,0.0,0.0,0.0,,242,0.0,242,Latest chronological test-window forecast
2025-05-31 05:00:00,6,210,218,Queens,Springfield Gardens North,Boro Zone,1.617,1.0,2.0,0.617,-0.383,-19.15,86,0.023,86,Latest chronological test-window forecast
2025-05-31 05:00:00,6,211,219,Queens,Springfield Gardens South,Boro Zone,2.484,0.0,3.0,2.484,-0.516,-17.2,73,0.0353,73,Latest chronological test-window forecast
2025-05-31 05:00:00,6,212,220,Bronx,Spuyten Duyvil/Kingsbridge,Boro Zone,0.0,0.0,0.0,0.0,0.0,,243,0.0,243,Latest chronological test-window forecast
2025-05-31 05:00:00,6,213,221,Staten Island,Stapleton,Boro Zone,0.0,0.0,0.0,0.0,0.0,,244,0.0,244,Latest chronological test-window forecast
2025-05-31 05:00:00,6,214,222,Brooklyn,Starrett City,Boro Zone,0.0,0.0,0.0,0.0,0.0,,245,0.0,245,Latest chronological test-window forecast
2025-05-31 05:00:00,6,215,223,Queens,Steinway,Boro Zone,2.472,6.0,3.0,3.528,-0.528,-17.6,78,0.0351,79,Latest chronological test-window forecast
2025-05-31 05:00:00,6,216,224,Manhattan,Stuy Town/Peter Cooper Village,Yellow Zone,1.603,2.0,2.0,0.397,-0.397,-19.85,106,0.0228,106,Latest chronological test-window forecast
2025-05-31 05:00:00,6,217,225,Brooklyn,Stuyvesant Heights,Boro Zone,0.738,1.0,1.0,0.262,-0.262,-26.2,143,0.0105,141,Latest chronological test-window forecast
2025-05-31 05:00:00,6,218,226,Queens,Sunnyside,Boro Zone,5.952,16.0,7.0,10.048,-1.048,-14.97,36,0.0845,36,Latest chronological test-window forecast
2025-05-31 05:00:00,6,219,227,Brooklyn,Sunset Park East,Boro Zone,0.747,2.0,1.0,1.253,-0.253,-25.3,113,0.0106,119,Latest chronological test-window forecast
2025-05-31 05:00:00,6,220,228,Brooklyn,Sunset Park West,Boro Zone,0.744,2.0,1.0,1.256,-0.256,-25.6,120,0.0106,120,Latest chronological test-window forecast
2025-05-31 05:00:00,6,221,229,Manhattan,Sutton Place/Turtle Bay North,Yellow Zone,12.013,13.0,14.0,0.987,-1.987,-14.19,24,0.1705,24,Latest chronological test-window forecast
2025-05-31 05:00:00,6,222,230,Manhattan,Times Sq/Theatre District,Yellow Zone,26.752,27.0,31.0,0.248,-4.248,-13.7,6,0.3798,6,Latest chronological test-window forecast
2025-05-31 05:00:00,6,223,231,Manhattan,TriBeCa/Civic Center,Yellow Zone,8.537,5.0,10.0,3.537,-1.463,-14.63,32,0.1212,32,Latest chronological test-window forecast
2025-05-31 05:00:00,6,224,232,Manhattan,Two Bridges/Seward Park,Yellow Zone,4.204,8.0,5.0,3.796,-0.796,-15.92,59,0.0597,58,Latest chronological test-window forecast
2025-05-31 05:00:00,6,225,233,Manhattan,UN/Turtle Bay South,Yellow Zone,6.806,6.0,8.0,0.806,-1.194,-14.92,35,0.0966,35,Latest chronological test-window forecast
2025-05-31 05:00:00,6,226,234,Manhattan,Union Sq,Yellow Zone,5.943,10.0,7.0,4.057,-1.057,-15.1,37,0.0844,37,Latest chronological test-window forecast
2025-05-31 05:00:00,6,227,235,Bronx,University Heights/Morris Heights,Boro Zone,2.484,3.0,3.0,0.516,-0.516,-17.2,74,0.0353,74,Latest chronological test-window forecast
2025-05-31 05:00:00,6,228,236,Manhattan,Upper East Side North,Yellow Zone,14.607,10.0,17.0,4.607,-2.393,-14.08,18,0.2074,18,Latest chronological test-window forecast
2025-05-31 05:00:00,6,229,237,Manhattan,Upper East Side South,Yellow Zone,12.007,9.0,14.0,3.007,-1.993,-14.24,25,0.1704,26,Latest chronological test-window forecast
2025-05-31 05:00:00,6,230,238,Manhattan,Upper West Side North,Yellow Zone,21.541,11.0,25.0,10.541,-3.459,-13.84,8,0.3058,8,Latest chronological test-window forecast
2025-05-31 05:00:00,6,231,239,Manhattan,Upper West Side South,Yellow Zone,20.675,14.0,24.0,6.675,-3.325,-13.85,11,0.2935,11,Latest chronological test-window forecast
2025-05-31 05:00:00,6,232,240,Bronx,Van Cortlandt Park,Boro Zone,0.0,0.0,0.0,0.0,0.0,,246,0.0,246,Latest chronological test-window forecast
2025-05-31 05:00:00,6,233,241,Bronx,Van Cortlandt Village,Boro Zone,0.0,0.0,0.0,0.0,0.0,,247,0.0,247,Latest chronological test-window forecast
2025-05-31 05:00:00,6,234,242,Bronx,Van Nest/Morris Park,Boro Zone,0.743,0.0,1.0,0.743,-0.257,-25.7,127,0.0105,142,Latest chronological test-window forecast
2025-05-31 05:00:00,6,235,243,Manhattan,Washington Heights North,Boro Zone,0.738,2.0,1.0,1.262,-0.262,-26.2,144,0.0105,143,Latest chronological test-window forecast
2025-05-31 05:00:00,6,236,244,Manhattan,Washington Heights South,Boro Zone,4.215,1.0,5.0,3.215,-0.785,-15.7,55,0.0598,56,Latest chronological test-window forecast
2025-05-31 05:00:00,6,237,245,Staten Island,West Brighton,Boro Zone,0.0,0.0,0.0,0.0,0.0,,248,0.0,248,Latest chronological test-window forecast
2025-05-31 05:00:00,6,238,246,Manhattan,West Chelsea/Hudson Yards,Yellow Zone,4.208,3.0,5.0,1.208,-0.792,-15.84,57,0.0597,59,Latest chronological test-window forecast
2025-05-31 05:00:00,6,239,247,Bronx,West Concourse,Boro Zone,1.612,2.0,2.0,0.388,-0.388,-19.4,98,0.0229,101,Latest chronological test-window forecast
2025-05-31 05:00:00,6,240,248,Bronx,West Farms/Bronx River,Boro Zone,3.353,2.0,4.0,1.353,-0.647,-16.18,62,0.0476,61,Latest chronological test-window forecast
2025-05-31 05:00:00,6,241,249,Manhattan,West Village,Yellow Zone,13.758,14.0,16.0,0.242,-2.242,-14.01,19,0.1953,19,Latest chronological test-window forecast
2025-05-31 05:00:00,6,242,250,Bronx,Westchester Village/Unionport,Boro Zone,0.0,1.0,0.0,1.0,0.0,,249,0.0,249,Latest chronological test-window forecast
2025-05-31 05:00:00,6,243,251,Staten Island,Westerleigh,Boro Zone,0.0,0.0,0.0,0.0,0.0,,250,0.0,250,Latest chronological test-window forecast
2025-05-31 05:00:00,6,244,252,Queens,Whitestone,Boro Zone,0.0,0.0,0.0,0.0,0.0,,251,0.0,251,Latest chronological test-window forecast
2025-05-31 05:00:00,6,245,253,Queens,Willets Point,Boro Zone,0.0,0.0,0.0,0.0,0.0,,252,0.0,252,Latest chronological test-window forecast
2025-05-31 05:00:00,6,246,254,Bronx,Williamsbridge/Olinville,Boro Zone,0.743,4.0,1.0,3.257,-0.257,-25.7,128,0.0105,144,Latest chronological test-window forecast
2025-05-31 05:00:00,6,247,255,Brooklyn,Williamsburg (North Side),Boro Zone,0.0,3.0,0.0,3.0,0.0,,253,0.0,253,Latest chronological test-window forecast
2025-05-31 05:00:00,6,248,256,Brooklyn,Williamsburg (South Side),Boro Zone,0.0,5.0,0.0,5.0,0.0,,254,0.0,254,Latest chronological test-window forecast
2025-05-31 05:00:00,6,249,257,Brooklyn,Windsor Terrace,Boro Zone,0.0,1.0,0.0,1.0,0.0,,255,0.0,255,Latest chronological test-window forecast
2025-05-31 05:00:00,6,250,258,Queens,Woodhaven,Boro Zone,3.355,3.0,4.0,0.355,-0.645,-16.12,61,0.0476,62,Latest chronological test-window forecast
2025-05-31 05:00:00,6,251,259,Bronx,Woodlawn/Wakefield,Boro Zone,0.0,0.0,0.0,0.0,0.0,,256,0.0,256,Latest chronological test-window forecast
2025-05-31 05:00:00,6,252,260,Queens,Woodside,Boro Zone,5.081,6.0,6.0,0.919,-0.919,-15.32,42,0.0721,42,Latest chronological test-window forecast
2025-05-31 05:00:00,6,253,261,Manhattan,World Trade Center,Yellow Zone,2.469,1.0,3.0,1.469,-0.531,-17.7,80,0.035,82,Latest chronological test-window forecast
2025-05-31 05:00:00,6,254,262,Manhattan,Yorkville East,Yellow Zone,20.682,11.0,24.0,9.682,-3.318,-13.83,9,0.2936,9,Latest chronological test-window forecast
2025-05-31 05:00:00,6,255,263,Manhattan,Yorkville West,Yellow Zone,29.345,17.0,34.0,12.345,-4.655,-13.69,5,0.4166,5,Latest chronological test-window forecast
2025-05-31 06:00:00,7,0,1,EWR,Newark Airport,EWR,0.0,1.0,0.0,1.0,0.0,,185,0.0,185,Latest chronological test-window forecast
2025-05-31 06:00:00,7,1,2,Queens,Jamaica Bay,Boro Zone,0.0,0.0,0.0,0.0,0.0,,186,0.0,186,Latest chronological test-window forecast
2025-05-31 06:00:00,7,2,3,Bronx,Allerton/Pelham Gardens,Boro Zone,0.0,3.0,0.0,3.0,0.0,,187,0.0,187,Latest chronological test-window forecast
2025-05-31 06:00:00,7,3,4,Manhattan,Alphabet City,Yellow Zone,10.323,12.0,12.0,1.677,-1.677,-13.98,47,0.051,45,Latest chronological test-window forecast
2025-05-31 06:00:00,7,4,6,Staten Island,Arrochar/Fort Wadsworth,Boro Zone,0.747,0.0,1.0,0.747,-0.253,-25.3,171,0.0037,154,Latest chronological test-window forecast
2025-05-31 06:00:00,7,5,7,Queens,Astoria,Boro Zone,11.215,18.0,13.0,6.785,-1.785,-13.73,42,0.0554,42,Latest chronological test-window forecast
2025-05-31 06:00:00,7,6,8,Queens,Astoria Park,Boro Zone,0.0,0.0,0.0,0.0,0.0,,188,0.0,188,Latest chronological test-window forecast
2025-05-31 06:00:00,7,7,9,Queens,Auburndale,Boro Zone,0.0,1.0,0.0,1.0,0.0,,189,0.0,189,Latest chronological test-window forecast
2025-05-31 06:00:00,7,8,10,Queens,Baisley Park,Boro Zone,1.618,2.0,2.0,0.382,-0.382,-19.1,147,0.008,128,Latest chronological test-window forecast
2025-05-31 06:00:00,7,9,11,Brooklyn,Bath Beach,Boro Zone,0.0,0.0,0.0,0.0,0.0,,190,0.0,190,Latest chronological test-window forecast
2025-05-31 06:00:00,7,10,12,Manhattan,Battery Park,Yellow Zone,0.0,0.0,0.0,0.0,0.0,,191,0.0,191,Latest chronological test-window forecast
2025-05-31 06:00:00,7,11,13,Manhattan,Battery Park City,Yellow Zone,12.924,2.0,15.0,10.924,-2.076,-13.84,39,0.0638,38,Latest chronological test-window forecast
2025-05-31 06:00:00,7,12,14,Brooklyn,Bay Ridge,Boro Zone,3.376,2.0,4.0,1.376,-0.624,-15.6,86,0.0167,83,Latest chronological test-window forecast
2025-05-31 06:00:00,7,13,15,Queens,Bay Terrace/Fort Totten,Boro Zone,0.0,0.0,0.0,0.0,0.0,,192,0.0,192,Latest chronological test-window forecast
2025-05-31 06:00:00,7,14,16,Queens,Bayside,Boro Zone,0.751,0.0,1.0,0.751,-0.249,-24.9,156,0.0037,155,Latest chronological test-window forecast
2025-05-31 06:00:00,7,15,17,Brooklyn,Bedford,Boro Zone,4.235,4.0,5.0,0.235,-0.765,-15.3,78,0.0209,77,Latest chronological test-window forecast
2025-05-31 06:00:00,7,16,18,Bronx,Bedford Park,Boro Zone,2.497,2.0,3.0,0.497,-0.503,-16.77,111,0.0123,105,Latest chronological test-window forecast
2025-05-31 06:00:00,7,17,19,Queens,Bellerose,Boro Zone,0.753,0.0,1.0,0.753,-0.247,-24.7,154,0.0037,156,Latest chronological test-window forecast
2025-05-31 06:00:00,7,18,20,Bronx,Belmont,Boro Zone,0.748,1.0,1.0,0.252,-0.252,-25.2,166,0.0037,157,Latest chronological test-window forecast
2025-05-31 06:00:00,7,19,21,Brooklyn,Bensonhurst East,Boro Zone,0.0,0.0,0.0,0.0,0.0,,193,0.0,193,Latest chronological test-window forecast
2025-05-31 06:00:00,7,20,22,Brooklyn,Bensonhurst West,Boro Zone,3.385,2.0,4.0,1.385,-0.615,-15.38,83,0.0167,84,Latest chronological test-window forecast
2025-05-31 06:00:00,7,21,23,Staten Island,Bloomfield/Emerson Hill,Boro Zone,0.0,0.0,0.0,0.0,0.0,,194,0.0,194,Latest chronological test-window forecast
2025-05-31 06:00:00,7,22,24,Manhattan,Bloomingdale,Yellow Zone,12.923,4.0,15.0,8.923,-2.077,-13.85,40,0.0638,39,Latest chronological test-window forecast
2025-05-31 06:00:00,7,23,25,Brooklyn,Boerum Hill,Boro Zone,3.36,8.0,4.0,4.64,-0.64,-16.0,98,0.0166,88,Latest chronological test-window forecast
2025-05-31 06:00:00,7,24,26,Brooklyn,Borough Park,Boro Zone,2.503,1.0,3.0,1.503,-0.497,-16.57,104,0.0124,100,Latest chronological test-window forecast
2025-05-31 06:00:00,7,25,27,Queens,Breezy Point/Fort Tilden/Riis Beach,Boro Zone,0.0,0.0,0.0,0.0,0.0,,195,0.0,195,Latest chronological test-window forecast
2025-05-31 06:00:00,7,26,28,Queens,Briarwood/Jamaica Hills,Boro Zone,3.372,4.0,4.0,0.628,-0.628,-15.7,88,0.0166,89,Latest chronological test-window forecast
2025-05-31 06:00:00,7,27,29,Brooklyn,Brighton Beach,Boro Zone,2.509,0.0,3.0,2.509,-0.491,-16.37,100,0.0124,101,Latest chronological test-window forecast
2025-05-31 06:00:00,7,28,30,Queens,Broad Channel,Boro Zone,0.0,0.0,0.0,0.0,0.0,,196,0.0,196,Latest chronological test-window forecast
2025-05-31 06:00:00,7,29,31,Bronx,Bronx Park,Boro Zone,0.0,0.0,0.0,0.0,0.0,,197,0.0,197,Latest chronological test-window forecast
2025-05-31 06:00:00,7,30,32,Bronx,Bronxdale,Boro Zone,2.499,2.0,3.0,0.499,-0.501,-16.7,107,0.0123,106,Latest chronological test-window forecast
2025-05-31 06:00:00,7,31,33,Brooklyn,Brooklyn Heights,Boro Zone,2.481,2.0,3.0,0.481,-0.519,-17.3,123,0.0122,123,Latest chronological test-window forecast
2025-05-31 06:00:00,7,32,34,Brooklyn,Brooklyn Navy Yard,Boro Zone,0.741,1.0,1.0,0.259,-0.259,-25.9,181,0.0037,158,Latest chronological test-window forecast
2025-05-31 06:00:00,7,33,35,Brooklyn,Brownsville,Boro Zone,3.37,0.0,4.0,3.37,-0.63,-15.75,92,0.0166,90,Latest chronological test-window forecast
2025-05-31 06:00:00,7,34,36,Brooklyn,Bushwick North,Boro Zone,2.488,3.0,3.0,0.512,-0.512,-17.07,117,0.0123,107,Latest chronological test-window forecast
2025-05-31 06:00:00,7,35,37,Brooklyn,Bushwick South,Boro Zone,5.103,6.0,6.0,0.897,-0.897,-14.95,69,0.0252,69,Latest chronological test-window forecast
2025-05-31 06:00:00,7,36,38,Queens,Cambria Heights,Boro Zone,3.363,0.0,4.0,3.363,-0.637,-15.92,97,0.0166,91,Latest chronological test-window forecast
2025-05-31 06:00:00,7,37,39,Brooklyn,Canarsie,Boro Zone,5.119,5.0,6.0,0.119,-0.881,-14.68,68,0.0253,65,Latest chronological test-window forecast
2025-05-31 06:00:00,7,38,40,Brooklyn,Carroll Gardens,Boro Zone,2.482,0.0,3.0,2.482,-0.518,-17.27,122,0.0123,108,Latest chronological test-window forecast
2025-05-31 06:00:00,7,39,41,Manhattan,Central Harlem,Boro Zone,13.821,13.0,16.0,0.821,-2.179,-13.62,36,0.0682,36,Latest chronological test-window forecast
2025-05-31 06:00:00,7,40,42,Manhattan,Central Harlem North,Boro Zone,14.709,16.0,17.0,1.291,-2.291,-13.48,34,0.0726,34,Latest chronological test-window forecast
2025-05-31 06:00:00,7,41,43,Manhattan,Central Park,Yellow Zone,5.095,3.0,6.0,2.095,-0.905,-15.08,71,0.0252,70,Latest chronological test-window forecast
2025-05-31 06:00:00,7,42,44,Staten Island,Charleston/Tottenville,Boro Zone,0.0,0.0,0.0,0.0,0.0,,198,0.0,198,Latest chronological test-window forecast
2025-05-31 06:00:00,7,43,45,Manhattan,Chinatown,Yellow Zone,2.481,1.0,3.0,1.481,-0.519,-17.3,124,0.0122,124,Latest chronological test-window forecast
2025-05-31 06:00:00,7,44,46,Bronx,City Island,Boro Zone,0.0,0.0,0.0,0.0,0.0,,199,0.0,199,Latest chronological test-window forecast
2025-05-31 06:00:00,7,45,47,Bronx,Claremont/Bathgate,Boro Zone,0.747,1.0,1.0,0.253,-0.253,-25.3,172,0.0037,159,Latest chronological test-window forecast
2025-05-31 06:00:00,7,46,48,Manhattan,Clinton East,Yellow Zone,47.732,29.0,55.0,18.732,-7.268,-13.21,10,0.2357,10,Latest chronological test-window forecast
2025-05-31 06:00:00,7,47,49,Brooklyn,Clinton Hill,Boro Zone,1.614,1.0,2.0,0.614,-0.386,-19.3,150,0.008,129,Latest chronological test-window forecast
2025-05-31 06:00:00,7,48,50,Manhattan,Clinton West,Yellow Zone,13.8,21.0,16.0,7.2,-2.2,-13.75,37,0.0681,37,Latest chronological test-window forecast
2025-05-31 06:00:00,7,49,51,Bronx,Co-Op City,Boro Zone,5.125,4.0,6.0,1.125,-0.875,-14.58,66,0.0253,66,Latest chronological test-window forecast
2025-05-31 06:00:00,7,50,52,Brooklyn,Cobble Hill,Boro Zone,0.0,1.0,0.0,1.0,0.0,,200,0.0,200,Latest chronological test-window forecast
2025-05-31 06:00:00,7,51,53,Queens,College Point,Boro Zone,0.749,0.0,1.0,0.749,-0.251,-25.1,160,0.0037,160,Latest chronological test-window forecast
2025-05-31 06:00:00,7,52,54,Brooklyn,Columbia Street,Boro Zone,0.0,0.0,0.0,0.0,0.0,,201,0.0,201,Latest chronological test-window forecast
2025-05-31 06:00:00,7,53,55,Brooklyn,Coney Island,Boro Zone,2.506,0.0,3.0,2.506,-0.494,-16.47,101,0.0124,102,Latest chronological test-window forecast
2025-05-31 06:00:00,7,54,56,Queens,Corona,Boro Zone,1.623,3.0,2.0,1.377,-0.377,-18.85,133,0.008,130,Latest chronological test-window forecast
2025-05-31 06:00:00,7,55,57,Queens,Corona,Boro Zone,0.0,0.0,0.0,0.0,0.0,,202,0.0,202,Latest chronological test-window forecast
2025-05-31 06:00:00,7,56,58,Bronx,Country Club,Boro Zone,0.0,0.0,0.0,0.0,0.0,,203,0.0,203,Latest chronological test-window forecast
2025-05-31 06:00:00,7,57,59,Bronx,Crotona Park,Boro Zone,0.0,0.0,0.0,0.0,0.0,,204,0.0,204,Latest chronological test-window forecast
2025-05-31 06:00:00,7,58,60,Bronx,Crotona Park East,Boro Zone,0.749,2.0,1.0,1.251,-0.251,-25.1,161,0.0037,161,Latest chronological test-window forecast
2025-05-31 06:00:00,7,59,61,Brooklyn,Crown Heights North,Boro Zone,4.234,8.0,5.0,3.766,-0.766,-15.32,80,0.0209,78,Latest chronological test-window forecast
2025-05-31 06:00:00,7,60,62,Brooklyn,Crown Heights South,Boro Zone,0.747,5.0,1.0,4.253,-0.253,-25.3,173,0.0037,162,Latest chronological test-window forecast
2025-05-31 06:00:00,7,61,63,Brooklyn,Cypress Hills,Boro Zone,2.494,3.0,3.0,0.506,-0.506,-16.87,115,0.0123,109,Latest chronological test-window forecast
2025-05-31 06:00:00,7,62,64,Queens,Douglaston,Boro Zone,0.0,0.0,0.0,0.0,0.0,,205,0.0,205,Latest chronological test-window forecast
2025-05-31 06:00:00,7,63,65,Brooklyn,Downtown Brooklyn/MetroTech,Boro Zone,0.0,1.0,0.0,1.0,0.0,,206,0.0,206,Latest chronological test-window forecast
2025-05-31 06:00:00,7,64,66,Brooklyn,DUMBO/Vinegar Hill,Boro Zone,6.832,0.0,8.0,6.832,-1.168,-14.6,58,0.0337,58,Latest chronological test-window forecast
2025-05-31 06:00:00,7,65,67,Brooklyn,Dyker Heights,Boro Zone,1.626,0.0,2.0,1.626,-0.374,-18.7,131,0.008,131,Latest chronological test-window forecast
2025-05-31 06:00:00,7,66,68,Manhattan,East Chelsea,Yellow Zone,14.667,9.0,17.0,5.667,-2.333,-13.72,35,0.0724,35,Latest chronological test-window forecast
2025-05-31 06:00:00,7,67,69,Bronx,East Concourse/Concourse Village,Boro Zone,1.623,2.0,2.0,0.377,-0.377,-18.85,134,0.008,132,Latest chronological test-window forecast
2025-05-31 06:00:00,7,68,70,Queens,East Elmhurst,Boro Zone,0.74,3.0,1.0,2.26,-0.26,-26.0,184,0.0037,163,Latest chronological test-window forecast
2025-05-31 06:00:00,7,69,71,Brooklyn,East Flatbush/Farragut,Boro Zone,3.369,0.0,4.0,3.369,-0.631,-15.78,94,0.0166,92,Latest chronological test-window forecast
2025-05-31 06:00:00,7,70,72,Brooklyn,East Flatbush/Remsen Village,Boro Zone,3.369,3.0,4.0,0.369,-0.631,-15.78,95,0.0166,93,Latest chronological test-window forecast
2025-05-31 06:00:00,7,71,73,Queens,East Flushing,Boro Zone,0.0,3.0,0.0,3.0,0.0,,207,0.0,207,Latest chronological test-window forecast
2025-05-31 06:00:00,7,72,74,Manhattan,East Harlem North,Boro Zone,19.924,26.0,23.0,6.076,-3.076,-13.37,29,0.0984,29,Latest chronological test-window forecast
2025-05-31 06:00:00,7,73,75,Manhattan,East Harlem South,Boro Zone,20.775,17.0,24.0,3.775,-3.225,-13.44,27,0.1026,27,Latest chronological test-window forecast
2025-05-31 06:00:00,7,74,76,Brooklyn,East New York,Boro Zone,12.105,9.0,14.0,3.105,-1.895,-13.54,41,0.0598,41,Latest chronological test-window forecast
2025-05-31 06:00:00,7,75,77,Brooklyn,East New York/Pennsylvania Avenue,Boro Zone,0.0,2.0,0.0,2.0,0.0,,208,0.0,208,Latest chronological test-window forecast
2025-05-31 06:00:00,7,76,78,Bronx,East Tremont,Boro Zone,4.248,1.0,5.0,3.248,-0.752,-15.04,75,0.021,75,Latest chronological test-window forecast
2025-05-31 06:00:00,7,77,79,Manhattan,East Village,Yellow Zone,38.173,28.0,44.0,10.173,-5.827,-13.24,15,0.1885,15,Latest chronological test-window forecast
2025-05-31 06:00:00,7,78,80,Brooklyn,East Williamsburg,Boro Zone,0.742,3.0,1.0,2.258,-0.258,-25.8,180,0.0037,164,Latest chronological test-window forecast
2025-05-31 06:00:00,7,79,81,Bronx,Eastchester,Boro Zone,1.627,1.0,2.0,0.627,-0.373,-18.65,129,0.008,133,Latest chronological test-window forecast
2025-05-31 06:00:00,7,80,82,Queens,Elmhurst,Boro Zone,1.622,5.0,2.0,3.378,-0.378,-18.9,139,0.008,134,Latest chronological test-window forecast
2025-05-31 06:00:00,7,81,83,Queens,Elmhurst/Maspeth,Boro Zone,2.489,3.0,3.0,0.511,-0.511,-17.03,116,0.0123,110,Latest chronological test-window forecast
2025-05-31 06:00:00,7,82,84,Staten Island,Eltingville/Annadale/Prince's Bay,Boro Zone,0.0,0.0,0.0,0.0,0.0,,209,0.0,209,Latest chronological test-window forecast
2025-05-31 06:00:00,7,83,85,Brooklyn,Erasmus,Boro Zone,3.366,5.0,4.0,1.634,-0.634,-15.85,96,0.0166,94,Latest chronological test-window forecast
2025-05-31 06:00:00,7,84,86,Queens,Far Rockaway,Boro Zone,1.622,1.0,2.0,0.622,-0.378,-18.9,140,0.008,135,Latest chronological test-window forecast
2025-05-31 06:00:00,7,85,87,Manhattan,Financial District North,Yellow Zone,8.576,8.0,10.0,0.576,-1.424,-14.24,52,0.0423,52,Latest chronological test-window forecast
2025-05-31 06:00:00,7,86,88,Manhattan,Financial District South,Yellow Zone,1.612,2.0,2.0,0.388,-0.388,-19.4,152,0.008,136,Latest chronological test-window forecast
2025-05-31 06:00:00,7,87,89,Brooklyn,Flatbush/Ditmas Park,Boro Zone,8.62,6.0,10.0,2.62,-1.38,-13.8,49,0.0426,49,Latest chronological test-window forecast
2025-05-31 06:00:00,7,88,90,Manhattan,Flatiron,Yellow Zone,31.225,14.0,36.0,17.225,-4.775,-13.26,17,0.1542,17,Latest chronological test-window forecast
2025-05-31 06:00:00,7,89,91,Brooklyn,Flatlands,Boro Zone,5.997,1.0,7.0,4.997,-1.003,-14.33,60,0.0296,59,Latest chronological test-window forecast
2025-05-31 06:00:00,7,90,92,Queens,Flushing,Boro Zone,0.0,3.0,0.0,3.0,0.0,,210,0.0,210,Latest chronological test-window forecast
2025-05-31 06:00:00,7,91,93,Queens,Flushing Meadows-Corona Park,Boro Zone,0.0,3.0,0.0,3.0,0.0,,211,0.0,211,Latest chronological test-window forecast
2025-05-31 06:00:00,7,92,94,Bronx,Fordham South,Boro Zone,0.0,2.0,0.0,2.0,0.0,,212,0.0,212,Latest chronological test-window forecast
2025-05-31 06:00:00,7,93,95,Queens,Forest Hills,Boro Zone,0.749,2.0,1.0,1.251,-0.251,-25.1,162,0.0037,165,Latest chronological test-window forecast
2025-05-31 06:00:00,7,94,96,Queens,Forest Park/Highland Park,Boro Zone,0.0,0.0,0.0,0.0,0.0,,213,0.0,213,Latest chronological test-window forecast
2025-05-31 06:00:00,7,95,97,Brooklyn,Fort Greene,Boro Zone,4.227,3.0,5.0,1.227,-0.773,-15.46,81,0.0209,79,Latest chronological test-window forecast
2025-05-31 06:00:00,7,96,98,Queens,Fresh Meadows,Boro Zone,0.0,0.0,0.0,0.0,0.0,,214,0.0,214,Latest chronological test-window forecast
2025-05-31 06:00:00,7,97,100,Manhattan,Garment District,Yellow Zone,59.955,24.0,69.0,35.955,-9.045,-13.11,4,0.296,4,Latest chronological test-window forecast
2025-05-31 06:00:00,7,98,101,Queens,Glen Oaks,Boro Zone,0.0,0.0,0.0,0.0,0.0,,215,0.0,215,Latest chronological test-window forecast
2025-05-31 06:00:00,7,99,102,Queens,Glendale,Boro Zone,1.622,2.0,2.0,0.378,-0.378,-18.9,141,0.008,137,Latest chronological test-window forecast
2025-05-31 06:00:00,7,100,106,Brooklyn,Gowanus,Boro Zone,0.0,0.0,0.0,0.0,0.0,,216,0.0,216,Latest chronological test-window forecast
2025-05-31 06:00:00,7,101,107,Manhattan,Gramercy,Yellow Zone,40.786,15.0,47.0,25.786,-6.214,-13.22,13,0.2014,13,Latest chronological test-window forecast
2025-05-31 06:00:00,7,102,108,Brooklyn,Gravesend,Boro Zone,0.753,1.0,1.0,0.247,-0.247,-24.7,155,0.0037,166,Latest chronological test-window forecast
2025-05-31 06:00:00,7,103,109,Staten Island,Great Kills,Boro Zone,0.0,1.0,0.0,1.0,0.0,,217,0.0,217,Latest chronological test-window forecast
2025-05-31 06:00:00,7,104,111,Brooklyn,Green-Wood Cemetery,Boro Zone,0.0,0.0,0.0,0.0,0.0,,218,0.0,218,Latest chronological test-window forecast
2025-05-31 06:00:00,7,105,112,Brooklyn,Greenpoint,Boro Zone,2.483,4.0,3.0,1.517,-0.517,-17.23,121,0.0123,111,Latest chronological test-window forecast
2025-05-31 06:00:00,7,106,113,Manhattan,Greenwich Village North,Yellow Zone,12.928,9.0,15.0,3.928,-2.072,-13.81,38,0.0638,40,Latest chronological test-window forecast
2025-05-31 06:00:00,7,107,114,Manhattan,Greenwich Village South,Yellow Zone,8.582,5.0,10.0,3.582,-1.418,-14.18,51,0.0424,51,Latest chronological test-window forecast
2025-05-31 06:00:00,7,108,115,Staten Island,Grymes Hill/Clifton,Boro Zone,0.746,0.0,1.0,0.746,-0.254,-25.4,174,0.0037,167,Latest chronological test-window forecast
2025-05-31 06:00:00,7,109,116,Manhattan,Hamilton Heights,Boro Zone,11.198,10.0,13.0,1.198,-1.802,-13.86,43,0.0553,43,Latest chronological test-window forecast
2025-05-31 06:00:00,7,110,117,Queens,Hammels/Arverne,Boro Zone,1.623,1.0,2.0,0.623,-0.377,-18.85,135,0.008,138,Latest chronological test-window forecast
2025-05-31 06:00:00,7,111,118,Staten Island,Heartland Village/Todt Hill,Boro Zone,0.0,0.0,0.0,0.0,0.0,,219,0.0,219,Latest chronological test-window forecast
2025-05-31 06:00:00,7,112,119,Bronx,Highbridge,Boro Zone,1.619,3.0,2.0,1.381,-0.381,-19.05,146,0.008,139,Latest chronological test-window forecast
2025-05-31 06:00:00,7,113,120,Manhattan,Highbridge Park,Boro Zone,0.0,1.0,0.0,1.0,0.0,,220,0.0,220,Latest chronological test-window forecast
2025-05-31 06:00:00,7,114,121,Queens,Hillcrest/Pomonok,Boro Zone,0.0,1.0,0.0,1.0,0.0,,221,0.0,221,Latest chronological test-window forecast
2025-05-31 06:00:00,7,115,122,Queens,Hollis,Boro Zone,1.628,1.0,2.0,0.628,-0.372,-18.6,128,0.008,140,Latest chronological test-window forecast
2025-05-31 06:00:00,7,116,123,Brooklyn,Homecrest,Boro Zone,1.633,0.0,2.0,1.633,-0.367,-18.35,125,0.0081,125,Latest chronological test-window forecast
2025-05-31 06:00:00,7,117,124,Queens,Howard Beach,Boro Zone,1.623,1.0,2.0,0.623,-0.377,-18.85,136,0.008,141,Latest chronological test-window forecast
2025-05-31 06:00:00,7,118,125,Manhattan,Hudson Sq,Yellow Zone,5.97,1.0,7.0,4.97,-1.03,-14.71,63,0.0295,62,Latest chronological test-window forecast
2025-05-31 06:00:00,7,119,126,Bronx,Hunts Point,Boro Zone,0.0,3.0,0.0,3.0,0.0,,222,0.0,222,Latest chronological test-window forecast
2025-05-31 06:00:00,7,120,127,Manhattan,Inwood,Boro Zone,0.744,1.0,1.0,0.256,-0.256,-25.6,177,0.0037,168,Latest chronological test-window forecast
2025-05-31 06:00:00,7,121,128,Manhattan,Inwood Hill Park,Boro Zone,0.0,0.0,0.0,0.0,0.0,,223,0.0,223,Latest chronological test-window forecast
2025-05-31 06:00:00,7,122,129,Queens,Jackson Heights,Boro Zone,8.603,6.0,10.0,2.603,-1.397,-13.97,50,0.0425,50,Latest chronological test-window forecast
2025-05-31 06:00:00,7,123,130,Queens,Jamaica,Boro Zone,4.247,4.0,5.0,0.247,-0.753,-15.06,76,0.021,76,Latest chronological test-window forecast
2025-05-31 06:00:00,7,124,131,Queens,Jamaica Estates,Boro Zone,2.505,1.0,3.0,1.505,-0.495,-16.5,103,0.0124,103,Latest chronological test-window forecast
2025-05-31 06:00:00,7,125,132,Queens,JFK Airport,Airports,141.784,120.0,163.0,21.784,-21.216,-13.02,1,0.7,1,Latest chronological test-window forecast
2025-05-31 06:00:00,7,126,133,Brooklyn,Kensington,Boro Zone,2.501,3.0,3.0,0.499,-0.499,-16.63,105,0.0123,112,Latest chronological test-window forecast
2025-05-31 06:00:00,7,127,134,Queens,Kew Gardens,Boro Zone,3.37,3.0,4.0,0.37,-0.63,-15.75,93,0.0166,95,Latest chronological test-window forecast
2025-05-31 06:00:00,7,128,135,Queens,Kew Gardens Hills,Boro Zone,0.749,0.0,1.0,0.749,-0.251,-25.1,163,0.0037,169,Latest chronological test-window forecast
2025-05-31 06:00:00,7,129,136,Bronx,Kingsbridge Heights,Boro Zone,0.748,1.0,1.0,0.252,-0.252,-25.2,167,0.0037,170,Latest chronological test-window forecast
2025-05-31 06:00:00,7,130,137,Manhattan,Kips Bay,Yellow Zone,23.364,25.0,27.0,1.636,-3.636,-13.47,24,0.1154,23,Latest chronological test-window forecast
2025-05-31 06:00:00,7,131,138,Queens,LaGuardia Airport,Airports,0.0,4.0,0.0,4.0,0.0,,224,0.0,224,Latest chronological test-window forecast
2025-05-31 06:00:00,7,132,139,Queens,Laurelton,Boro Zone,1.622,1.0,2.0,0.622,-0.378,-18.9,142,0.008,142,Latest chronological test-window forecast
2025-05-31 06:00:00,7,133,140,Manhattan,Lenox Hill East,Yellow Zone,46.872,20.0,54.0,26.872,-7.128,-13.2,11,0.2314,11,Latest chronological test-window forecast
2025-05-31 06:00:00,7,134,141,Manhattan,Lenox Hill West,Yellow Zone,43.388,20.0,50.0,23.388,-6.612,-13.22,12,0.2142,12,Latest chronological test-window forecast
2025-05-31 06:00:00,7,135,142,Manhattan,Lincoln Square East,Yellow Zone,33.811,16.0,39.0,17.811,-5.189,-13.31,16,0.1669,16,Latest chronological test-window forecast
2025-05-31 06:00:00,7,136,143,Manhattan,Lincoln Square West,Yellow Zone,26.854,14.0,31.0,12.854,-4.146,-13.37,20,0.1326,20,Latest chronological test-window forecast
2025-05-31 06:00:00,7,137,144,Manhattan,Little Italy/NoLiTa,Yellow Zone,2.484,4.0,3.0,1.516,-0.516,-17.2,119,0.0123,113,Latest chronological test-window forecast
2025-05-31 06:00:00,7,138,145,Queens,Long Island City/Hunters Point,Boro Zone,5.098,6.0,6.0,0.902,-0.902,-15.03,70,0.0252,71,Latest chronological test-window forecast
2025-05-31 06:00:00,7,139,146,Queens,Long Island City/Queens Plaza,Boro Zone,5.963,0.0,7.0,5.963,-1.037,-14.81,64,0.0294,64,Latest chronological test-window forecast
2025-05-31 06:00:00,7,140,147,Bronx,Longwood,Boro Zone,1.623,0.0,2.0,1.623,-0.377,-18.85,137,0.008,143,Latest chronological test-window forecast
2025-05-31 06:00:00,7,141,148,Manhattan,Lower East Side,Yellow Zone,15.54,13.0,18.0,2.54,-2.46,-13.67,33,0.0767,33,Latest chronological test-window forecast
2025-05-31 06:00:00,7,142,149,Brooklyn,Madison,Boro Zone,0.0,0.0,0.0,0.0,0.0,,225,0.0,225,Latest chronological test-window forecast
2025-05-31 06:00:00,7,143,150,Brooklyn,Manhattan Beach,Boro Zone,1.633,0.0,2.0,1.633,-0.367,-18.35,126,0.0081,126,Latest chronological test-window forecast
2025-05-31 06:00:00,7,144,151,Manhattan,Manhattan Valley,Yellow Zone,23.365,14.0,27.0,9.365,-3.635,-13.46,23,0.1154,24,Latest chronological test-window forecast
2025-05-31 06:00:00,7,145,152,Manhattan,Manhattanville,Boro Zone,5.095,5.0,6.0,0.095,-0.905,-15.08,72,0.0252,72,Latest chronological test-window forecast
2025-05-31 06:00:00,7,146,153,Manhattan,Marble Hill,Boro Zone,0.743,0.0,1.0,0.743,-0.257,-25.7,179,0.0037,171,Latest chronological test-window forecast
2025-05-31 06:00:00,7,147,154,Brooklyn,Marine Park/Floyd Bennett Field,Boro Zone,0.0,0.0,0.0,0.0,0.0,,226,0.0,226,Latest chronological test-window forecast
2025-05-31 06:00:00,7,148,155,Brooklyn,Marine Park/Mill Basin,Boro Zone,0.75,0.0,1.0,0.75,-0.25,-25.0,159,0.0037,172,Latest chronological test-window forecast
2025-05-31 06:00:00,7,149,156,Staten Island,Mariners Harbor,Boro Zone,0.0,0.0,0.0,0.0,0.0,,227,0.0,227,Latest chronological test-window forecast
2025-05-31 06:00:00,7,150,157,Queens,Maspeth,Boro Zone,0.744,9.0,1.0,8.256,-0.256,-25.6,178,0.0037,173,Latest chronological test-window forecast
2025-05-31 06:00:00,7,151,158,Manhattan,Meatpacking/West Village West,Yellow Zone,10.324,6.0,12.0,4.324,-1.676,-13.97,46,0.051,46,Latest chronological test-window forecast
2025-05-31 06:00:00,7,152,159,Bronx,Melrose South,Boro Zone,2.496,4.0,3.0,1.504,-0.504,-16.8,113,0.0123,114,Latest chronological test-window forecast
2025-05-31 06:00:00,7,153,160,Queens,Middle Village,Boro Zone,1.62,0.0,2.0,1.62,-0.38,-19.0,145,0.008,144,Latest chronological test-window forecast
2025-05-31 06:00:00,7,154,161,Manhattan,Midtown Center,Yellow Zone,20.766,16.0,24.0,4.766,-3.234,-13.48,28,0.1025,28,Latest chronological test-window forecast
2025-05-31 06:00:00,7,155,162,Manhattan,Midtown East,Yellow Zone,50.368,31.0,58.0,19.368,-7.632,-13.16,9,0.2487,9,Latest chronological test-window forecast
2025-05-31 06:00:00,7,156,163,Manhattan,Midtown North,Yellow Zone,22.508,16.0,26.0,6.508,-3.492,-13.43,26,0.1111,25,Latest chronological test-window forecast
2025-05-31 06:00:00,7,157,164,Manhattan,Midtown South,Yellow Zone,19.022,11.0,22.0,8.022,-2.978,-13.54,30,0.0939,30,Latest chronological test-window forecast
2025-05-31 06:00:00,7,158,165,Brooklyn,Midwood,Boro Zone,3.384,0.0,4.0,3.384,-0.616,-15.4,84,0.0167,85,Latest chronological test-window forecast
2025-05-31 06:00:00,7,159,166,Manhattan,Morningside Heights,Boro Zone,5.093,8.0,6.0,2.907,-0.907,-15.12,74,0.0251,73,Latest chronological test-window forecast
2025-05-31 06:00:00,7,160,167,Bronx,Morrisania/Melrose,Boro Zone,1.623,1.0,2.0,0.623,-0.377,-18.85,138,0.008,145,Latest chronological test-window forecast
2025-05-31 06:00:00,7,161,168,Bronx,Mott Haven/Port Morris,Boro Zone,3.371,2.0,4.0,1.371,-0.629,-15.72,90,0.0166,96,Latest chronological test-window forecast
2025-05-31 06:00:00,7,162,169,Bronx,Mount Hope,Boro Zone,0.749,3.0,1.0,2.251,-0.251,-25.1,164,0.0037,174,Latest chronological test-window forecast
2025-05-31 06:00:00,7,163,170,Manhattan,Murray Hill,Yellow Zone,52.106,20.0,60.0,32.106,-7.894,-13.16,8,0.2573,8,Latest chronological test-window forecast
2025-05-31 06:00:00,7,164,171,Queens,Murray Hill-Queens,Boro Zone,0.0,1.0,0.0,1.0,0.0,,228,0.0,228,Latest chronological test-window forecast
2025-05-31 06:00:00,7,165,172,Staten Island,New Dorp/Midland Beach,Boro Zone,0.0,0.0,0.0,0.0,0.0,,229,0.0,229,Latest chronological test-window forecast
2025-05-31 06:00:00,7,166,173,Queens,North Corona,Boro Zone,0.0,1.0,0.0,1.0,0.0,,230,0.0,230,Latest chronological test-window forecast
2025-05-31 06:00:00,7,167,174,Bronx,Norwood,Boro Zone,1.625,1.0,2.0,0.625,-0.375,-18.75,132,0.008,146,Latest chronological test-window forecast
2025-05-31 06:00:00,7,168,175,Queens,Oakland Gardens,Boro Zone,0.0,0.0,0.0,0.0,0.0,,231,0.0,231,Latest chronological test-window forecast
2025-05-31 06:00:00,7,169,176,Staten Island,Oakwood,Boro Zone,0.0,0.0,0.0,0.0,0.0,,232,0.0,232,Latest chronological test-window forecast
2025-05-31 06:00:00,7,170,177,Brooklyn,Ocean Hill,Boro Zone,1.618,1.0,2.0,0.618,-0.382,-19.1,148,0.008,147,Latest chronological test-window forecast
2025-05-31 06:00:00,7,171,178,Brooklyn,Ocean Parkway South,Boro Zone,0.0,1.0,0.0,1.0,0.0,,233,0.0,233,Latest chronological test-window forecast
2025-05-31 06:00:00,7,172,179,Queens,Old Astoria,Boro Zone,4.226,12.0,5.0,7.774,-0.774,-15.48,82,0.0209,80,Latest chronological test-window forecast
2025-05-31 06:00:00,7,173,180,Queens,Ozone Park,Boro Zone,0.749,2.0,1.0,1.251,-0.251,-25.1,165,0.0037,175,Latest chronological test-window forecast
2025-05-31 06:00:00,7,174,181,Brooklyn,Park Slope,Boro Zone,2.488,3.0,3.0,0.512,-0.512,-17.07,118,0.0123,115,Latest chronological test-window forecast
2025-05-31 06:00:00,7,175,182,Bronx,Parkchester,Boro Zone,4.235,0.0,5.0,4.235,-0.765,-15.3,79,0.0209,81,Latest chronological test-window forecast
2025-05-31 06:00:00,7,176,183,Bronx,Pelham Bay,Boro Zone,0.0,1.0,0.0,1.0,0.0,,234,0.0,234,Latest chronological test-window forecast
2025-05-31 06:00:00,7,177,184,Bronx,Pelham Bay Park,Boro Zone,0.0,0.0,0.0,0.0,0.0,,235,0.0,235,Latest chronological test-window forecast
2025-05-31 06:00:00,7,178,185,Bronx,Pelham Parkway,Boro Zone,2.497,3.0,3.0,0.503,-0.503,-16.77,112,0.0123,116,Latest chronological test-window forecast
2025-05-31 06:00:00,7,179,186,Manhattan,Penn Station/Madison Sq West,Yellow Zone,94.833,47.0,109.0,47.833,-14.167,-13.0,2,0.4682,2,Latest chronological test-window forecast
2025-05-31 06:00:00,7,180,187,Staten Island,Port Richmond,Boro Zone,0.0,0.0,0.0,0.0,0.0,,236,0.0,236,Latest chronological test-window forecast
2025-05-31 06:00:00,7,181,188,Brooklyn,Prospect-Lefferts Gardens,Boro Zone,7.732,6.0,9.0,1.732,-1.268,-14.09,53,0.0382,53,Latest chronological test-window forecast
2025-05-31 06:00:00,7,182,189,Brooklyn,Prospect Heights,Boro Zone,0.0,1.0,0.0,1.0,0.0,,237,0.0,237,Latest chronological test-window forecast
2025-05-31 06:00:00,7,183,190,Brooklyn,Prospect Park,Boro Zone,0.745,0.0,1.0,0.745,-0.255,-25.5,175,0.0037,176,Latest chronological test-window forecast
2025-05-31 06:00:00,7,184,191,Queens,Queens Village,Boro Zone,1.627,0.0,2.0,1.627,-0.373,-18.65,130,0.008,148,Latest chronological test-window forecast
2025-05-31 06:00:00,7,185,192,Queens,Queensboro Hill,Boro Zone,0.751,2.0,1.0,1.249,-0.249,-24.9,157,0.0037,177,Latest chronological test-window forecast
2025-05-31 06:00:00,7,186,193,Queens,Queensbridge/Ravenswood,Boro Zone,1.612,3.0,2.0,1.388,-0.388,-19.4,153,0.008,149,Latest chronological test-window forecast
2025-05-31 06:00:00,7,187,194,Manhattan,Randalls Island,Yellow Zone,0.0,0.0,0.0,0.0,0.0,,238,0.0,238,Latest chronological test-window forecast
2025-05-31 06:00:00,7,188,195,Brooklyn,Red Hook,Boro Zone,0.0,0.0,0.0,0.0,0.0,,239,0.0,239,Latest chronological test-window forecast
2025-05-31 06:00:00,7,189,196,Queens,Rego Park,Boro Zone,2.496,2.0,3.0,0.496,-0.504,-16.8,114,0.0123,117,Latest chronological test-window forecast
2025-05-31 06:00:00,7,190,197,Queens,Richmond Hill,Boro Zone,5.122,4.0,6.0,1.122,-0.878,-14.63,67,0.0253,67,Latest chronological test-window forecast
2025-05-31 06:00:00,7,191,198,Queens,Ridgewood,Boro Zone,1.617,2.0,2.0,0.383,-0.383,-19.15,149,0.008,150,Latest chronological test-window forecast
2025-05-31 06:00:00,7,192,200,Bronx,Riverdale/North Riverdale/Fieldston,Boro Zone,0.741,0.0,1.0,0.741,-0.259,-25.9,182,0.0037,178,Latest chronological test-window forecast
2025-05-31 06:00:00,7,193,201,Queens,Rockaway Park,Boro Zone,0.0,0.0,0.0,0.0,0.0,,240,0.0,240,Latest chronological test-window forecast
2025-05-31 06:00:00,7,194,202,Manhattan,Roosevelt Island,Boro Zone,0.741,0.0,1.0,0.741,-0.259,-25.9,183,0.0037,179,Latest chronological test-window forecast
2025-05-31 06:00:00,7,195,203,Queens,Rosedale,Boro Zone,0.748,0.0,1.0,0.748,-0.252,-25.2,168,0.0037,180,Latest chronological test-window forecast
2025-05-31 06:00:00,7,196,204,Staten Island,Rossville/Woodrow,Boro Zone,0.0,0.0,0.0,0.0,0.0,,241,0.0,241,Latest chronological test-window forecast
2025-05-31 06:00:00,7,197,205,Queens,Saint Albans,Boro Zone,2.499,0.0,3.0,2.499,-0.501,-16.7,108,0.0123,118,Latest chronological test-window forecast
2025-05-31 06:00:00,7,198,206,Staten Island,Saint George/New Brighton,Boro Zone,0.0,0.0,0.0,0.0,0.0,,242,0.0,242,Latest chronological test-window forecast
2025-05-31 06:00:00,7,199,207,Queens,Saint Michaels Cemetery/Woodside,Boro Zone,0.0,0.0,0.0,0.0,0.0,,243,0.0,243,Latest chronological test-window forecast
2025-05-31 06:00:00,7,200,208,Bronx,Schuylerville/Edgewater Park,Boro Zone,2.498,1.0,3.0,1.498,-0.502,-16.73,110,0.0123,119,Latest chronological test-window forecast
2025-05-31 06:00:00,7,201,209,Manhattan,Seaport,Yellow Zone,0.0,2.0,0.0,2.0,0.0,,244,0.0,244,Latest chronological test-window forecast
2025-05-31 06:00:00,7,202,210,Brooklyn,Sheepshead Bay,Boro Zone,1.631,3.0,2.0,1.369,-0.369,-18.45,127,0.0081,127,Latest chronological test-window forecast
2025-05-31 06:00:00,7,203,211,Manhattan,SoHo,Yellow Zone,2.484,2.0,3.0,0.484,-0.516,-17.2,120,0.0123,120,Latest chronological test-window forecast
2025-05-31 06:00:00,7,204,212,Bronx,Soundview/Bruckner,Boro Zone,3.372,2.0,4.0,1.372,-0.628,-15.7,89,0.0166,97,Latest chronological test-window forecast
2025-05-31 06:00:00,7,205,213,Bronx,Soundview/Castle Hill,Boro Zone,3.374,0.0,4.0,3.374,-0.626,-15.65,87,0.0167,86,Latest chronological test-window forecast
2025-05-31 06:00:00,7,206,214,Staten Island,South Beach/Dongan Hills,Boro Zone,0.0,0.0,0.0,0.0,0.0,,245,0.0,245,Latest chronological test-window forecast
2025-05-31 06:00:00,7,207,215,Queens,South Jamaica,Boro Zone,5.13,6.0,6.0,0.87,-0.87,-14.5,65,0.0253,68,Latest chronological test-window forecast
2025-05-31 06:00:00,7,208,216,Queens,South Ozone Park,Boro Zone,5.996,6.0,7.0,0.004,-1.004,-14.34,61,0.0296,60,Latest chronological test-window forecast
2025-05-31 06:00:00,7,209,217,Brooklyn,South Williamsburg,Boro Zone,0.0,0.0,0.0,0.0,0.0,,246,0.0,246,Latest chronological test-window forecast
2025-05-31 06:00:00,7,210,218,Queens,Springfield Gardens North,Boro Zone,2.501,3.0,3.0,0.499,-0.499,-16.63,106,0.0123,121,Latest chronological test-window forecast
2025-05-31 06:00:00,7,211,219,Queens,Springfield Gardens South,Boro Zone,0.748,4.0,1.0,3.252,-0.252,-25.2,169,0.0037,181,Latest chronological test-window forecast
2025-05-31 06:00:00,7,212,220,Bronx,Spuyten Duyvil/Kingsbridge,Boro Zone,0.745,0.0,1.0,0.745,-0.255,-25.5,176,0.0037,182,Latest chronological test-window forecast
2025-05-31 06:00:00,7,213,221,Staten Island,Stapleton,Boro Zone,0.0,0.0,0.0,0.0,0.0,,247,0.0,247,Latest chronological test-window forecast
2025-05-31 06:00:00,7,214,222,Brooklyn,Starrett City,Boro Zone,1.622,0.0,2.0,1.622,-0.378,-18.9,143,0.008,151,Latest chronological test-window forecast
2025-05-31 06:00:00,7,215,223,Queens,Steinway,Boro Zone,1.614,0.0,2.0,1.614,-0.386,-19.3,151,0.008,152,Latest chronological test-window forecast
2025-05-31 06:00:00,7,216,224,Manhattan,Stuy Town/Peter Cooper Village,Yellow Zone,6.838,8.0,8.0,1.162,-1.162,-14.52,57,0.0338,54,Latest chronological test-window forecast
2025-05-31 06:00:00,7,217,225,Brooklyn,Stuyvesant Heights,Boro Zone,9.466,5.0,11.0,4.466,-1.534,-13.95,48,0.0467,48,Latest chronological test-window forecast
2025-05-31 06:00:00,7,218,226,Queens,Sunnyside,Boro Zone,6.85,13.0,8.0,6.15,-1.15,-14.38,55,0.0338,55,Latest chronological test-window forecast
2025-05-31 06:00:00,7,219,227,Brooklyn,Sunset Park East,Boro Zone,2.506,1.0,3.0,1.506,-0.494,-16.47,102,0.0124,104,Latest chronological test-window forecast
2025-05-31 06:00:00,7,220,228,Brooklyn,Sunset Park West,Boro Zone,5.999,4.0,7.0,1.999,-1.001,-14.3,59,0.0296,61,Latest chronological test-window forecast
2025-05-31 06:00:00,7,221,229,Manhattan,Sutton Place/Turtle Bay North,Yellow Zone,22.51,16.0,26.0,6.51,-3.49,-13.42,25,0.1111,26,Latest chronological test-window forecast
2025-05-31 06:00:00,7,222,230,Manhattan,Times Sq/Theatre District,Yellow Zone,25.114,40.0,29.0,14.886,-3.886,-13.4,21,0.124,21,Latest chronological test-window forecast
2025-05-31 06:00:00,7,223,231,Manhattan,TriBeCa/Civic Center,Yellow Zone,16.405,5.0,19.0,11.405,-2.595,-13.66,32,0.081,32,Latest chronological test-window forecast
2025-05-31 06:00:00,7,224,232,Manhattan,Two Bridges/Seward Park,Yellow Zone,11.187,5.0,13.0,6.187,-1.813,-13.95,44,0.0552,44,Latest chronological test-window forecast
2025-05-31 06:00:00,7,225,233,Manhattan,UN/Turtle Bay South,Yellow Zone,30.339,19.0,35.0,11.339,-4.661,-13.32,18,0.1498,18,Latest chronological test-window forecast
2025-05-31 06:00:00,7,226,234,Manhattan,Union Sq,Yellow Zone,18.164,9.0,21.0,9.164,-2.836,-13.5,31,0.0897,31,Latest chronological test-window forecast
2025-05-31 06:00:00,7,227,235,Bronx,University Heights/Morris Heights,Boro Zone,1.622,3.0,2.0,1.378,-0.378,-18.9,144,0.008,153,Latest chronological test-window forecast
2025-05-31 06:00:00,7,228,236,Manhattan,Upper East Side North,Yellow Zone,58.18,19.0,67.0,39.18,-8.82,-13.16,6,0.2872,6,Latest chronological test-window forecast
2025-05-31 06:00:00,7,229,237,Manhattan,Upper East Side South,Yellow Zone,29.462,12.0,34.0,17.462,-4.538,-13.35,19,0.1455,19,Latest chronological test-window forecast
2025-05-31 06:00:00,7,230,238,Manhattan,Upper West Side North,Yellow Zone,59.913,27.0,69.0,32.913,-9.087,-13.17,5,0.2958,5,Latest chronological test-window forecast
2025-05-31 06:00:00,7,231,239,Manhattan,Upper West Side South,Yellow Zone,40.771,30.0,47.0,10.771,-6.229,-13.25,14,0.2013,14,Latest chronological test-window forecast
2025-05-31 06:00:00,7,232,240,Bronx,Van Cortlandt Park,Boro Zone,0.0,0.0,0.0,0.0,0.0,,248,0.0,248,Latest chronological test-window forecast
2025-05-31 06:00:00,7,233,241,Bronx,Van Cortlandt Village,Boro Zone,0.0,2.0,0.0,2.0,0.0,,249,0.0,249,Latest chronological test-window forecast
2025-05-31 06:00:00,7,234,242,Bronx,Van Nest/Morris Park,Boro Zone,0.0,0.0,0.0,0.0,0.0,,250,0.0,250,Latest chronological test-window forecast
2025-05-31 06:00:00,7,235,243,Manhattan,Washington Heights North,Boro Zone,6.848,7.0,8.0,0.152,-1.152,-14.4,56,0.0338,56,Latest chronological test-window forecast
2025-05-31 06:00:00,7,236,244,Manhattan,Washington Heights South,Boro Zone,6.851,9.0,8.0,2.149,-1.149,-14.36,54,0.0338,57,Latest chronological test-window forecast
2025-05-31 06:00:00,7,237,245,Staten Island,West Brighton,Boro Zone,0.0,1.0,0.0,1.0,0.0,,251,0.0,251,Latest chronological test-window forecast
2025-05-31 06:00:00,7,238,246,Manhattan,West Chelsea/Hudson Yards,Yellow Zone,10.326,8.0,12.0,2.326,-1.674,-13.95,45,0.051,47,Latest chronological test-window forecast
2025-05-31 06:00:00,7,239,247,Bronx,West Concourse,Boro Zone,0.748,2.0,1.0,1.252,-0.252,-25.2,170,0.0037,183,Latest chronological test-window forecast
2025-05-31 06:00:00,7,240,248,Bronx,West Farms/Bronx River,Boro Zone,4.242,0.0,5.0,4.242,-0.758,-15.16,77,0.0209,82,Latest chronological test-window forecast
2025-05-31 06:00:00,7,241,249,Manhattan,West Village,Yellow Zone,23.397,8.0,27.0,15.397,-3.603,-13.34,22,0.1155,22,Latest chronological test-window forecast
2025-05-31 06:00:00,7,242,250,Bronx,Westchester Village/Unionport,Boro Zone,0.751,4.0,1.0,3.249,-0.249,-24.9,158,0.0037,184,Latest chronological test-window forecast
2025-05-31 06:00:00,7,243,251,Staten Island,Westerleigh,Boro Zone,0.0,0.0,0.0,0.0,0.0,,252,0.0,252,Latest chronological test-window forecast
2025-05-31 06:00:00,7,244,252,Queens,Whitestone,Boro Zone,0.0,0.0,0.0,0.0,0.0,,253,0.0,253,Latest chronological test-window forecast
2025-05-31 06:00:00,7,245,253,Queens,Willets Point,Boro Zone,0.0,0.0,0.0,0.0,0.0,,254,0.0,254,Latest chronological test-window forecast
2025-05-31 06:00:00,7,246,254,Bronx,Williamsbridge/Olinville,Boro Zone,2.499,2.0,3.0,0.499,-0.501,-16.7,109,0.0123,122,Latest chronological test-window forecast
2025-05-31 06:00:00,7,247,255,Brooklyn,Williamsburg (North Side),Boro Zone,0.0,2.0,0.0,2.0,0.0,,255,0.0,255,Latest chronological test-window forecast
2025-05-31 06:00:00,7,248,256,Brooklyn,Williamsburg (South Side),Boro Zone,5.094,1.0,6.0,4.094,-0.906,-15.1,73,0.0251,74,Latest chronological test-window forecast
2025-05-31 06:00:00,7,249,257,Brooklyn,Windsor Terrace,Boro Zone,0.0,1.0,0.0,1.0,0.0,,256,0.0,256,Latest chronological test-window forecast
2025-05-31 06:00:00,7,250,258,Queens,Woodhaven,Boro Zone,3.371,2.0,4.0,1.371,-0.629,-15.72,91,0.0166,98,Latest chronological test-window forecast
2025-05-31 06:00:00,7,251,259,Bronx,Woodlawn/Wakefield,Boro Zone,3.378,1.0,4.0,2.378,-0.622,-15.55,85,0.0167,87,Latest chronological test-window forecast
2025-05-31 06:00:00,7,252,260,Queens,Woodside,Boro Zone,5.975,8.0,7.0,2.025,-1.025,-14.64,62,0.0295,63,Latest chronological test-window forecast
2025-05-31 06:00:00,7,253,261,Manhattan,World Trade Center,Yellow Zone,3.352,4.0,4.0,0.648,-0.648,-16.2,99,0.0165,99,Latest chronological test-window forecast
2025-05-31 06:00:00,7,254,262,Manhattan,Yorkville East,Yellow Zone,54.713,35.0,63.0,19.713,-8.287,-13.15,7,0.2701,7,Latest chronological test-window forecast
2025-05-31 06:00:00,7,255,263,Manhattan,Yorkville West,Yellow Zone,61.657,32.0,71.0,29.657,-9.343,-13.16,3,0.3044,3,Latest chronological test-window forecast
2025-05-31 07:00:00,8,0,1,EWR,Newark Airport,EWR,0.0,0.0,0.0,0.0,0.0,,200,0.0,200,Latest chronological test-window forecast
2025-05-31 07:00:00,8,1,2,Queens,Jamaica Bay,Boro Zone,0.0,0.0,0.0,0.0,0.0,,201,0.0,201,Latest chronological test-window forecast
2025-05-31 07:00:00,8,2,3,Bronx,Allerton/Pelham Gardens,Boro Zone,0.766,0.0,1.0,0.766,-0.234,-23.4,184,0.0025,167,Latest chronological test-window forecast
2025-05-31 07:00:00,8,3,4,Manhattan,Alphabet City,Yellow Zone,15.711,11.0,18.0,4.711,-2.289,-12.72,46,0.0505,46,Latest chronological test-window forecast
2025-05-31 07:00:00,8,4,6,Staten Island,Arrochar/Fort Wadsworth,Boro Zone,0.0,0.0,0.0,0.0,0.0,,202,0.0,202,Latest chronological test-window forecast
2025-05-31 07:00:00,8,5,7,Queens,Astoria,Boro Zone,6.049,15.0,7.0,8.951,-0.951,-13.59,83,0.0194,82,Latest chronological test-window forecast
2025-05-31 07:00:00,8,6,8,Queens,Astoria Park,Boro Zone,0.0,0.0,0.0,0.0,0.0,,203,0.0,203,Latest chronological test-window forecast
2025-05-31 07:00:00,8,7,9,Queens,Auburndale,Boro Zone,0.767,1.0,1.0,0.233,-0.233,-23.3,179,0.0025,168,Latest chronological test-window forecast
2025-05-31 07:00:00,8,8,10,Queens,Baisley Park,Boro Zone,5.17,3.0,6.0,2.17,-0.83,-13.83,92,0.0166,87,Latest chronological test-window forecast
2025-05-31 07:00:00,8,9,11,Brooklyn,Bath Beach,Boro Zone,0.0,0.0,0.0,0.0,0.0,,204,0.0,204,Latest chronological test-window forecast
2025-05-31 07:00:00,8,10,12,Manhattan,Battery Park,Yellow Zone,0.0,0.0,0.0,0.0,0.0,,205,0.0,205,Latest chronological test-window forecast
2025-05-31 07:00:00,8,11,13,Manhattan,Battery Park City,Yellow Zone,19.214,7.0,22.0,12.214,-2.786,-12.66,43,0.0617,43,Latest chronological test-window forecast
2025-05-31 07:00:00,8,12,14,Brooklyn,Bay Ridge,Boro Zone,5.186,4.0,6.0,1.186,-0.814,-13.57,86,0.0167,86,Latest chronological test-window forecast
2025-05-31 07:00:00,8,13,15,Queens,Bay Terrace/Fort Totten,Boro Zone,0.0,0.0,0.0,0.0,0.0,,206,0.0,206,Latest chronological test-window forecast
2025-05-31 07:00:00,8,14,16,Queens,Bayside,Boro Zone,0.0,0.0,0.0,0.0,0.0,,207,0.0,207,Latest chronological test-window forecast
2025-05-31 07:00:00,8,15,17,Brooklyn,Bedford,Boro Zone,6.049,9.0,7.0,2.951,-0.951,-13.59,84,0.0194,83,Latest chronological test-window forecast
2025-05-31 07:00:00,8,16,18,Bronx,Bedford Park,Boro Zone,0.0,3.0,0.0,3.0,0.0,,208,0.0,208,Latest chronological test-window forecast
2025-05-31 07:00:00,8,17,19,Queens,Bellerose,Boro Zone,0.77,1.0,1.0,0.23,-0.23,-23.0,169,0.0025,169,Latest chronological test-window forecast
2025-05-31 07:00:00,8,18,20,Bronx,Belmont,Boro Zone,0.765,1.0,1.0,0.235,-0.235,-23.5,186,0.0025,170,Latest chronological test-window forecast
2025-05-31 07:00:00,8,19,21,Brooklyn,Bensonhurst East,Boro Zone,0.772,1.0,1.0,0.228,-0.228,-22.8,167,0.0025,171,Latest chronological test-window forecast
2025-05-31 07:00:00,8,20,22,Brooklyn,Bensonhurst West,Boro Zone,4.312,0.0,5.0,4.312,-0.688,-13.76,96,0.0139,96,Latest chronological test-window forecast
2025-05-31 07:00:00,8,21,23,Staten Island,Bloomfield/Emerson Hill,Boro Zone,0.0,0.0,0.0,0.0,0.0,,209,0.0,209,Latest chronological test-window forecast
2025-05-31 07:00:00,8,22,24,Manhattan,Bloomingdale,Yellow Zone,13.063,10.0,15.0,3.063,-1.937,-12.91,54,0.042,53,Latest chronological test-window forecast
2025-05-31 07:00:00,8,23,25,Brooklyn,Boerum Hill,Boro Zone,4.284,3.0,5.0,1.284,-0.716,-14.32,106,0.0138,97,Latest chronological test-window forecast
2025-05-31 07:00:00,8,24,26,Brooklyn,Borough Park,Boro Zone,0.768,2.0,1.0,1.232,-0.232,-23.2,174,0.0025,172,Latest chronological test-window forecast
2025-05-31 07:00:00,8,25,27,Queens,Breezy Point/Fort Tilden/Riis Beach,Boro Zone,0.0,0.0,0.0,0.0,0.0,,210,0.0,210,Latest chronological test-window forecast
2025-05-31 07:00:00,8,26,28,Queens,Briarwood/Jamaica Hills,Boro Zone,4.298,3.0,5.0,1.298,-0.702,-14.04,100,0.0138,98,Latest chronological test-window forecast
2025-05-31 07:00:00,8,27,29,Brooklyn,Brighton Beach,Boro Zone,2.542,1.0,3.0,1.542,-0.458,-15.27,129,0.0082,129,Latest chronological test-window forecast
2025-05-31 07:00:00,8,28,30,Queens,Broad Channel,Boro Zone,0.0,0.0,0.0,0.0,0.0,,211,0.0,211,Latest chronological test-window forecast
2025-05-31 07:00:00,8,29,31,Bronx,Bronx Park,Boro Zone,0.0,0.0,0.0,0.0,0.0,,212,0.0,212,Latest chronological test-window forecast
2025-05-31 07:00:00,8,30,32,Bronx,Bronxdale,Boro Zone,1.65,0.0,2.0,1.65,-0.35,-17.5,152,0.0053,147,Latest chronological test-window forecast
2025-05-31 07:00:00,8,31,33,Brooklyn,Brooklyn Heights,Boro Zone,1.637,0.0,2.0,1.637,-0.363,-18.15,166,0.0053,148,Latest chronological test-window forecast
2025-05-31 07:00:00,8,32,34,Brooklyn,Brooklyn Navy Yard,Boro Zone,0.0,0.0,0.0,0.0,0.0,,213,0.0,213,Latest chronological test-window forecast
2025-05-31 07:00:00,8,33,35,Brooklyn,Brownsville,Boro Zone,8.708,1.0,10.0,7.708,-1.292,-12.92,61,0.028,60,Latest chronological test-window forecast
2025-05-31 07:00:00,8,34,36,Brooklyn,Bushwick North,Boro Zone,4.283,5.0,5.0,0.717,-0.717,-14.34,109,0.0138,99,Latest chronological test-window forecast
2025-05-31 07:00:00,8,35,37,Brooklyn,Bushwick South,Boro Zone,10.446,4.0,12.0,6.446,-1.554,-12.95,58,0.0336,58,Latest chronological test-window forecast
2025-05-31 07:00:00,8,36,38,Queens,Cambria Heights,Boro Zone,0.762,1.0,1.0,0.238,-0.238,-23.8,192,0.0024,192,Latest chronological test-window forecast
2025-05-31 07:00:00,8,37,39,Brooklyn,Canarsie,Boro Zone,9.592,4.0,11.0,5.592,-1.408,-12.8,59,0.0308,59,Latest chronological test-window forecast
2025-05-31 07:00:00,8,38,40,Brooklyn,Carroll Gardens,Boro Zone,2.517,1.0,3.0,1.517,-0.483,-16.1,144,0.0081,130,Latest chronological test-window forecast
2025-05-31 07:00:00,8,39,41,Manhattan,Central Harlem,Boro Zone,26.295,21.0,30.0,5.295,-3.705,-12.35,39,0.0845,39,Latest chronological test-window forecast
2025-05-31 07:00:00,8,40,42,Manhattan,Central Harlem North,Boro Zone,29.847,14.0,34.0,15.847,-4.153,-12.21,37,0.0959,37,Latest chronological test-window forecast
2025-05-31 07:00:00,8,41,43,Manhattan,Central Park,Yellow Zone,37.694,11.0,43.0,26.694,-5.306,-12.34,31,0.1211,31,Latest chronological test-window forecast
2025-05-31 07:00:00,8,42,44,Staten Island,Charleston/Tottenville,Boro Zone,0.0,0.0,0.0,0.0,0.0,,214,0.0,214,Latest chronological test-window forecast
2025-05-31 07:00:00,8,43,45,Manhattan,Chinatown,Yellow Zone,3.394,1.0,4.0,2.394,-0.606,-15.15,128,0.0109,121,Latest chronological test-window forecast
2025-05-31 07:00:00,8,44,46,Bronx,City Island,Boro Zone,0.0,0.0,0.0,0.0,0.0,,215,0.0,215,Latest chronological test-window forecast
2025-05-31 07:00:00,8,45,47,Bronx,Claremont/Bathgate,Boro Zone,5.176,1.0,6.0,4.176,-0.824,-13.73,90,0.0166,88,Latest chronological test-window forecast
2025-05-31 07:00:00,8,46,48,Manhattan,Clinton East,Yellow Zone,70.19,34.0,80.0,36.19,-9.81,-12.26,14,0.2255,14,Latest chronological test-window forecast
2025-05-31 07:00:00,8,47,49,Brooklyn,Clinton Hill,Boro Zone,5.161,3.0,6.0,2.161,-0.839,-13.98,95,0.0166,89,Latest chronological test-window forecast
2025-05-31 07:00:00,8,48,50,Manhattan,Clinton West,Yellow Zone,27.137,21.0,31.0,6.137,-3.863,-12.46,38,0.0872,38,Latest chronological test-window forecast
2025-05-31 07:00:00,8,49,51,Bronx,Co-Op City,Boro Zone,0.0,3.0,0.0,3.0,0.0,,216,0.0,216,Latest chronological test-window forecast
2025-05-31 07:00:00,8,50,52,Brooklyn,Cobble Hill,Boro Zone,3.395,1.0,4.0,2.395,-0.605,-15.12,126,0.0109,122,Latest chronological test-window forecast
2025-05-31 07:00:00,8,51,53,Queens,College Point,Boro Zone,0.0,1.0,0.0,1.0,0.0,,217,0.0,217,Latest chronological test-window forecast
2025-05-31 07:00:00,8,52,54,Brooklyn,Columbia Street,Boro Zone,0.0,0.0,0.0,0.0,0.0,,218,0.0,218,Latest chronological test-window forecast
2025-05-31 07:00:00,8,53,55,Brooklyn,Coney Island,Boro Zone,4.31,1.0,5.0,3.31,-0.69,-13.8,97,0.0138,100,Latest chronological test-window forecast
2025-05-31 07:00:00,8,54,56,Queens,Corona,Boro Zone,5.179,4.0,6.0,1.179,-0.821,-13.68,88,0.0166,90,Latest chronological test-window forecast
2025-05-31 07:00:00,8,55,57,Queens,Corona,Boro Zone,0.0,0.0,0.0,0.0,0.0,,219,0.0,219,Latest chronological test-window forecast
2025-05-31 07:00:00,8,56,58,Bronx,Country Club,Boro Zone,0.0,0.0,0.0,0.0,0.0,,220,0.0,220,Latest chronological test-window forecast
2025-05-31 07:00:00,8,57,59,Bronx,Crotona Park,Boro Zone,0.0,0.0,0.0,0.0,0.0,,221,0.0,221,Latest chronological test-window forecast
2025-05-31 07:00:00,8,58,60,Bronx,Crotona Park East,Boro Zone,2.532,1.0,3.0,1.532,-0.468,-15.6,133,0.0081,131,Latest chronological test-window forecast
2025-05-31 07:00:00,8,59,61,Brooklyn,Crown Heights North,Boro Zone,7.81,8.0,9.0,0.19,-1.19,-13.22,64,0.0251,64,Latest chronological test-window forecast
2025-05-31 07:00:00,8,60,62,Brooklyn,Crown Heights South,Boro Zone,6.055,1.0,7.0,5.055,-0.945,-13.5,81,0.0195,73,Latest chronological test-window forecast
2025-05-31 07:00:00,8,61,63,Brooklyn,Cypress Hills,Boro Zone,4.292,4.0,5.0,0.292,-0.708,-14.16,104,0.0138,101,Latest chronological test-window forecast
2025-05-31 07:00:00,8,62,64,Queens,Douglaston,Boro Zone,0.0,0.0,0.0,0.0,0.0,,222,0.0,222,Latest chronological test-window forecast
2025-05-31 07:00:00,8,63,65,Brooklyn,Downtown Brooklyn/MetroTech,Boro Zone,6.031,1.0,7.0,5.031,-0.969,-13.84,85,0.0194,84,Latest chronological test-window forecast
2025-05-31 07:00:00,8,64,66,Brooklyn,DUMBO/Vinegar Hill,Boro Zone,2.515,1.0,3.0,1.515,-0.485,-16.17,146,0.0081,132,Latest chronological test-window forecast
2025-05-31 07:00:00,8,65,67,Brooklyn,Dyker Heights,Boro Zone,1.652,0.0,2.0,1.652,-0.348,-17.4,149,0.0053,149,Latest chronological test-window forecast
2025-05-31 07:00:00,8,66,68,Manhattan,East Chelsea,Yellow Zone,44.711,24.0,51.0,20.711,-6.289,-12.33,24,0.1437,24,Latest chronological test-window forecast
2025-05-31 07:00:00,8,67,69,Bronx,East Concourse/Concourse Village,Boro Zone,7.828,7.0,9.0,0.828,-1.172,-13.02,63,0.0252,63,Latest chronological test-window forecast
2025-05-31 07:00:00,8,68,70,Queens,East Elmhurst,Boro Zone,4.273,2.0,5.0,2.273,-0.727,-14.54,111,0.0137,110,Latest chronological test-window forecast
2025-05-31 07:00:00,8,69,71,Brooklyn,East Flatbush/Farragut,Boro Zone,6.941,3.0,8.0,3.941,-1.059,-13.24,69,0.0223,67,Latest chronological test-window forecast
2025-05-31 07:00:00,8,70,72,Brooklyn,East Flatbush/Remsen Village,Boro Zone,4.294,1.0,5.0,3.294,-0.706,-14.12,103,0.0138,102,Latest chronological test-window forecast
2025-05-31 07:00:00,8,71,73,Queens,East Flushing,Boro Zone,0.767,0.0,1.0,0.767,-0.233,-23.3,180,0.0025,173,Latest chronological test-window forecast
2025-05-31 07:00:00,8,72,74,Manhattan,East Harlem North,Boro Zone,31.578,13.0,36.0,18.578,-4.422,-12.28,36,0.1015,36,Latest chronological test-window forecast
2025-05-31 07:00:00,8,73,75,Manhattan,East Harlem South,Boro Zone,43.865,34.0,50.0,9.865,-6.135,-12.27,26,0.1409,26,Latest chronological test-window forecast
2025-05-31 07:00:00,8,74,76,Brooklyn,East New York,Boro Zone,13.115,7.0,15.0,6.115,-1.885,-12.57,52,0.0421,52,Latest chronological test-window forecast
2025-05-31 07:00:00,8,75,77,Brooklyn,East New York/Pennsylvania Avenue,Boro Zone,3.41,2.0,4.0,1.41,-0.59,-14.75,120,0.011,112,Latest chronological test-window forecast
2025-05-31 07:00:00,8,76,78,Bronx,East Tremont,Boro Zone,1.649,3.0,2.0,1.351,-0.351,-17.55,154,0.0053,150,Latest chronological test-window forecast
2025-05-31 07:00:00,8,77,79,Manhattan,East Village,Yellow Zone,55.264,40.0,63.0,15.264,-7.736,-12.28,20,0.1776,20,Latest chronological test-window forecast
2025-05-31 07:00:00,8,78,80,Brooklyn,East Williamsburg,Boro Zone,0.759,3.0,1.0,2.241,-0.241,-24.1,196,0.0024,193,Latest chronological test-window forecast
2025-05-31 07:00:00,8,79,81,Bronx,Eastchester,Boro Zone,0.768,3.0,1.0,2.232,-0.232,-23.2,175,0.0025,174,Latest chronological test-window forecast
2025-05-31 07:00:00,8,80,82,Queens,Elmhurst,Boro Zone,6.06,10.0,7.0,3.94,-0.94,-13.43,80,0.0195,74,Latest chronological test-window forecast
2025-05-31 07:00:00,8,81,83,Queens,Elmhurst/Maspeth,Boro Zone,1.643,3.0,2.0,1.357,-0.357,-17.85,163,0.0053,151,Latest chronological test-window forecast
2025-05-31 07:00:00,8,82,84,Staten Island,Eltingville/Annadale/Prince's Bay,Boro Zone,0.0,0.0,0.0,0.0,0.0,,223,0.0,223,Latest chronological test-window forecast
2025-05-31 07:00:00,8,83,85,Brooklyn,Erasmus,Boro Zone,2.527,5.0,3.0,2.473,-0.473,-15.77,141,0.0081,133,Latest chronological test-window forecast
2025-05-31 07:00:00,8,84,86,Queens,Far Rockaway,Boro Zone,3.413,0.0,4.0,3.413,-0.587,-14.68,118,0.011,113,Latest chronological test-window forecast
2025-05-31 07:00:00,8,85,87,Manhattan,Financial District North,Yellow Zone,18.342,8.0,21.0,10.342,-2.658,-12.66,45,0.0589,45,Latest chronological test-window forecast
2025-05-31 07:00:00,8,86,88,Manhattan,Financial District South,Yellow Zone,4.276,2.0,5.0,2.276,-0.724,-14.48,110,0.0137,111,Latest chronological test-window forecast
2025-05-31 07:00:00,8,87,89,Brooklyn,Flatbush/Ditmas Park,Boro Zone,13.129,7.0,15.0,6.129,-1.871,-12.47,51,0.0422,51,Latest chronological test-window forecast
2025-05-31 07:00:00,8,88,90,Manhattan,Flatiron,Yellow Zone,35.941,21.0,41.0,14.941,-5.059,-12.34,32,0.1155,32,Latest chronological test-window forecast
2025-05-31 07:00:00,8,89,91,Brooklyn,Flatlands,Boro Zone,6.948,4.0,8.0,2.948,-1.052,-13.15,67,0.0223,68,Latest chronological test-window forecast
2025-05-31 07:00:00,8,90,92,Queens,Flushing,Boro Zone,0.767,3.0,1.0,2.233,-0.233,-23.3,181,0.0025,175,Latest chronological test-window forecast
2025-05-31 07:00:00,8,91,93,Queens,Flushing Meadows-Corona Park,Boro Zone,0.0,0.0,0.0,0.0,0.0,,224,0.0,224,Latest chronological test-window forecast
2025-05-31 07:00:00,8,92,94,Bronx,Fordham South,Boro Zone,2.528,2.0,3.0,0.528,-0.472,-15.73,140,0.0081,134,Latest chronological test-window forecast
2025-05-31 07:00:00,8,93,95,Queens,Forest Hills,Boro Zone,6.946,3.0,8.0,3.946,-1.054,-13.18,68,0.0223,69,Latest chronological test-window forecast
2025-05-31 07:00:00,8,94,96,Queens,Forest Park/Highland Park,Boro Zone,2.53,0.0,3.0,2.53,-0.47,-15.67,136,0.0081,135,Latest chronological test-window forecast
2025-05-31 07:00:00,8,95,97,Brooklyn,Fort Greene,Boro Zone,6.919,7.0,8.0,0.081,-1.081,-13.51,72,0.0222,72,Latest chronological test-window forecast
2025-05-31 07:00:00,8,96,98,Queens,Fresh Meadows,Boro Zone,0.0,0.0,0.0,0.0,0.0,,225,0.0,225,Latest chronological test-window forecast
2025-05-31 07:00:00,8,97,100,Manhattan,Garment District,Yellow Zone,45.611,25.0,52.0,20.611,-6.389,-12.29,23,0.1465,23,Latest chronological test-window forecast
2025-05-31 07:00:00,8,98,101,Queens,Glen Oaks,Boro Zone,0.767,2.0,1.0,1.233,-0.233,-23.3,182,0.0025,176,Latest chronological test-window forecast
2025-05-31 07:00:00,8,99,102,Queens,Glendale,Boro Zone,0.765,2.0,1.0,1.235,-0.235,-23.5,187,0.0025,177,Latest chronological test-window forecast
2025-05-31 07:00:00,8,100,106,Brooklyn,Gowanus,Boro Zone,0.765,2.0,1.0,1.235,-0.235,-23.5,188,0.0025,178,Latest chronological test-window forecast
2025-05-31 07:00:00,8,101,107,Manhattan,Gramercy,Yellow Zone,71.091,33.0,81.0,38.091,-9.909,-12.23,13,0.2284,13,Latest chronological test-window forecast
2025-05-31 07:00:00,8,102,108,Brooklyn,Gravesend,Boro Zone,0.77,1.0,1.0,0.23,-0.23,-23.0,170,0.0025,179,Latest chronological test-window forecast
2025-05-31 07:00:00,8,103,109,Staten Island,Great Kills,Boro Zone,0.0,0.0,0.0,0.0,0.0,,226,0.0,226,Latest chronological test-window forecast
2025-05-31 07:00:00,8,104,111,Brooklyn,Green-Wood Cemetery,Boro Zone,0.0,0.0,0.0,0.0,0.0,,227,0.0,227,Latest chronological test-window forecast
2025-05-31 07:00:00,8,105,112,Brooklyn,Greenpoint,Boro Zone,0.759,6.0,1.0,5.241,-0.241,-24.1,197,0.0024,194,Latest chronological test-window forecast
2025-05-31 07:00:00,8,106,113,Manhattan,Greenwich Village North,Yellow Zone,35.924,20.0,41.0,15.924,-5.076,-12.38,33,0.1154,33,Latest chronological test-window forecast
2025-05-31 07:00:00,8,107,114,Manhattan,Greenwich Village South,Yellow Zone,11.315,8.0,13.0,3.315,-1.685,-12.96,56,0.0364,56,Latest chronological test-window forecast
2025-05-31 07:00:00,8,108,115,Staten Island,Grymes Hill/Clifton,Boro Zone,0.0,1.0,0.0,1.0,0.0,,228,0.0,228,Latest chronological test-window forecast
2025-05-31 07:00:00,8,109,116,Manhattan,Hamilton Heights,Boro Zone,20.119,7.0,23.0,13.119,-2.881,-12.53,42,0.0646,42,Latest chronological test-window forecast
2025-05-31 07:00:00,8,110,117,Queens,Hammels/Arverne,Boro Zone,6.064,0.0,7.0,6.064,-0.936,-13.37,78,0.0195,75,Latest chronological test-window forecast
2025-05-31 07:00:00,8,111,118,Staten Island,Heartland Village/Todt Hill,Boro Zone,0.0,0.0,0.0,0.0,0.0,,229,0.0,229,Latest chronological test-window forecast
2025-05-31 07:00:00,8,112,119,Bronx,Highbridge,Boro Zone,0.763,1.0,1.0,0.237,-0.237,-23.7,191,0.0025,180,Latest chronological test-window forecast
2025-05-31 07:00:00,8,113,120,Manhattan,Highbridge Park,Boro Zone,0.0,0.0,0.0,0.0,0.0,,230,0.0,230,Latest chronological test-window forecast
2025-05-31 07:00:00,8,114,121,Queens,Hillcrest/Pomonok,Boro Zone,0.768,1.0,1.0,0.232,-0.232,-23.2,176,0.0025,181,Latest chronological test-window forecast
2025-05-31 07:00:00,8,115,122,Queens,Hollis,Boro Zone,1.653,2.0,2.0,0.347,-0.347,-17.35,148,0.0053,152,Latest chronological test-window forecast
2025-05-31 07:00:00,8,116,123,Brooklyn,Homecrest,Boro Zone,3.431,1.0,4.0,2.431,-0.569,-14.22,112,0.011,114,Latest chronological test-window forecast
2025-05-31 07:00:00,8,117,124,Queens,Howard Beach,Boro Zone,0.0,0.0,0.0,0.0,0.0,,231,0.0,231,Latest chronological test-window forecast
2025-05-31 07:00:00,8,118,125,Manhattan,Hudson Sq,Yellow Zone,14.837,5.0,17.0,9.837,-2.163,-12.72,48,0.0477,48,Latest chronological test-window forecast
2025-05-31 07:00:00,8,119,126,Bronx,Hunts Point,Boro Zone,1.648,4.0,2.0,2.352,-0.352,-17.6,155,0.0053,153,Latest chronological test-window forecast
2025-05-31 07:00:00,8,120,127,Manhattan,Inwood,Boro Zone,4.284,1.0,5.0,3.284,-0.716,-14.32,107,0.0138,103,Latest chronological test-window forecast
2025-05-31 07:00:00,8,121,128,Manhattan,Inwood Hill Park,Boro Zone,0.0,0.0,0.0,0.0,0.0,,232,0.0,232,Latest chronological test-window forecast
2025-05-31 07:00:00,8,122,129,Queens,Jackson Heights,Boro Zone,6.053,9.0,7.0,2.947,-0.947,-13.53,82,0.0194,85,Latest chronological test-window forecast
2025-05-31 07:00:00,8,123,130,Queens,Jamaica,Boro Zone,6.065,7.0,7.0,0.935,-0.935,-13.36,76,0.0195,76,Latest chronological test-window forecast
2025-05-31 07:00:00,8,124,131,Queens,Jamaica Estates,Boro Zone,0.769,2.0,1.0,1.231,-0.231,-23.1,172,0.0025,182,Latest chronological test-window forecast
2025-05-31 07:00:00,8,125,132,Queens,JFK Airport,Airports,139.694,124.0,159.0,15.694,-19.306,-12.14,3,0.4488,3,Latest chronological test-window forecast
2025-05-31 07:00:00,8,126,133,Brooklyn,Kensington,Boro Zone,2.535,1.0,3.0,1.535,-0.465,-15.5,130,0.0081,136,Latest chronological test-window forecast
2025-05-31 07:00:00,8,127,134,Queens,Kew Gardens,Boro Zone,1.648,1.0,2.0,0.648,-0.352,-17.6,156,0.0053,154,Latest chronological test-window forecast
2025-05-31 07:00:00,8,128,135,Queens,Kew Gardens Hills,Boro Zone,2.531,0.0,3.0,2.531,-0.469,-15.63,134,0.0081,137,Latest chronological test-window forecast
2025-05-31 07:00:00,8,129,136,Bronx,Kingsbridge Heights,Boro Zone,0.765,0.0,1.0,0.765,-0.235,-23.5,189,0.0025,183,Latest chronological test-window forecast
2025-05-31 07:00:00,8,130,137,Manhattan,Kips Bay,Yellow Zone,51.728,29.0,59.0,22.728,-7.272,-12.33,21,0.1662,21,Latest chronological test-window forecast
2025-05-31 07:00:00,8,131,138,Queens,LaGuardia Airport,Airports,34.155,19.0,39.0,15.155,-4.845,-12.42,34,0.1097,34,Latest chronological test-window forecast
2025-05-31 07:00:00,8,132,139,Queens,Laurelton,Boro Zone,1.648,1.0,2.0,0.648,-0.352,-17.6,157,0.0053,155,Latest chronological test-window forecast
2025-05-31 07:00:00,8,133,140,Manhattan,Lenox Hill East,Yellow Zone,110.647,25.0,126.0,85.647,-15.353,-12.18,9,0.3555,9,Latest chronological test-window forecast
2025-05-31 07:00:00,8,134,141,Manhattan,Lenox Hill West,Yellow Zone,112.398,54.0,128.0,58.398,-15.602,-12.19,8,0.3611,8,Latest chronological test-window forecast
2025-05-31 07:00:00,8,135,142,Manhattan,Lincoln Square East,Yellow Zone,80.747,38.0,92.0,42.747,-11.253,-12.23,12,0.2594,12,Latest chronological test-window forecast
2025-05-31 07:00:00,8,136,143,Manhattan,Lincoln Square West,Yellow Zone,68.453,27.0,78.0,41.453,-9.547,-12.24,15,0.2199,15,Latest chronological test-window forecast
2025-05-31 07:00:00,8,137,144,Manhattan,Little Italy/NoLiTa,Yellow Zone,13.072,3.0,15.0,10.072,-1.928,-12.85,53,0.042,54,Latest chronological test-window forecast
2025-05-31 07:00:00,8,138,145,Queens,Long Island City/Hunters Point,Boro Zone,3.399,7.0,4.0,3.601,-0.601,-15.02,124,0.0109,123,Latest chronological test-window forecast
2025-05-31 07:00:00,8,139,146,Queens,Long Island City/Queens Plaza,Boro Zone,3.395,5.0,4.0,1.605,-0.605,-15.12,127,0.0109,124,Latest chronological test-window forecast
2025-05-31 07:00:00,8,140,147,Bronx,Longwood,Boro Zone,4.297,2.0,5.0,2.297,-0.703,-14.06,101,0.0138,104,Latest chronological test-window forecast
2025-05-31 07:00:00,8,141,148,Manhattan,Lower East Side,Yellow Zone,14.825,11.0,17.0,3.825,-2.175,-12.79,49,0.0476,49,Latest chronological test-window forecast
2025-05-31 07:00:00,8,142,149,Brooklyn,Madison,Boro Zone,3.428,0.0,4.0,3.428,-0.572,-14.3,113,0.011,115,Latest chronological test-window forecast
2025-05-31 07:00:00,8,143,150,Brooklyn,Manhattan Beach,Boro Zone,0.0,0.0,0.0,0.0,0.0,,233,0.0,233,Latest chronological test-window forecast
2025-05-31 07:00:00,8,144,151,Manhattan,Manhattan Valley,Yellow Zone,57.009,27.0,65.0,30.009,-7.991,-12.29,19,0.1832,19,Latest chronological test-window forecast
2025-05-31 07:00:00,8,145,152,Manhattan,Manhattanville,Boro Zone,7.794,5.0,9.0,2.794,-1.206,-13.4,65,0.025,65,Latest chronological test-window forecast
2025-05-31 07:00:00,8,146,153,Manhattan,Marble Hill,Boro Zone,0.76,0.0,1.0,0.76,-0.24,-24.0,195,0.0024,195,Latest chronological test-window forecast
2025-05-31 07:00:00,8,147,154,Brooklyn,Marine Park/Floyd Bennett Field,Boro Zone,0.0,0.0,0.0,0.0,0.0,,234,0.0,234,Latest chronological test-window forecast
2025-05-31 07:00:00,8,148,155,Brooklyn,Marine Park/Mill Basin,Boro Zone,1.651,0.0,2.0,1.651,-0.349,-17.45,151,0.0053,156,Latest chronological test-window forecast
2025-05-31 07:00:00,8,149,156,Staten Island,Mariners Harbor,Boro Zone,0.0,0.0,0.0,0.0,0.0,,235,0.0,235,Latest chronological test-window forecast
2025-05-31 07:00:00,8,150,157,Queens,Maspeth,Boro Zone,3.404,0.0,4.0,3.404,-0.596,-14.9,123,0.0109,125,Latest chronological test-window forecast
2025-05-31 07:00:00,8,151,158,Manhattan,Meatpacking/West Village West,Yellow Zone,21.871,6.0,25.0,15.871,-3.129,-12.52,41,0.0703,41,Latest chronological test-window forecast
2025-05-31 07:00:00,8,152,159,Bronx,Melrose South,Boro Zone,1.648,8.0,2.0,6.352,-0.352,-17.6,158,0.0053,157,Latest chronological test-window forecast
2025-05-31 07:00:00,8,153,160,Queens,Middle Village,Boro Zone,4.291,1.0,5.0,3.291,-0.709,-14.18,105,0.0138,105,Latest chronological test-window forecast
2025-05-31 07:00:00,8,154,161,Manhattan,Midtown Center,Yellow Zone,66.706,29.0,76.0,37.706,-9.294,-12.23,17,0.2143,16,Latest chronological test-window forecast
2025-05-31 07:00:00,8,155,162,Manhattan,Midtown East,Yellow Zone,80.775,44.0,92.0,36.775,-11.225,-12.2,11,0.2595,11,Latest chronological test-window forecast
2025-05-31 07:00:00,8,156,163,Manhattan,Midtown North,Yellow Zone,50.001,34.0,57.0,16.001,-6.999,-12.28,22,0.1606,22,Latest chronological test-window forecast
2025-05-31 07:00:00,8,157,164,Manhattan,Midtown South,Yellow Zone,33.288,22.0,38.0,11.288,-4.712,-12.4,35,0.107,35,Latest chronological test-window forecast
2025-05-31 07:00:00,8,158,165,Brooklyn,Midwood,Boro Zone,0.77,0.0,1.0,0.77,-0.23,-23.0,171,0.0025,184,Latest chronological test-window forecast
2025-05-31 07:00:00,8,159,166,Manhattan,Morningside Heights,Boro Zone,22.739,11.0,26.0,11.739,-3.261,-12.54,40,0.0731,40,Latest chronological test-window forecast
2025-05-31 07:00:00,8,160,167,Bronx,Morrisania/Melrose,Boro Zone,5.179,0.0,6.0,5.179,-0.821,-13.68,89,0.0166,91,Latest chronological test-window forecast
2025-05-31 07:00:00,8,161,168,Bronx,Mott Haven/Port Morris,Boro Zone,3.414,12.0,4.0,8.586,-0.586,-14.65,116,0.011,116,Latest chronological test-window forecast
2025-05-31 07:00:00,8,162,169,Bronx,Mount Hope,Boro Zone,4.299,1.0,5.0,3.299,-0.701,-14.02,99,0.0138,106,Latest chronological test-window forecast
2025-05-31 07:00:00,8,163,170,Manhattan,Murray Hill,Yellow Zone,63.184,40.0,72.0,23.184,-8.816,-12.24,18,0.203,18,Latest chronological test-window forecast
2025-05-31 07:00:00,8,164,171,Queens,Murray Hill-Queens,Boro Zone,0.0,0.0,0.0,0.0,0.0,,236,0.0,236,Latest chronological test-window forecast
2025-05-31 07:00:00,8,165,172,Staten Island,New Dorp/Midland Beach,Boro Zone,0.0,0.0,0.0,0.0,0.0,,237,0.0,237,Latest chronological test-window forecast
2025-05-31 07:00:00,8,166,173,Queens,North Corona,Boro Zone,0.764,1.0,1.0,0.236,-0.236,-23.6,190,0.0025,185,Latest chronological test-window forecast
2025-05-31 07:00:00,8,167,174,Bronx,Norwood,Boro Zone,2.533,2.0,3.0,0.533,-0.467,-15.57,131,0.0081,138,Latest chronological test-window forecast
2025-05-31 07:00:00,8,168,175,Queens,Oakland Gardens,Boro Zone,0.769,0.0,1.0,0.769,-0.231,-23.1,173,0.0025,186,Latest chronological test-window forecast
2025-05-31 07:00:00,8,169,176,Staten Island,Oakwood,Boro Zone,0.0,0.0,0.0,0.0,0.0,,238,0.0,238,Latest chronological test-window forecast
2025-05-31 07:00:00,8,170,177,Brooklyn,Ocean Hill,Boro Zone,3.407,1.0,4.0,2.407,-0.593,-14.82,121,0.0109,126,Latest chronological test-window forecast
2025-05-31 07:00:00,8,171,178,Brooklyn,Ocean Parkway South,Boro Zone,0.771,0.0,1.0,0.771,-0.229,-22.9,168,0.0025,187,Latest chronological test-window forecast
2025-05-31 07:00:00,8,172,179,Queens,Old Astoria,Boro Zone,1.639,7.0,2.0,5.361,-0.361,-18.05,165,0.0053,158,Latest chronological test-window forecast
2025-05-31 07:00:00,8,173,180,Queens,Ozone Park,Boro Zone,0.0,2.0,0.0,2.0,0.0,,239,0.0,239,Latest chronological test-window forecast
2025-05-31 07:00:00,8,174,181,Brooklyn,Park Slope,Boro Zone,4.284,2.0,5.0,2.284,-0.716,-14.32,108,0.0138,107,Latest chronological test-window forecast
2025-05-31 07:00:00,8,175,182,Bronx,Parkchester,Boro Zone,3.406,3.0,4.0,0.406,-0.594,-14.85,122,0.0109,127,Latest chronological test-window forecast
2025-05-31 07:00:00,8,176,183,Bronx,Pelham Bay,Boro Zone,3.412,1.0,4.0,2.412,-0.588,-14.7,119,0.011,117,Latest chronological test-window forecast
2025-05-31 07:00:00,8,177,184,Bronx,Pelham Bay Park,Boro Zone,0.0,0.0,0.0,0.0,0.0,,240,0.0,240,Latest chronological test-window forecast
2025-05-31 07:00:00,8,178,185,Bronx,Pelham Parkway,Boro Zone,3.414,2.0,4.0,1.414,-0.586,-14.65,117,0.011,118,Latest chronological test-window forecast
2025-05-31 07:00:00,8,179,186,Manhattan,Penn Station/Madison Sq West,Yellow Zone,128.329,57.0,146.0,71.329,-17.671,-12.1,5,0.4123,5,Latest chronological test-window forecast
2025-05-31 07:00:00,8,180,187,Staten Island,Port Richmond,Boro Zone,0.0,0.0,0.0,0.0,0.0,,241,0.0,241,Latest chronological test-window forecast
2025-05-31 07:00:00,8,181,188,Brooklyn,Prospect-Lefferts Gardens,Boro Zone,6.936,9.0,8.0,2.064,-1.064,-13.3,70,0.0223,70,Latest chronological test-window forecast
2025-05-31 07:00:00,8,182,189,Brooklyn,Prospect Heights,Boro Zone,0.762,2.0,1.0,1.238,-0.238,-23.8,193,0.0024,196,Latest chronological test-window forecast
2025-05-31 07:00:00,8,183,190,Brooklyn,Prospect Park,Boro Zone,0.0,1.0,0.0,1.0,0.0,,242,0.0,242,Latest chronological test-window forecast
2025-05-31 07:00:00,8,184,191,Queens,Queens Village,Boro Zone,3.421,3.0,4.0,0.421,-0.579,-14.48,114,0.011,119,Latest chronological test-window forecast
2025-05-31 07:00:00,8,185,192,Queens,Queensboro Hill,Boro Zone,0.768,1.0,1.0,0.232,-0.232,-23.2,177,0.0025,188,Latest chronological test-window forecast
2025-05-31 07:00:00,8,186,193,Queens,Queensbridge/Ravenswood,Boro Zone,0.0,2.0,0.0,2.0,0.0,,243,0.0,243,Latest chronological test-window forecast
2025-05-31 07:00:00,8,187,194,Manhattan,Randalls Island,Yellow Zone,0.0,1.0,0.0,1.0,0.0,,244,0.0,244,Latest chronological test-window forecast
2025-05-31 07:00:00,8,188,195,Brooklyn,Red Hook,Boro Zone,2.519,0.0,3.0,2.519,-0.481,-16.03,142,0.0081,139,Latest chronological test-window forecast
2025-05-31 07:00:00,8,189,196,Queens,Rego Park,Boro Zone,2.53,2.0,3.0,0.53,-0.47,-15.67,137,0.0081,140,Latest chronological test-window forecast
2025-05-31 07:00:00,8,190,197,Queens,Richmond Hill,Boro Zone,8.714,3.0,10.0,5.714,-1.286,-12.86,60,0.028,61,Latest chronological test-window forecast
2025-05-31 07:00:00,8,191,198,Queens,Ridgewood,Boro Zone,1.643,4.0,2.0,2.357,-0.357,-17.85,164,0.0053,159,Latest chronological test-window forecast
2025-05-31 07:00:00,8,192,200,Bronx,Riverdale/North Riverdale/Fieldston,Boro Zone,0.758,0.0,1.0,0.758,-0.242,-24.2,199,0.0024,197,Latest chronological test-window forecast
2025-05-31 07:00:00,8,193,201,Queens,Rockaway Park,Boro Zone,1.647,1.0,2.0,0.647,-0.353,-17.65,160,0.0053,160,Latest chronological test-window forecast
2025-05-31 07:00:00,8,194,202,Manhattan,Roosevelt Island,Boro Zone,0.759,0.0,1.0,0.759,-0.241,-24.1,198,0.0024,198,Latest chronological test-window forecast
2025-05-31 07:00:00,8,195,203,Queens,Rosedale,Boro Zone,1.648,0.0,2.0,1.648,-0.352,-17.6,159,0.0053,161,Latest chronological test-window forecast
2025-05-31 07:00:00,8,196,204,Staten Island,Rossville/Woodrow,Boro Zone,0.0,0.0,0.0,0.0,0.0,,245,0.0,245,Latest chronological test-window forecast
2025-05-31 07:00:00,8,197,205,Queens,Saint Albans,Boro Zone,3.417,4.0,4.0,0.583,-0.583,-14.58,115,0.011,120,Latest chronological test-window forecast
2025-05-31 07:00:00,8,198,206,Staten Island,Saint George/New Brighton,Boro Zone,0.0,0.0,0.0,0.0,0.0,,246,0.0,246,Latest chronological test-window forecast
2025-05-31 07:00:00,8,199,207,Queens,Saint Michaels Cemetery/Woodside,Boro Zone,0.0,0.0,0.0,0.0,0.0,,247,0.0,247,Latest chronological test-window forecast
2025-05-31 07:00:00,8,200,208,Bronx,Schuylerville/Edgewater Park,Boro Zone,6.065,3.0,7.0,3.065,-0.935,-13.36,77,0.0195,77,Latest chronological test-window forecast
2025-05-31 07:00:00,8,201,209,Manhattan,Seaport,Yellow Zone,2.516,3.0,3.0,0.484,-0.484,-16.13,145,0.0081,141,Latest chronological test-window forecast
2025-05-31 07:00:00,8,202,210,Brooklyn,Sheepshead Bay,Boro Zone,6.083,3.0,7.0,3.083,-0.917,-13.1,73,0.0195,78,Latest chronological test-window forecast
2025-05-31 07:00:00,8,203,211,Manhattan,SoHo,Yellow Zone,11.314,4.0,13.0,7.314,-1.686,-12.97,57,0.0364,57,Latest chronological test-window forecast
2025-05-31 07:00:00,8,204,212,Bronx,Soundview/Bruckner,Boro Zone,0.766,2.0,1.0,1.234,-0.234,-23.4,185,0.0025,189,Latest chronological test-window forecast
2025-05-31 07:00:00,8,205,213,Bronx,Soundview/Castle Hill,Boro Zone,6.066,1.0,7.0,5.066,-0.934,-13.34,75,0.0195,79,Latest chronological test-window forecast
2025-05-31 07:00:00,8,206,214,Staten Island,South Beach/Dongan Hills,Boro Zone,0.0,0.0,0.0,0.0,0.0,,248,0.0,248,Latest chronological test-window forecast
2025-05-31 07:00:00,8,207,215,Queens,South Jamaica,Boro Zone,4.305,4.0,5.0,0.305,-0.695,-13.9,98,0.0138,108,Latest chronological test-window forecast
2025-05-31 07:00:00,8,208,216,Queens,South Ozone Park,Boro Zone,5.181,3.0,6.0,2.181,-0.819,-13.65,87,0.0166,92,Latest chronological test-window forecast
2025-05-31 07:00:00,8,209,217,Brooklyn,South Williamsburg,Boro Zone,0.762,1.0,1.0,0.238,-0.238,-23.8,194,0.0024,199,Latest chronological test-window forecast
2025-05-31 07:00:00,8,210,218,Queens,Springfield Gardens North,Boro Zone,6.071,0.0,7.0,6.071,-0.929,-13.27,74,0.0195,80,Latest chronological test-window forecast
2025-05-31 07:00:00,8,211,219,Queens,Springfield Gardens South,Boro Zone,2.531,2.0,3.0,0.531,-0.469,-15.63,135,0.0081,142,Latest chronological test-window forecast
2025-05-31 07:00:00,8,212,220,Bronx,Spuyten Duyvil/Kingsbridge,Boro Zone,0.0,0.0,0.0,0.0,0.0,,249,0.0,249,Latest chronological test-window forecast
2025-05-31 07:00:00,8,213,221,Staten Island,Stapleton,Boro Zone,0.0,0.0,0.0,0.0,0.0,,250,0.0,250,Latest chronological test-window forecast
2025-05-31 07:00:00,8,214,222,Brooklyn,Starrett City,Boro Zone,1.647,1.0,2.0,0.647,-0.353,-17.65,161,0.0053,162,Latest chronological test-window forecast
2025-05-31 07:00:00,8,215,223,Queens,Steinway,Boro Zone,2.519,4.0,3.0,1.481,-0.481,-16.03,143,0.0081,143,Latest chronological test-window forecast
2025-05-31 07:00:00,8,216,224,Manhattan,Stuy Town/Peter Cooper Village,Yellow Zone,15.711,9.0,18.0,6.711,-2.289,-12.72,47,0.0505,47,Latest chronological test-window forecast
2025-05-31 07:00:00,8,217,225,Brooklyn,Stuyvesant Heights,Boro Zone,5.165,10.0,6.0,4.835,-0.835,-13.92,93,0.0166,93,Latest chronological test-window forecast
2025-05-31 07:00:00,8,218,226,Queens,Sunnyside,Boro Zone,8.689,10.0,10.0,1.311,-1.311,-13.11,62,0.0279,62,Latest chronological test-window forecast
2025-05-31 07:00:00,8,219,227,Brooklyn,Sunset Park East,Boro Zone,1.655,0.0,2.0,1.655,-0.345,-17.25,147,0.0053,163,Latest chronological test-window forecast
2025-05-31 07:00:00,8,220,228,Brooklyn,Sunset Park West,Boro Zone,1.65,7.0,2.0,5.35,-0.35,-17.5,153,0.0053,164,Latest chronological test-window forecast
2025-05-31 07:00:00,8,221,229,Manhattan,Sutton Place/Turtle Bay North,Yellow Zone,66.713,36.0,76.0,30.713,-9.287,-12.22,16,0.2143,17,Latest chronological test-window forecast
2025-05-31 07:00:00,8,222,230,Manhattan,Times Sq/Theatre District,Yellow Zone,43.836,48.0,50.0,4.164,-6.164,-12.33,27,0.1408,27,Latest chronological test-window forecast
2025-05-31 07:00:00,8,223,231,Manhattan,TriBeCa/Civic Center,Yellow Zone,41.187,11.0,47.0,30.187,-5.813,-12.37,30,0.1323,30,Latest chronological test-window forecast
2025-05-31 07:00:00,8,224,232,Manhattan,Two Bridges/Seward Park,Yellow Zone,12.187,5.0,14.0,7.187,-1.813,-12.95,55,0.0392,55,Latest chronological test-window forecast
2025-05-31 07:00:00,8,225,233,Manhattan,UN/Turtle Bay South,Yellow Zone,42.081,35.0,48.0,7.081,-5.919,-12.33,29,0.1352,29,Latest chronological test-window forecast
2025-05-31 07:00:00,8,226,234,Manhattan,Union Sq,Yellow Zone,42.103,21.0,48.0,21.103,-5.897,-12.29,28,0.1353,28,Latest chronological test-window forecast
2025-05-31 07:00:00,8,227,235,Bronx,University Heights/Morris Heights,Boro Zone,6.062,1.0,7.0,5.062,-0.938,-13.4,79,0.0195,81,Latest chronological test-window forecast
2025-05-31 07:00:00,8,228,236,Manhattan,Upper East Side North,Yellow Zone,217.87,51.0,248.0,166.87,-30.13,-12.15,1,0.7,1,Latest chronological test-window forecast
2025-05-31 07:00:00,8,229,237,Manhattan,Upper East Side South,Yellow Zone,140.525,34.0,160.0,106.525,-19.475,-12.17,2,0.4515,2,Latest chronological test-window forecast
2025-05-31 07:00:00,8,230,238,Manhattan,Upper West Side North,Yellow Zone,116.774,59.0,133.0,57.774,-16.226,-12.2,6,0.3752,6,Latest chronological test-window forecast
2025-05-31 07:00:00,8,231,239,Manhattan,Upper West Side South,Yellow Zone,96.563,44.0,110.0,52.563,-13.437,-12.22,10,0.3102,10,Latest chronological test-window forecast
2025-05-31 07:00:00,8,232,240,Bronx,Van Cortlandt Park,Boro Zone,0.0,0.0,0.0,0.0,0.0,,251,0.0,251,Latest chronological test-window forecast
2025-05-31 07:00:00,8,233,241,Bronx,Van Cortlandt Village,Boro Zone,5.172,3.0,6.0,2.172,-0.828,-13.8,91,0.0166,94,Latest chronological test-window forecast
2025-05-31 07:00:00,8,234,242,Bronx,Van Nest/Morris Park,Boro Zone,2.533,0.0,3.0,2.533,-0.467,-15.57,132,0.0081,144,Latest chronological test-window forecast
2025-05-31 07:00:00,8,235,243,Manhattan,Washington Heights North,Boro Zone,6.926,4.0,8.0,2.926,-1.074,-13.42,71,0.0223,71,Latest chronological test-window forecast
2025-05-31 07:00:00,8,236,244,Manhattan,Washington Heights South,Boro Zone,18.382,9.0,21.0,9.382,-2.618,-12.47,44,0.0591,44,Latest chronological test-window forecast
2025-05-31 07:00:00,8,237,245,Staten Island,West Brighton,Boro Zone,0.0,0.0,0.0,0.0,0.0,,252,0.0,252,Latest chronological test-window forecast
2025-05-31 07:00:00,8,238,246,Manhattan,West Chelsea/Hudson Yards,Yellow Zone,13.957,10.0,16.0,3.957,-2.043,-12.77,50,0.0448,50,Latest chronological test-window forecast
2025-05-31 07:00:00,8,239,247,Bronx,West Concourse,Boro Zone,2.53,1.0,3.0,1.53,-0.47,-15.67,138,0.0081,145,Latest chronological test-window forecast
2025-05-31 07:00:00,8,240,248,Bronx,West Farms/Bronx River,Boro Zone,2.529,2.0,3.0,0.529,-0.471,-15.7,139,0.0081,146,Latest chronological test-window forecast
2025-05-31 07:00:00,8,241,249,Manhattan,West Village,Yellow Zone,43.874,18.0,50.0,25.874,-6.126,-12.25,25,0.141,25,Latest chronological test-window forecast
2025-05-31 07:00:00,8,242,250,Bronx,Westchester Village/Unionport,Boro Zone,0.768,3.0,1.0,2.232,-0.232,-23.2,178,0.0025,190,Latest chronological test-window forecast
2025-05-31 07:00:00,8,243,251,Staten Island,Westerleigh,Boro Zone,0.0,0.0,0.0,0.0,0.0,,253,0.0,253,Latest chronological test-window forecast
2025-05-31 07:00:00,8,244,252,Queens,Whitestone,Boro Zone,0.0,0.0,0.0,0.0,0.0,,254,0.0,254,Latest chronological test-window forecast
2025-05-31 07:00:00,8,245,253,Queens,Willets Point,Boro Zone,0.0,0.0,0.0,0.0,0.0,,255,0.0,255,Latest chronological test-window forecast
2025-05-31 07:00:00,8,246,254,Bronx,Williamsbridge/Olinville,Boro Zone,0.767,3.0,1.0,2.233,-0.233,-23.3,183,0.0025,191,Latest chronological test-window forecast
2025-05-31 07:00:00,8,247,255,Brooklyn,Williamsburg (North Side),Boro Zone,0.0,3.0,0.0,3.0,0.0,,256,0.0,256,Latest chronological test-window forecast
2025-05-31 07:00:00,8,248,256,Brooklyn,Williamsburg (South Side),Boro Zone,3.396,7.0,4.0,3.604,-0.604,-15.1,125,0.0109,128,Latest chronological test-window forecast
2025-05-31 07:00:00,8,249,257,Brooklyn,Windsor Terrace,Boro Zone,1.644,1.0,2.0,0.644,-0.356,-17.8,162,0.0053,165,Latest chronological test-window forecast
2025-05-31 07:00:00,8,250,258,Queens,Woodhaven,Boro Zone,4.296,3.0,5.0,1.296,-0.704,-14.08,102,0.0138,109,Latest chronological test-window forecast
2025-05-31 07:00:00,8,251,259,Bronx,Woodlawn/Wakefield,Boro Zone,1.652,1.0,2.0,0.652,-0.348,-17.4,150,0.0053,166,Latest chronological test-window forecast
2025-05-31 07:00:00,8,252,260,Queens,Woodside,Boro Zone,5.164,6.0,6.0,0.836,-0.836,-13.93,94,0.0166,95,Latest chronological test-window forecast
2025-05-31 07:00:00,8,253,261,Manhattan,World Trade Center,Yellow Zone,7.791,9.0,9.0,1.209,-1.209,-13.43,66,0.025,66,Latest chronological test-window forecast
2025-05-31 07:00:00,8,254,262,Manhattan,Yorkville East,Yellow Zone,130.88,35.0,149.0,95.88,-18.12,-12.16,4,0.4205,4,Latest chronological test-window forecast
2025-05-31 07:00:00,8,255,263,Manhattan,Yorkville West,Yellow Zone,113.263,44.0,129.0,69.263,-15.737,-12.2,7,0.3639,7,Latest chronological test-window forecast
2025-05-31 08:00:00,9,0,1,EWR,Newark Airport,EWR,0.0,0.0,0.0,0.0,0.0,,202,0.0,202,Latest chronological test-window forecast
2025-05-31 08:00:00,9,1,2,Queens,Jamaica Bay,Boro Zone,0.0,0.0,0.0,0.0,0.0,,203,0.0,203,Latest chronological test-window forecast
2025-05-31 08:00:00,9,2,3,Bronx,Allerton/Pelham Gardens,Boro Zone,2.578,2.0,3.0,0.578,-0.422,-14.07,126,0.0058,116,Latest chronological test-window forecast
2025-05-31 08:00:00,9,3,4,Manhattan,Alphabet City,Yellow Zone,17.675,17.0,20.0,0.675,-2.325,-11.62,52,0.0395,52,Latest chronological test-window forecast
2025-05-31 08:00:00,9,4,6,Staten Island,Arrochar/Fort Wadsworth,Boro Zone,0.0,0.0,0.0,0.0,0.0,,204,0.0,204,Latest chronological test-window forecast
2025-05-31 08:00:00,9,5,7,Queens,Astoria,Boro Zone,10.601,23.0,12.0,12.399,-1.399,-11.66,60,0.0237,60,Latest chronological test-window forecast
2025-05-31 08:00:00,9,6,8,Queens,Astoria Park,Boro Zone,0.0,0.0,0.0,0.0,0.0,,205,0.0,205,Latest chronological test-window forecast
2025-05-31 08:00:00,9,7,9,Queens,Auburndale,Boro Zone,0.79,1.0,1.0,0.21,-0.21,-21.0,179,0.0018,173,Latest chronological test-window forecast
2025-05-31 08:00:00,9,8,10,Queens,Baisley Park,Boro Zone,3.464,2.0,4.0,1.464,-0.536,-13.4,113,0.0077,113,Latest chronological test-window forecast
2025-05-31 08:00:00,9,9,11,Brooklyn,Bath Beach,Boro Zone,0.0,1.0,0.0,1.0,0.0,,206,0.0,206,Latest chronological test-window forecast
2025-05-31 08:00:00,9,10,12,Manhattan,Battery Park,Yellow Zone,0.779,0.0,1.0,0.779,-0.221,-22.1,201,0.0017,197,Latest chronological test-window forecast
2025-05-31 08:00:00,9,11,13,Manhattan,Battery Park City,Yellow Zone,30.12,11.0,34.0,19.12,-3.88,-11.41,39,0.0674,39,Latest chronological test-window forecast
2025-05-31 08:00:00,9,12,14,Brooklyn,Bay Ridge,Boro Zone,5.266,2.0,6.0,3.266,-0.734,-12.23,82,0.0118,81,Latest chronological test-window forecast
2025-05-31 08:00:00,9,13,15,Queens,Bay Terrace/Fort Totten,Boro Zone,0.0,1.0,0.0,1.0,0.0,,207,0.0,207,Latest chronological test-window forecast
2025-05-31 08:00:00,9,14,16,Queens,Bayside,Boro Zone,0.0,0.0,0.0,0.0,0.0,,208,0.0,208,Latest chronological test-window forecast
2025-05-31 08:00:00,9,15,17,Brooklyn,Bedford,Boro Zone,4.354,5.0,5.0,0.646,-0.646,-12.92,100,0.0097,98,Latest chronological test-window forecast
2025-05-31 08:00:00,9,16,18,Bronx,Bedford Park,Boro Zone,2.577,2.0,3.0,0.577,-0.423,-14.1,128,0.0058,117,Latest chronological test-window forecast
2025-05-31 08:00:00,9,17,19,Queens,Bellerose,Boro Zone,0.793,1.0,1.0,0.207,-0.207,-20.7,176,0.0018,174,Latest chronological test-window forecast
2025-05-31 08:00:00,9,18,20,Bronx,Belmont,Boro Zone,0.788,0.0,1.0,0.788,-0.212,-21.2,185,0.0018,175,Latest chronological test-window forecast
2025-05-31 08:00:00,9,19,21,Brooklyn,Bensonhurst East,Boro Zone,1.692,0.0,2.0,1.692,-0.308,-15.4,140,0.0038,140,Latest chronological test-window forecast
2025-05-31 08:00:00,9,20,22,Brooklyn,Bensonhurst West,Boro Zone,1.691,0.0,2.0,1.691,-0.309,-15.45,142,0.0038,141,Latest chronological test-window forecast
2025-05-31 08:00:00,9,21,23,Staten Island,Bloomfield/Emerson Hill,Boro Zone,0.0,0.0,0.0,0.0,0.0,,209,0.0,209,Latest chronological test-window forecast
2025-05-31 08:00:00,9,22,24,Manhattan,Bloomingdale,Yellow Zone,21.234,24.0,24.0,2.766,-2.766,-11.52,45,0.0475,45,Latest chronological test-window forecast
2025-05-31 08:00:00,9,23,25,Brooklyn,Boerum Hill,Boro Zone,1.676,1.0,2.0,0.676,-0.324,-16.2,164,0.0037,164,Latest chronological test-window forecast
2025-05-31 08:00:00,9,24,26,Brooklyn,Borough Park,Boro Zone,2.583,0.0,3.0,2.583,-0.417,-13.9,117,0.0058,118,Latest chronological test-window forecast
2025-05-31 08:00:00,9,25,27,Queens,Breezy Point/Fort Tilden/Riis Beach,Boro Zone,0.0,0.0,0.0,0.0,0.0,,210,0.0,210,Latest chronological test-window forecast
2025-05-31 08:00:00,9,26,28,Queens,Briarwood/Jamaica Hills,Boro Zone,0.789,4.0,1.0,3.211,-0.211,-21.1,182,0.0018,176,Latest chronological test-window forecast
2025-05-31 08:00:00,9,27,29,Brooklyn,Brighton Beach,Boro Zone,0.794,1.0,1.0,0.206,-0.206,-20.6,174,0.0018,177,Latest chronological test-window forecast
2025-05-31 08:00:00,9,28,30,Queens,Broad Channel,Boro Zone,0.0,0.0,0.0,0.0,0.0,,211,0.0,211,Latest chronological test-window forecast
2025-05-31 08:00:00,9,29,31,Bronx,Bronx Park,Boro Zone,0.0,1.0,0.0,1.0,0.0,,212,0.0,212,Latest chronological test-window forecast
2025-05-31 08:00:00,9,30,32,Bronx,Bronxdale,Boro Zone,2.579,2.0,3.0,0.579,-0.421,-14.03,121,0.0058,119,Latest chronological test-window forecast
2025-05-31 08:00:00,9,31,33,Brooklyn,Brooklyn Heights,Boro Zone,7.008,2.0,8.0,5.008,-0.992,-12.4,72,0.0157,71,Latest chronological test-window forecast
2025-05-31 08:00:00,9,32,34,Brooklyn,Brooklyn Navy Yard,Boro Zone,0.0,1.0,0.0,1.0,0.0,,213,0.0,213,Latest chronological test-window forecast
2025-05-31 08:00:00,9,33,35,Brooklyn,Brownsville,Boro Zone,7.94,10.0,9.0,2.06,-1.06,-11.78,65,0.0178,65,Latest chronological test-window forecast
2025-05-31 08:00:00,9,34,36,Brooklyn,Bushwick North,Boro Zone,1.675,5.0,2.0,3.325,-0.325,-16.25,167,0.0037,165,Latest chronological test-window forecast
2025-05-31 08:00:00,9,35,37,Brooklyn,Bushwick South,Boro Zone,2.567,4.0,3.0,1.433,-0.433,-14.43,137,0.0057,135,Latest chronological test-window forecast
2025-05-31 08:00:00,9,36,38,Queens,Cambria Heights,Boro Zone,0.785,0.0,1.0,0.785,-0.215,-21.5,195,0.0018,178,Latest chronological test-window forecast
2025-05-31 08:00:00,9,37,39,Brooklyn,Canarsie,Boro Zone,6.153,5.0,7.0,1.153,-0.847,-12.1,76,0.0138,74,Latest chronological test-window forecast
2025-05-31 08:00:00,9,38,40,Brooklyn,Carroll Gardens,Boro Zone,5.23,0.0,6.0,5.23,-0.77,-12.83,90,0.0117,86,Latest chronological test-window forecast
2025-05-31 08:00:00,9,39,41,Manhattan,Central Harlem,Boro Zone,31.101,32.0,35.0,0.899,-3.899,-11.14,38,0.0696,38,Latest chronological test-window forecast
2025-05-31 08:00:00,9,40,42,Manhattan,Central Harlem North,Boro Zone,26.672,17.0,30.0,9.672,-3.328,-11.09,41,0.0597,41,Latest chronological test-window forecast
2025-05-31 08:00:00,9,41,43,Manhattan,Central Park,Yellow Zone,57.691,19.0,65.0,38.691,-7.309,-11.24,30,0.1291,29,Latest chronological test-window forecast
2025-05-31 08:00:00,9,42,44,Staten Island,Charleston/Tottenville,Boro Zone,0.0,0.0,0.0,0.0,0.0,,214,0.0,214,Latest chronological test-window forecast
2025-05-31 08:00:00,9,43,45,Manhattan,Chinatown,Yellow Zone,3.446,4.0,4.0,0.554,-0.554,-13.85,115,0.0077,114,Latest chronological test-window forecast
2025-05-31 08:00:00,9,44,46,Bronx,City Island,Boro Zone,0.0,0.0,0.0,0.0,0.0,,215,0.0,215,Latest chronological test-window forecast
2025-05-31 08:00:00,9,45,47,Bronx,Claremont/Bathgate,Boro Zone,1.681,3.0,2.0,1.319,-0.319,-15.95,160,0.0038,142,Latest chronological test-window forecast
2025-05-31 08:00:00,9,46,48,Manhattan,Clinton East,Yellow Zone,90.599,74.0,102.0,16.599,-11.401,-11.18,19,0.2027,19,Latest chronological test-window forecast
2025-05-31 08:00:00,9,47,49,Brooklyn,Clinton Hill,Boro Zone,5.239,5.0,6.0,0.239,-0.761,-12.68,88,0.0117,87,Latest chronological test-window forecast
2025-05-31 08:00:00,9,48,50,Manhattan,Clinton West,Yellow Zone,29.233,32.0,33.0,2.767,-3.767,-11.42,40,0.0654,40,Latest chronological test-window forecast
2025-05-31 08:00:00,9,49,51,Bronx,Co-Op City,Boro Zone,3.475,6.0,4.0,2.525,-0.525,-13.12,105,0.0078,104,Latest chronological test-window forecast
2025-05-31 08:00:00,9,50,52,Brooklyn,Cobble Hill,Boro Zone,0.78,4.0,1.0,3.22,-0.22,-22.0,198,0.0017,198,Latest chronological test-window forecast
2025-05-31 08:00:00,9,51,53,Queens,College Point,Boro Zone,0.0,1.0,0.0,1.0,0.0,,216,0.0,216,Latest chronological test-window forecast
2025-05-31 08:00:00,9,52,54,Brooklyn,Columbia Street,Boro Zone,1.667,0.0,2.0,1.667,-0.333,-16.65,172,0.0037,166,Latest chronological test-window forecast
2025-05-31 08:00:00,9,53,55,Brooklyn,Coney Island,Boro Zone,0.793,1.0,1.0,0.207,-0.207,-20.7,177,0.0018,179,Latest chronological test-window forecast
2025-05-31 08:00:00,9,54,56,Queens,Corona,Boro Zone,0.0,1.0,0.0,1.0,0.0,,217,0.0,217,Latest chronological test-window forecast
2025-05-31 08:00:00,9,55,57,Queens,Corona,Boro Zone,0.0,0.0,0.0,0.0,0.0,,218,0.0,218,Latest chronological test-window forecast
2025-05-31 08:00:00,9,56,58,Bronx,Country Club,Boro Zone,0.0,0.0,0.0,0.0,0.0,,219,0.0,219,Latest chronological test-window forecast
2025-05-31 08:00:00,9,57,59,Bronx,Crotona Park,Boro Zone,0.0,0.0,0.0,0.0,0.0,,220,0.0,220,Latest chronological test-window forecast
2025-05-31 08:00:00,9,58,60,Bronx,Crotona Park East,Boro Zone,1.683,1.0,2.0,0.683,-0.317,-15.85,154,0.0038,143,Latest chronological test-window forecast
2025-05-31 08:00:00,9,59,61,Brooklyn,Crown Heights North,Boro Zone,10.6,14.0,12.0,3.4,-1.4,-11.67,61,0.0237,61,Latest chronological test-window forecast
2025-05-31 08:00:00,9,60,62,Brooklyn,Crown Heights South,Boro Zone,2.573,3.0,3.0,0.427,-0.427,-14.23,133,0.0058,120,Latest chronological test-window forecast
2025-05-31 08:00:00,9,61,63,Brooklyn,Cypress Hills,Boro Zone,3.467,5.0,4.0,1.533,-0.533,-13.32,112,0.0078,105,Latest chronological test-window forecast
2025-05-31 08:00:00,9,62,64,Queens,Douglaston,Boro Zone,0.0,0.0,0.0,0.0,0.0,,221,0.0,221,Latest chronological test-window forecast
2025-05-31 08:00:00,9,63,65,Brooklyn,Downtown Brooklyn/MetroTech,Boro Zone,5.228,6.0,6.0,0.772,-0.772,-12.87,91,0.0117,88,Latest chronological test-window forecast
2025-05-31 08:00:00,9,64,66,Brooklyn,DUMBO/Vinegar Hill,Boro Zone,2.556,0.0,3.0,2.556,-0.444,-14.8,139,0.0057,136,Latest chronological test-window forecast
2025-05-31 08:00:00,9,65,67,Brooklyn,Dyker Heights,Boro Zone,1.686,2.0,2.0,0.314,-0.314,-15.7,147,0.0038,144,Latest chronological test-window forecast
2025-05-31 08:00:00,9,66,68,Manhattan,East Chelsea,Yellow Zone,71.91,51.0,81.0,20.91,-9.09,-11.22,23,0.1609,23,Latest chronological test-window forecast
2025-05-31 08:00:00,9,67,69,Bronx,East Concourse/Concourse Village,Boro Zone,6.154,6.0,7.0,0.154,-0.846,-12.09,75,0.0138,75,Latest chronological test-window forecast
2025-05-31 08:00:00,9,68,70,Queens,East Elmhurst,Boro Zone,5.225,4.0,6.0,1.225,-0.775,-12.92,92,0.0117,89,Latest chronological test-window forecast
2025-05-31 08:00:00,9,69,71,Brooklyn,East Flatbush/Farragut,Boro Zone,7.937,1.0,9.0,6.937,-1.063,-11.81,66,0.0178,66,Latest chronological test-window forecast
2025-05-31 08:00:00,9,70,72,Brooklyn,East Flatbush/Remsen Village,Boro Zone,4.362,6.0,5.0,1.638,-0.638,-12.76,96,0.0098,94,Latest chronological test-window forecast
2025-05-31 08:00:00,9,71,73,Queens,East Flushing,Boro Zone,0.0,0.0,0.0,0.0,0.0,,222,0.0,222,Latest chronological test-window forecast
2025-05-31 08:00:00,9,72,74,Manhattan,East Harlem North,Boro Zone,31.991,24.0,36.0,7.991,-4.009,-11.14,37,0.0716,37,Latest chronological test-window forecast
2025-05-31 08:00:00,9,73,75,Manhattan,East Harlem South,Boro Zone,64.914,32.0,73.0,32.914,-8.086,-11.08,25,0.1452,25,Latest chronological test-window forecast
2025-05-31 08:00:00,9,74,76,Brooklyn,East New York,Boro Zone,14.192,9.0,16.0,5.192,-1.808,-11.3,55,0.0317,55,Latest chronological test-window forecast
2025-05-31 08:00:00,9,75,77,Brooklyn,East New York/Pennsylvania Avenue,Boro Zone,4.361,1.0,5.0,3.361,-0.639,-12.78,97,0.0098,95,Latest chronological test-window forecast
2025-05-31 08:00:00,9,76,78,Bronx,East Tremont,Boro Zone,1.684,2.0,2.0,0.316,-0.316,-15.8,151,0.0038,145,Latest chronological test-window forecast
2025-05-31 08:00:00,9,77,79,Manhattan,East Village,Yellow Zone,89.689,40.0,101.0,49.689,-11.311,-11.2,20,0.2006,20,Latest chronological test-window forecast
2025-05-31 08:00:00,9,78,80,Brooklyn,East Williamsburg,Boro Zone,6.127,2.0,7.0,4.127,-0.873,-12.47,78,0.0137,77,Latest chronological test-window forecast
2025-05-31 08:00:00,9,79,81,Bronx,Eastchester,Boro Zone,6.164,0.0,7.0,6.164,-0.836,-11.94,74,0.0138,76,Latest chronological test-window forecast
2025-05-31 08:00:00,9,80,82,Queens,Elmhurst,Boro Zone,4.363,9.0,5.0,4.637,-0.637,-12.74,95,0.0098,96,Latest chronological test-window forecast
2025-05-31 08:00:00,9,81,83,Queens,Elmhurst/Maspeth,Boro Zone,2.569,1.0,3.0,1.569,-0.431,-14.37,136,0.0057,137,Latest chronological test-window forecast
2025-05-31 08:00:00,9,82,84,Staten Island,Eltingville/Annadale/Prince's Bay,Boro Zone,0.0,0.0,0.0,0.0,0.0,,223,0.0,223,Latest chronological test-window forecast
2025-05-31 08:00:00,9,83,85,Brooklyn,Erasmus,Boro Zone,7.038,1.0,8.0,6.038,-0.962,-12.02,71,0.0157,72,Latest chronological test-window forecast
2025-05-31 08:00:00,9,84,86,Queens,Far Rockaway,Boro Zone,1.682,1.0,2.0,0.682,-0.318,-15.9,157,0.0038,146,Latest chronological test-window forecast
2025-05-31 08:00:00,9,85,87,Manhattan,Financial District North,Yellow Zone,19.451,14.0,22.0,5.451,-2.549,-11.59,48,0.0435,47,Latest chronological test-window forecast
2025-05-31 08:00:00,9,86,88,Manhattan,Financial District South,Yellow Zone,5.224,5.0,6.0,0.224,-0.776,-12.93,93,0.0117,90,Latest chronological test-window forecast
2025-05-31 08:00:00,9,87,89,Brooklyn,Flatbush/Ditmas Park,Boro Zone,10.629,11.0,12.0,0.371,-1.371,-11.42,59,0.0238,59,Latest chronological test-window forecast
2025-05-31 08:00:00,9,88,90,Manhattan,Flatiron,Yellow Zone,69.253,48.0,78.0,21.253,-8.747,-11.21,24,0.1549,24,Latest chronological test-window forecast
2025-05-31 08:00:00,9,89,91,Brooklyn,Flatlands,Boro Zone,5.262,2.0,6.0,3.262,-0.738,-12.3,83,0.0118,82,Latest chronological test-window forecast
2025-05-31 08:00:00,9,90,92,Queens,Flushing,Boro Zone,3.474,5.0,4.0,1.526,-0.526,-13.15,106,0.0078,106,Latest chronological test-window forecast
2025-05-31 08:00:00,9,91,93,Queens,Flushing Meadows-Corona Park,Boro Zone,0.0,0.0,0.0,0.0,0.0,,224,0.0,224,Latest chronological test-window forecast
2025-05-31 08:00:00,9,92,94,Bronx,Fordham South,Boro Zone,1.68,2.0,2.0,0.32,-0.32,-16.0,162,0.0038,147,Latest chronological test-window forecast
2025-05-31 08:00:00,9,93,95,Queens,Forest Hills,Boro Zone,3.471,3.0,4.0,0.471,-0.529,-13.22,110,0.0078,107,Latest chronological test-window forecast
2025-05-31 08:00:00,9,94,96,Queens,Forest Park/Highland Park,Boro Zone,0.0,0.0,0.0,0.0,0.0,,225,0.0,225,Latest chronological test-window forecast
2025-05-31 08:00:00,9,95,97,Brooklyn,Fort Greene,Boro Zone,1.673,4.0,2.0,2.327,-0.327,-16.35,168,0.0037,167,Latest chronological test-window forecast
2025-05-31 08:00:00,9,96,98,Queens,Fresh Meadows,Boro Zone,0.0,0.0,0.0,0.0,0.0,,226,0.0,226,Latest chronological test-window forecast
2025-05-31 08:00:00,9,97,100,Manhattan,Garment District,Yellow Zone,55.912,25.0,63.0,30.912,-7.088,-11.25,31,0.1251,31,Latest chronological test-window forecast
2025-05-31 08:00:00,9,98,101,Queens,Glen Oaks,Boro Zone,0.0,2.0,0.0,2.0,0.0,,227,0.0,227,Latest chronological test-window forecast
2025-05-31 08:00:00,9,99,102,Queens,Glendale,Boro Zone,0.788,1.0,1.0,0.212,-0.212,-21.2,186,0.0018,180,Latest chronological test-window forecast
2025-05-31 08:00:00,9,100,106,Brooklyn,Gowanus,Boro Zone,2.577,0.0,3.0,2.577,-0.423,-14.1,129,0.0058,121,Latest chronological test-window forecast
2025-05-31 08:00:00,9,101,107,Manhattan,Gramercy,Yellow Zone,97.695,66.0,110.0,31.695,-12.305,-11.19,18,0.2186,17,Latest chronological test-window forecast
2025-05-31 08:00:00,9,102,108,Brooklyn,Gravesend,Boro Zone,3.483,1.0,4.0,2.483,-0.517,-12.92,104,0.0078,108,Latest chronological test-window forecast
2025-05-31 08:00:00,9,103,109,Staten Island,Great Kills,Boro Zone,0.0,0.0,0.0,0.0,0.0,,228,0.0,228,Latest chronological test-window forecast
2025-05-31 08:00:00,9,104,111,Brooklyn,Green-Wood Cemetery,Boro Zone,0.0,0.0,0.0,0.0,0.0,,229,0.0,229,Latest chronological test-window forecast
2025-05-31 08:00:00,9,105,112,Brooklyn,Greenpoint,Boro Zone,5.233,7.0,6.0,1.767,-0.767,-12.78,89,0.0117,91,Latest chronological test-window forecast
2025-05-31 08:00:00,9,106,113,Manhattan,Greenwich Village North,Yellow Zone,53.239,19.0,60.0,34.239,-6.761,-11.27,34,0.1191,34,Latest chronological test-window forecast
2025-05-31 08:00:00,9,107,114,Manhattan,Greenwich Village South,Yellow Zone,19.455,10.0,22.0,9.455,-2.545,-11.57,47,0.0435,48,Latest chronological test-window forecast
2025-05-31 08:00:00,9,108,115,Staten Island,Grymes Hill/Clifton,Boro Zone,0.0,1.0,0.0,1.0,0.0,,230,0.0,230,Latest chronological test-window forecast
2025-05-31 08:00:00,9,109,116,Manhattan,Hamilton Heights,Boro Zone,24.84,13.0,28.0,11.84,-3.16,-11.29,42,0.0556,42,Latest chronological test-window forecast
2025-05-31 08:00:00,9,110,117,Queens,Hammels/Arverne,Boro Zone,5.261,1.0,6.0,4.261,-0.739,-12.32,84,0.0118,83,Latest chronological test-window forecast
2025-05-31 08:00:00,9,111,118,Staten Island,Heartland Village/Todt Hill,Boro Zone,0.791,0.0,1.0,0.791,-0.209,-20.9,178,0.0018,181,Latest chronological test-window forecast
2025-05-31 08:00:00,9,112,119,Bronx,Highbridge,Boro Zone,5.251,1.0,6.0,4.251,-0.749,-12.48,86,0.0117,92,Latest chronological test-window forecast
2025-05-31 08:00:00,9,113,120,Manhattan,Highbridge Park,Boro Zone,0.0,0.0,0.0,0.0,0.0,,231,0.0,231,Latest chronological test-window forecast
2025-05-31 08:00:00,9,114,121,Queens,Hillcrest/Pomonok,Boro Zone,1.686,1.0,2.0,0.686,-0.314,-15.7,148,0.0038,148,Latest chronological test-window forecast
2025-05-31 08:00:00,9,115,122,Queens,Hollis,Boro Zone,0.0,0.0,0.0,0.0,0.0,,232,0.0,232,Latest chronological test-window forecast
2025-05-31 08:00:00,9,116,123,Brooklyn,Homecrest,Boro Zone,0.795,1.0,1.0,0.205,-0.205,-20.5,173,0.0018,182,Latest chronological test-window forecast
2025-05-31 08:00:00,9,117,124,Queens,Howard Beach,Boro Zone,0.789,2.0,1.0,1.211,-0.211,-21.1,183,0.0018,183,Latest chronological test-window forecast
2025-05-31 08:00:00,9,118,125,Manhattan,Hudson Sq,Yellow Zone,20.346,12.0,23.0,8.346,-2.654,-11.54,46,0.0455,46,Latest chronological test-window forecast
2025-05-31 08:00:00,9,119,126,Bronx,Hunts Point,Boro Zone,2.577,0.0,3.0,2.577,-0.423,-14.1,130,0.0058,122,Latest chronological test-window forecast
2025-05-31 08:00:00,9,120,127,Manhattan,Inwood,Boro Zone,4.352,0.0,5.0,4.352,-0.648,-12.96,102,0.0097,99,Latest chronological test-window forecast
2025-05-31 08:00:00,9,121,128,Manhattan,Inwood Hill Park,Boro Zone,0.0,0.0,0.0,0.0,0.0,,233,0.0,233,Latest chronological test-window forecast
2025-05-31 08:00:00,9,122,129,Queens,Jackson Heights,Boro Zone,4.358,7.0,5.0,2.642,-0.642,-12.84,98,0.0097,100,Latest chronological test-window forecast
2025-05-31 08:00:00,9,123,130,Queens,Jamaica,Boro Zone,1.684,11.0,2.0,9.316,-0.316,-15.8,152,0.0038,149,Latest chronological test-window forecast
2025-05-31 08:00:00,9,124,131,Queens,Jamaica Estates,Boro Zone,1.688,1.0,2.0,0.688,-0.312,-15.6,144,0.0038,150,Latest chronological test-window forecast
2025-05-31 08:00:00,9,125,132,Queens,JFK Airport,Airports,99.6,119.0,112.0,19.4,-12.4,-11.07,15,0.2228,15,Latest chronological test-window forecast
2025-05-31 08:00:00,9,126,133,Brooklyn,Kensington,Boro Zone,2.581,4.0,3.0,1.419,-0.419,-13.97,120,0.0058,123,Latest chronological test-window forecast
2025-05-31 08:00:00,9,127,134,Queens,Kew Gardens,Boro Zone,5.259,1.0,6.0,4.259,-0.741,-12.35,85,0.0118,84,Latest chronological test-window forecast
2025-05-31 08:00:00,9,128,135,Queens,Kew Gardens Hills,Boro Zone,0.0,0.0,0.0,0.0,0.0,,234,0.0,234,Latest chronological test-window forecast
2025-05-31 08:00:00,9,129,136,Bronx,Kingsbridge Heights,Boro Zone,0.787,1.0,1.0,0.213,-0.213,-21.3,192,0.0018,184,Latest chronological test-window forecast
2025-05-31 08:00:00,9,130,137,Manhattan,Kips Bay,Yellow Zone,64.804,37.0,73.0,27.804,-8.196,-11.23,26,0.145,26,Latest chronological test-window forecast
2025-05-31 08:00:00,9,131,138,Queens,LaGuardia Airport,Airports,103.056,37.0,116.0,66.056,-12.944,-11.16,14,0.2306,14,Latest chronological test-window forecast
2025-05-31 08:00:00,9,132,139,Queens,Laurelton,Boro Zone,0.788,0.0,1.0,0.788,-0.212,-21.2,187,0.0018,185,Latest chronological test-window forecast
2025-05-31 08:00:00,9,133,140,Manhattan,Lenox Hill East,Yellow Zone,154.73,61.0,174.0,93.73,-19.27,-11.07,5,0.3462,5,Latest chronological test-window forecast
2025-05-31 08:00:00,9,134,141,Manhattan,Lenox Hill West,Yellow Zone,159.054,74.0,179.0,85.054,-19.946,-11.14,4,0.3558,4,Latest chronological test-window forecast
2025-05-31 08:00:00,9,135,142,Manhattan,Lincoln Square East,Yellow Zone,115.489,83.0,130.0,32.489,-14.511,-11.16,10,0.2584,10,Latest chronological test-window forecast
2025-05-31 08:00:00,9,136,143,Manhattan,Lincoln Square West,Yellow Zone,98.59,52.0,111.0,46.59,-12.41,-11.18,16,0.2206,16,Latest chronological test-window forecast
2025-05-31 08:00:00,9,137,144,Manhattan,Little Italy/NoLiTa,Yellow Zone,16.785,9.0,19.0,7.785,-2.215,-11.66,53,0.0376,53,Latest chronological test-window forecast
2025-05-31 08:00:00,9,138,145,Queens,Long Island City/Hunters Point,Boro Zone,3.455,0.0,4.0,3.455,-0.545,-13.62,114,0.0077,115,Latest chronological test-window forecast
2025-05-31 08:00:00,9,139,146,Queens,Long Island City/Queens Plaza,Boro Zone,2.559,9.0,3.0,6.441,-0.441,-14.7,138,0.0057,138,Latest chronological test-window forecast
2025-05-31 08:00:00,9,140,147,Bronx,Longwood,Boro Zone,0.788,2.0,1.0,1.212,-0.212,-21.2,188,0.0018,186,Latest chronological test-window forecast
2025-05-31 08:00:00,9,141,148,Manhattan,Lower East Side,Yellow Zone,18.56,23.0,21.0,4.44,-2.44,-11.62,50,0.0415,49,Latest chronological test-window forecast
2025-05-31 08:00:00,9,142,149,Brooklyn,Madison,Boro Zone,5.281,0.0,6.0,5.281,-0.719,-11.98,81,0.0118,85,Latest chronological test-window forecast
2025-05-31 08:00:00,9,143,150,Brooklyn,Manhattan Beach,Boro Zone,1.692,0.0,2.0,1.692,-0.308,-15.4,141,0.0038,151,Latest chronological test-window forecast
2025-05-31 08:00:00,9,144,151,Manhattan,Manhattan Valley,Yellow Zone,51.469,43.0,58.0,8.469,-6.531,-11.26,35,0.1151,35,Latest chronological test-window forecast
2025-05-31 08:00:00,9,145,152,Manhattan,Manhattanville,Boro Zone,12.354,8.0,14.0,4.354,-1.646,-11.76,57,0.0276,57,Latest chronological test-window forecast
2025-05-31 08:00:00,9,146,153,Manhattan,Marble Hill,Boro Zone,0.0,0.0,0.0,0.0,0.0,,235,0.0,235,Latest chronological test-window forecast
2025-05-31 08:00:00,9,147,154,Brooklyn,Marine Park/Floyd Bennett Field,Boro Zone,0.0,0.0,0.0,0.0,0.0,,236,0.0,236,Latest chronological test-window forecast
2025-05-31 08:00:00,9,148,155,Brooklyn,Marine Park/Mill Basin,Boro Zone,0.79,1.0,1.0,0.21,-0.21,-21.0,180,0.0018,187,Latest chronological test-window forecast
2025-05-31 08:00:00,9,149,156,Staten Island,Mariners Harbor,Boro Zone,0.0,0.0,0.0,0.0,0.0,,237,0.0,237,Latest chronological test-window forecast
2025-05-31 08:00:00,9,150,157,Queens,Maspeth,Boro Zone,1.676,6.0,2.0,4.324,-0.324,-16.2,165,0.0037,168,Latest chronological test-window forecast
2025-05-31 08:00:00,9,151,158,Manhattan,Meatpacking/West Village West,Yellow Zone,22.123,10.0,25.0,12.123,-2.877,-11.51,44,0.0495,44,Latest chronological test-window forecast
2025-05-31 08:00:00,9,152,159,Bronx,Melrose South,Boro Zone,1.682,5.0,2.0,3.318,-0.318,-15.9,158,0.0038,152,Latest chronological test-window forecast
2025-05-31 08:00:00,9,153,160,Queens,Middle Village,Boro Zone,0.787,2.0,1.0,1.213,-0.213,-21.3,193,0.0018,188,Latest chronological test-window forecast
2025-05-31 08:00:00,9,154,161,Manhattan,Midtown Center,Yellow Zone,109.262,61.0,123.0,48.262,-13.738,-11.17,11,0.2444,11,Latest chronological test-window forecast
2025-05-31 08:00:00,9,155,162,Manhattan,Midtown East,Yellow Zone,109.261,62.0,123.0,47.261,-13.739,-11.17,12,0.2444,12,Latest chronological test-window forecast
2025-05-31 08:00:00,9,156,163,Manhattan,Midtown North,Yellow Zone,80.81,46.0,91.0,34.81,-10.19,-11.2,21,0.1808,21,Latest chronological test-window forecast
2025-05-31 08:00:00,9,157,164,Manhattan,Midtown South,Yellow Zone,54.128,49.0,61.0,5.128,-6.872,-11.27,32,0.1211,32,Latest chronological test-window forecast
2025-05-31 08:00:00,9,158,165,Brooklyn,Midwood,Boro Zone,2.587,3.0,3.0,0.413,-0.413,-13.77,116,0.0058,124,Latest chronological test-window forecast
2025-05-31 08:00:00,9,159,166,Manhattan,Morningside Heights,Boro Zone,24.81,25.0,28.0,0.19,-3.19,-11.39,43,0.0555,43,Latest chronological test-window forecast
2025-05-31 08:00:00,9,160,167,Bronx,Morrisania/Melrose,Boro Zone,1.683,0.0,2.0,1.683,-0.317,-15.85,155,0.0038,153,Latest chronological test-window forecast
2025-05-31 08:00:00,9,161,168,Bronx,Mott Haven/Port Morris,Boro Zone,7.047,9.0,8.0,1.953,-0.953,-11.91,69,0.0158,69,Latest chronological test-window forecast
2025-05-31 08:00:00,9,162,169,Bronx,Mount Hope,Boro Zone,3.473,4.0,4.0,0.527,-0.527,-13.18,108,0.0078,109,Latest chronological test-window forecast
2025-05-31 08:00:00,9,163,170,Manhattan,Murray Hill,Yellow Zone,108.368,74.0,122.0,34.368,-13.632,-11.17,13,0.2424,13,Latest chronological test-window forecast
2025-05-31 08:00:00,9,164,171,Queens,Murray Hill-Queens,Boro Zone,1.684,3.0,2.0,1.316,-0.316,-15.8,153,0.0038,154,Latest chronological test-window forecast
2025-05-31 08:00:00,9,165,172,Staten Island,New Dorp/Midland Beach,Boro Zone,0.0,0.0,0.0,0.0,0.0,,238,0.0,238,Latest chronological test-window forecast
2025-05-31 08:00:00,9,166,173,Queens,North Corona,Boro Zone,0.787,1.0,1.0,0.213,-0.213,-21.3,194,0.0018,189,Latest chronological test-window forecast
2025-05-31 08:00:00,9,167,174,Bronx,Norwood,Boro Zone,2.579,1.0,3.0,1.579,-0.421,-14.03,122,0.0058,125,Latest chronological test-window forecast
2025-05-31 08:00:00,9,168,175,Queens,Oakland Gardens,Boro Zone,0.0,0.0,0.0,0.0,0.0,,239,0.0,239,Latest chronological test-window forecast
2025-05-31 08:00:00,9,169,176,Staten Island,Oakwood,Boro Zone,0.0,0.0,0.0,0.0,0.0,,240,0.0,240,Latest chronological test-window forecast
2025-05-31 08:00:00,9,170,177,Brooklyn,Ocean Hill,Boro Zone,4.356,7.0,5.0,2.644,-0.644,-12.88,99,0.0097,101,Latest chronological test-window forecast
2025-05-31 08:00:00,9,171,178,Brooklyn,Ocean Parkway South,Boro Zone,0.794,0.0,1.0,0.794,-0.206,-20.6,175,0.0018,190,Latest chronological test-window forecast
2025-05-31 08:00:00,9,172,179,Queens,Old Astoria,Boro Zone,6.126,9.0,7.0,2.874,-0.874,-12.49,79,0.0137,78,Latest chronological test-window forecast
2025-05-31 08:00:00,9,173,180,Queens,Ozone Park,Boro Zone,0.789,2.0,1.0,1.211,-0.211,-21.1,184,0.0018,191,Latest chronological test-window forecast
2025-05-31 08:00:00,9,174,181,Brooklyn,Park Slope,Boro Zone,4.351,1.0,5.0,3.351,-0.649,-12.98,103,0.0097,102,Latest chronological test-window forecast
2025-05-31 08:00:00,9,175,182,Bronx,Parkchester,Boro Zone,4.354,8.0,5.0,3.646,-0.646,-12.92,101,0.0097,103,Latest chronological test-window forecast
2025-05-31 08:00:00,9,176,183,Bronx,Pelham Bay,Boro Zone,1.682,0.0,2.0,1.682,-0.318,-15.9,159,0.0038,155,Latest chronological test-window forecast
2025-05-31 08:00:00,9,177,184,Bronx,Pelham Bay Park,Boro Zone,0.0,0.0,0.0,0.0,0.0,,241,0.0,241,Latest chronological test-window forecast
2025-05-31 08:00:00,9,178,185,Bronx,Pelham Parkway,Boro Zone,0.788,2.0,1.0,1.212,-0.212,-21.2,189,0.0018,192,Latest chronological test-window forecast
2025-05-31 08:00:00,9,179,186,Manhattan,Penn Station/Madison Sq West,Yellow Zone,134.188,59.0,151.0,75.188,-16.812,-11.13,8,0.3002,8,Latest chronological test-window forecast
2025-05-31 08:00:00,9,180,187,Staten Island,Port Richmond,Boro Zone,0.0,0.0,0.0,0.0,0.0,,242,0.0,242,Latest chronological test-window forecast
2025-05-31 08:00:00,9,181,188,Brooklyn,Prospect-Lefferts Gardens,Boro Zone,7.931,3.0,9.0,4.931,-1.069,-11.88,67,0.0177,67,Latest chronological test-window forecast
2025-05-31 08:00:00,9,182,189,Brooklyn,Prospect Heights,Boro Zone,0.784,0.0,1.0,0.784,-0.216,-21.6,196,0.0018,193,Latest chronological test-window forecast
2025-05-31 08:00:00,9,183,190,Brooklyn,Prospect Park,Boro Zone,0.0,0.0,0.0,0.0,0.0,,243,0.0,243,Latest chronological test-window forecast
2025-05-31 08:00:00,9,184,191,Queens,Queens Village,Boro Zone,1.687,4.0,2.0,2.313,-0.313,-15.65,145,0.0038,156,Latest chronological test-window forecast
2025-05-31 08:00:00,9,185,192,Queens,Queensboro Hill,Boro Zone,0.0,0.0,0.0,0.0,0.0,,244,0.0,244,Latest chronological test-window forecast
2025-05-31 08:00:00,9,186,193,Queens,Queensbridge/Ravenswood,Boro Zone,0.781,2.0,1.0,1.219,-0.219,-21.9,197,0.0017,199,Latest chronological test-window forecast
2025-05-31 08:00:00,9,187,194,Manhattan,Randalls Island,Yellow Zone,0.0,0.0,0.0,0.0,0.0,,245,0.0,245,Latest chronological test-window forecast
2025-05-31 08:00:00,9,188,195,Brooklyn,Red Hook,Boro Zone,1.673,1.0,2.0,0.673,-0.327,-16.35,169,0.0037,169,Latest chronological test-window forecast
2025-05-31 08:00:00,9,189,196,Queens,Rego Park,Boro Zone,0.0,2.0,0.0,2.0,0.0,,246,0.0,246,Latest chronological test-window forecast
2025-05-31 08:00:00,9,190,197,Queens,Richmond Hill,Boro Zone,9.735,10.0,11.0,0.265,-1.265,-11.5,63,0.0218,63,Latest chronological test-window forecast
2025-05-31 08:00:00,9,191,198,Queens,Ridgewood,Boro Zone,1.677,6.0,2.0,4.323,-0.323,-16.15,163,0.0038,157,Latest chronological test-window forecast
2025-05-31 08:00:00,9,192,200,Bronx,Riverdale/North Riverdale/Fieldston,Boro Zone,0.78,1.0,1.0,0.22,-0.22,-22.0,199,0.0017,200,Latest chronological test-window forecast
2025-05-31 08:00:00,9,193,201,Queens,Rockaway Park,Boro Zone,0.0,1.0,0.0,1.0,0.0,,247,0.0,247,Latest chronological test-window forecast
2025-05-31 08:00:00,9,194,202,Manhattan,Roosevelt Island,Boro Zone,0.78,0.0,1.0,0.78,-0.22,-22.0,200,0.0017,201,Latest chronological test-window forecast
2025-05-31 08:00:00,9,195,203,Queens,Rosedale,Boro Zone,0.788,1.0,1.0,0.212,-0.212,-21.2,190,0.0018,194,Latest chronological test-window forecast
2025-05-31 08:00:00,9,196,204,Staten Island,Rossville/Woodrow,Boro Zone,0.0,0.0,0.0,0.0,0.0,,248,0.0,248,Latest chronological test-window forecast
2025-05-31 08:00:00,9,197,205,Queens,Saint Albans,Boro Zone,3.474,3.0,4.0,0.474,-0.526,-13.15,107,0.0078,110,Latest chronological test-window forecast
2025-05-31 08:00:00,9,198,206,Staten Island,Saint George/New Brighton,Boro Zone,0.0,0.0,0.0,0.0,0.0,,249,0.0,249,Latest chronological test-window forecast
2025-05-31 08:00:00,9,199,207,Queens,Saint Michaels Cemetery/Woodside,Boro Zone,0.0,0.0,0.0,0.0,0.0,,250,0.0,250,Latest chronological test-window forecast
2025-05-31 08:00:00,9,200,208,Bronx,Schuylerville/Edgewater Park,Boro Zone,3.473,1.0,4.0,2.473,-0.527,-13.18,109,0.0078,111,Latest chronological test-window forecast
2025-05-31 08:00:00,9,201,209,Manhattan,Seaport,Yellow Zone,7.002,4.0,8.0,3.002,-0.998,-12.48,73,0.0157,73,Latest chronological test-window forecast
2025-05-31 08:00:00,9,202,210,Brooklyn,Sheepshead Bay,Boro Zone,1.691,0.0,2.0,1.691,-0.309,-15.45,143,0.0038,158,Latest chronological test-window forecast
2025-05-31 08:00:00,9,203,211,Manhattan,SoHo,Yellow Zone,18.564,6.0,21.0,12.564,-2.436,-11.6,49,0.0415,50,Latest chronological test-window forecast
2025-05-31 08:00:00,9,204,212,Bronx,Soundview/Bruckner,Boro Zone,2.578,4.0,3.0,1.422,-0.422,-14.07,127,0.0058,126,Latest chronological test-window forecast
2025-05-31 08:00:00,9,205,213,Bronx,Soundview/Castle Hill,Boro Zone,2.579,0.0,3.0,2.579,-0.421,-14.03,123,0.0058,127,Latest chronological test-window forecast
2025-05-31 08:00:00,9,206,214,Staten Island,South Beach/Dongan Hills,Boro Zone,1.683,0.0,2.0,1.683,-0.317,-15.85,156,0.0038,159,Latest chronological test-window forecast
2025-05-31 08:00:00,9,207,215,Queens,South Jamaica,Boro Zone,2.583,7.0,3.0,4.417,-0.417,-13.9,118,0.0058,128,Latest chronological test-window forecast
2025-05-31 08:00:00,9,208,216,Queens,South Ozone Park,Boro Zone,8.84,7.0,10.0,1.84,-1.16,-11.6,64,0.0198,64,Latest chronological test-window forecast
2025-05-31 08:00:00,9,209,217,Brooklyn,South Williamsburg,Boro Zone,1.676,1.0,2.0,0.676,-0.324,-16.2,166,0.0037,170,Latest chronological test-window forecast
2025-05-31 08:00:00,9,210,218,Queens,Springfield Gardens North,Boro Zone,1.686,2.0,2.0,0.314,-0.314,-15.7,149,0.0038,160,Latest chronological test-window forecast
2025-05-31 08:00:00,9,211,219,Queens,Springfield Gardens South,Boro Zone,0.788,4.0,1.0,3.212,-0.212,-21.2,191,0.0018,195,Latest chronological test-window forecast
2025-05-31 08:00:00,9,212,220,Bronx,Spuyten Duyvil/Kingsbridge,Boro Zone,0.0,0.0,0.0,0.0,0.0,,251,0.0,251,Latest chronological test-window forecast
2025-05-31 08:00:00,9,213,221,Staten Island,Stapleton,Boro Zone,1.686,0.0,2.0,1.686,-0.314,-15.7,150,0.0038,161,Latest chronological test-window forecast
2025-05-31 08:00:00,9,214,222,Brooklyn,Starrett City,Boro Zone,3.47,2.0,4.0,1.47,-0.53,-13.25,111,0.0078,112,Latest chronological test-window forecast
2025-05-31 08:00:00,9,215,223,Queens,Steinway,Boro Zone,1.673,2.0,2.0,0.327,-0.327,-16.35,170,0.0037,171,Latest chronological test-window forecast
2025-05-31 08:00:00,9,216,224,Manhattan,Stuy Town/Peter Cooper Village,Yellow Zone,13.228,12.0,15.0,1.228,-1.772,-11.81,56,0.0296,56,Latest chronological test-window forecast
2025-05-31 08:00:00,9,217,225,Brooklyn,Stuyvesant Heights,Boro Zone,6.136,7.0,7.0,0.864,-0.864,-12.34,77,0.0137,79,Latest chronological test-window forecast
2025-05-31 08:00:00,9,218,226,Queens,Sunnyside,Boro Zone,10.597,15.0,12.0,4.403,-1.403,-11.69,62,0.0237,62,Latest chronological test-window forecast
2025-05-31 08:00:00,9,219,227,Brooklyn,Sunset Park East,Boro Zone,0.0,2.0,0.0,2.0,0.0,,252,0.0,252,Latest chronological test-window forecast
2025-05-31 08:00:00,9,220,228,Brooklyn,Sunset Park West,Boro Zone,2.579,4.0,3.0,1.421,-0.421,-14.03,124,0.0058,129,Latest chronological test-window forecast
2025-05-31 08:00:00,9,221,229,Manhattan,Sutton Place/Turtle Bay North,Yellow Zone,97.704,59.0,110.0,38.704,-12.296,-11.18,17,0.2186,18,Latest chronological test-window forecast
2025-05-31 08:00:00,9,222,230,Manhattan,Times Sq/Theatre District,Yellow Zone,75.47,90.0,85.0,14.53,-9.53,-11.21,22,0.1688,22,Latest chronological test-window forecast
2025-05-31 08:00:00,9,223,231,Manhattan,TriBeCa/Civic Center,Yellow Zone,54.123,27.0,61.0,27.123,-6.877,-11.27,33,0.1211,33,Latest chronological test-window forecast
2025-05-31 08:00:00,9,224,232,Manhattan,Two Bridges/Seward Park,Yellow Zone,15.005,11.0,17.0,4.005,-1.995,-11.74,54,0.0336,54,Latest chronological test-window forecast
2025-05-31 08:00:00,9,225,233,Manhattan,UN/Turtle Bay South,Yellow Zone,59.464,35.0,67.0,24.464,-7.536,-11.25,28,0.133,28,Latest chronological test-window forecast
2025-05-31 08:00:00,9,226,234,Manhattan,Union Sq,Yellow Zone,63.922,42.0,72.0,21.922,-8.078,-11.22,27,0.143,27,Latest chronological test-window forecast
2025-05-31 08:00:00,9,227,235,Bronx,University Heights/Morris Heights,Boro Zone,2.577,1.0,3.0,1.577,-0.423,-14.1,131,0.0058,130,Latest chronological test-window forecast
2025-05-31 08:00:00,9,228,236,Manhattan,Upper East Side North,Yellow Zone,312.896,107.0,352.0,205.896,-39.104,-11.11,1,0.7,1,Latest chronological test-window forecast
2025-05-31 08:00:00,9,229,237,Manhattan,Upper East Side South,Yellow Zone,183.951,76.0,207.0,107.951,-23.049,-11.13,2,0.4115,2,Latest chronological test-window forecast
2025-05-31 08:00:00,9,230,238,Manhattan,Upper West Side North,Yellow Zone,144.849,92.0,163.0,52.849,-18.151,-11.14,6,0.3241,6,Latest chronological test-window forecast
2025-05-31 08:00:00,9,231,239,Manhattan,Upper West Side South,Yellow Zone,166.188,84.0,187.0,82.188,-20.812,-11.13,3,0.3718,3,Latest chronological test-window forecast
2025-05-31 08:00:00,9,232,240,Bronx,Van Cortlandt Park,Boro Zone,0.0,0.0,0.0,0.0,0.0,,253,0.0,253,Latest chronological test-window forecast
2025-05-31 08:00:00,9,233,241,Bronx,Van Cortlandt Village,Boro Zone,2.572,3.0,3.0,0.428,-0.428,-14.27,134,0.0058,131,Latest chronological test-window forecast
2025-05-31 08:00:00,9,234,242,Bronx,Van Nest/Morris Park,Boro Zone,2.579,3.0,3.0,0.421,-0.421,-14.03,125,0.0058,132,Latest chronological test-window forecast
2025-05-31 08:00:00,9,235,243,Manhattan,Washington Heights North,Boro Zone,7.919,9.0,9.0,1.081,-1.081,-12.01,68,0.0177,68,Latest chronological test-window forecast
2025-05-31 08:00:00,9,236,244,Manhattan,Washington Heights South,Boro Zone,17.738,11.0,20.0,6.738,-2.262,-11.31,51,0.0397,51,Latest chronological test-window forecast
2025-05-31 08:00:00,9,237,245,Staten Island,West Brighton,Boro Zone,0.0,0.0,0.0,0.0,0.0,,254,0.0,254,Latest chronological test-window forecast
2025-05-31 08:00:00,9,238,246,Manhattan,West Chelsea/Hudson Yards,Yellow Zone,39.914,16.0,45.0,23.914,-5.086,-11.3,36,0.0893,36,Latest chronological test-window forecast
2025-05-31 08:00:00,9,239,247,Bronx,West Concourse,Boro Zone,2.575,3.0,3.0,0.425,-0.425,-14.17,132,0.0058,133,Latest chronological test-window forecast
2025-05-31 08:00:00,9,240,248,Bronx,West Farms/Bronx River,Boro Zone,1.681,2.0,2.0,0.319,-0.319,-15.95,161,0.0038,162,Latest chronological test-window forecast
2025-05-31 08:00:00,9,241,249,Manhattan,West Village,Yellow Zone,57.703,32.0,65.0,25.703,-7.297,-11.23,29,0.1291,30,Latest chronological test-window forecast
2025-05-31 08:00:00,9,242,250,Bronx,Westchester Village/Unionport,Boro Zone,2.582,1.0,3.0,1.582,-0.418,-13.93,119,0.0058,134,Latest chronological test-window forecast
2025-05-31 08:00:00,9,243,251,Staten Island,Westerleigh,Boro Zone,0.0,0.0,0.0,0.0,0.0,,255,0.0,255,Latest chronological test-window forecast
2025-05-31 08:00:00,9,244,252,Queens,Whitestone,Boro Zone,0.79,0.0,1.0,0.79,-0.21,-21.0,181,0.0018,196,Latest chronological test-window forecast
2025-05-31 08:00:00,9,245,253,Queens,Willets Point,Boro Zone,0.0,0.0,0.0,0.0,0.0,,256,0.0,256,Latest chronological test-window forecast
2025-05-31 08:00:00,9,246,254,Bronx,Williamsbridge/Olinville,Boro Zone,4.369,2.0,5.0,2.369,-0.631,-12.62,94,0.0098,97,Latest chronological test-window forecast
2025-05-31 08:00:00,9,247,255,Brooklyn,Williamsburg (North Side),Boro Zone,1.671,3.0,2.0,1.329,-0.329,-16.45,171,0.0037,172,Latest chronological test-window forecast
2025-05-31 08:00:00,9,248,256,Brooklyn,Williamsburg (South Side),Boro Zone,6.122,0.0,7.0,6.122,-0.878,-12.54,80,0.0137,80,Latest chronological test-window forecast
2025-05-31 08:00:00,9,249,257,Brooklyn,Windsor Terrace,Boro Zone,2.57,1.0,3.0,1.57,-0.43,-14.33,135,0.0057,139,Latest chronological test-window forecast
2025-05-31 08:00:00,9,250,258,Queens,Woodhaven,Boro Zone,7.047,5.0,8.0,2.047,-0.953,-11.91,70,0.0158,70,Latest chronological test-window forecast
2025-05-31 08:00:00,9,251,259,Bronx,Woodlawn/Wakefield,Boro Zone,1.687,3.0,2.0,1.313,-0.313,-15.65,146,0.0038,163,Latest chronological test-window forecast
2025-05-31 08:00:00,9,252,260,Queens,Woodside,Boro Zone,5.242,5.0,6.0,0.242,-0.758,-12.63,87,0.0117,93,Latest chronological test-window forecast
2025-05-31 08:00:00,9,253,261,Manhattan,World Trade Center,Yellow Zone,12.337,19.0,14.0,6.663,-1.663,-11.88,58,0.0276,58,Latest chronological test-window forecast
2025-05-31 08:00:00,9,254,262,Manhattan,Yorkville East,Yellow Zone,141.273,73.0,159.0,68.273,-17.727,-11.15,7,0.3161,7,Latest chronological test-window forecast
2025-05-31 08:00:00,9,255,263,Manhattan,Yorkville West,Yellow Zone,126.186,73.0,142.0,53.186,-15.814,-11.14,9,0.2823,9,Latest chronological test-window forecast
2025-05-31 09:00:00,10,0,1,EWR,Newark Airport,EWR,0.0,0.0,0.0,0.0,0.0,,186,0.0,186,Latest chronological test-window forecast
2025-05-31 09:00:00,10,1,2,Queens,Jamaica Bay,Boro Zone,0.0,0.0,0.0,0.0,0.0,,187,0.0,187,Latest chronological test-window forecast
2025-05-31 09:00:00,10,2,3,Bronx,Allerton/Pelham Gardens,Boro Zone,1.705,1.0,2.0,0.705,-0.295,-14.75,132,0.0041,122,Latest chronological test-window forecast
2025-05-31 09:00:00,10,3,4,Manhattan,Alphabet City,Yellow Zone,18.745,15.0,21.0,3.745,-2.255,-10.74,54,0.045,54,Latest chronological test-window forecast
2025-05-31 09:00:00,10,4,6,Staten Island,Arrochar/Fort Wadsworth,Boro Zone,0.0,0.0,0.0,0.0,0.0,,188,0.0,188,Latest chronological test-window forecast
2025-05-31 09:00:00,10,5,7,Queens,Astoria,Boro Zone,11.597,18.0,13.0,6.403,-1.403,-10.79,60,0.0278,60,Latest chronological test-window forecast
2025-05-31 09:00:00,10,6,8,Queens,Astoria Park,Boro Zone,0.0,0.0,0.0,0.0,0.0,,189,0.0,189,Latest chronological test-window forecast
2025-05-31 09:00:00,10,7,9,Queens,Auburndale,Boro Zone,0.0,0.0,0.0,0.0,0.0,,190,0.0,190,Latest chronological test-window forecast
2025-05-31 09:00:00,10,8,10,Queens,Baisley Park,Boro Zone,4.401,1.0,5.0,3.401,-0.599,-11.98,92,0.0106,86,Latest chronological test-window forecast
2025-05-31 09:00:00,10,9,11,Brooklyn,Bath Beach,Boro Zone,0.808,0.0,1.0,0.808,-0.192,-19.2,151,0.0019,150,Latest chronological test-window forecast
2025-05-31 09:00:00,10,10,12,Manhattan,Battery Park,Yellow Zone,0.0,2.0,0.0,2.0,0.0,,191,0.0,191,Latest chronological test-window forecast
2025-05-31 09:00:00,10,11,13,Manhattan,Battery Park City,Yellow Zone,23.224,19.0,26.0,4.224,-2.776,-10.68,45,0.0558,42,Latest chronological test-window forecast
2025-05-31 09:00:00,10,12,14,Brooklyn,Bay Ridge,Boro Zone,1.707,1.0,2.0,0.707,-0.293,-14.65,129,0.0041,123,Latest chronological test-window forecast
2025-05-31 09:00:00,10,13,15,Queens,Bay Terrace/Fort Totten,Boro Zone,0.0,0.0,0.0,0.0,0.0,,192,0.0,192,Latest chronological test-window forecast
2025-05-31 09:00:00,10,14,16,Queens,Bayside,Boro Zone,0.0,0.0,0.0,0.0,0.0,,193,0.0,193,Latest chronological test-window forecast
2025-05-31 09:00:00,10,15,17,Brooklyn,Bedford,Boro Zone,1.699,5.0,2.0,3.301,-0.301,-15.05,145,0.0041,124,Latest chronological test-window forecast
2025-05-31 09:00:00,10,16,18,Bronx,Bedford Park,Boro Zone,6.211,3.0,7.0,3.211,-0.789,-11.27,72,0.0149,71,Latest chronological test-window forecast
2025-05-31 09:00:00,10,17,19,Queens,Bellerose,Boro Zone,0.807,0.0,1.0,0.807,-0.193,-19.3,152,0.0019,151,Latest chronological test-window forecast
2025-05-31 09:00:00,10,18,20,Bronx,Belmont,Boro Zone,0.0,0.0,0.0,0.0,0.0,,194,0.0,194,Latest chronological test-window forecast
2025-05-31 09:00:00,10,19,21,Brooklyn,Bensonhurst East,Boro Zone,1.713,3.0,2.0,1.287,-0.287,-14.35,122,0.0041,125,Latest chronological test-window forecast
2025-05-31 09:00:00,10,20,22,Brooklyn,Bensonhurst West,Boro Zone,1.711,2.0,2.0,0.289,-0.289,-14.45,123,0.0041,126,Latest chronological test-window forecast
2025-05-31 09:00:00,10,21,23,Staten Island,Bloomfield/Emerson Hill,Boro Zone,0.0,0.0,0.0,0.0,0.0,,195,0.0,195,Latest chronological test-window forecast
2025-05-31 09:00:00,10,22,24,Manhattan,Bloomingdale,Yellow Zone,19.638,22.0,22.0,2.362,-2.362,-10.74,50,0.0472,50,Latest chronological test-window forecast
2025-05-31 09:00:00,10,23,25,Brooklyn,Boerum Hill,Boro Zone,1.698,4.0,2.0,2.302,-0.302,-15.1,146,0.0041,127,Latest chronological test-window forecast
2025-05-31 09:00:00,10,24,26,Brooklyn,Borough Park,Boro Zone,0.806,0.0,1.0,0.806,-0.194,-19.4,153,0.0019,152,Latest chronological test-window forecast
2025-05-31 09:00:00,10,25,27,Queens,Breezy Point/Fort Tilden/Riis Beach,Boro Zone,0.0,0.0,0.0,0.0,0.0,,196,0.0,196,Latest chronological test-window forecast
2025-05-31 09:00:00,10,26,28,Queens,Briarwood/Jamaica Hills,Boro Zone,1.705,1.0,2.0,0.705,-0.295,-14.75,133,0.0041,128,Latest chronological test-window forecast
2025-05-31 09:00:00,10,27,29,Brooklyn,Brighton Beach,Boro Zone,2.616,0.0,3.0,2.616,-0.384,-12.8,107,0.0063,107,Latest chronological test-window forecast
2025-05-31 09:00:00,10,28,30,Queens,Broad Channel,Boro Zone,0.0,0.0,0.0,0.0,0.0,,197,0.0,197,Latest chronological test-window forecast
2025-05-31 09:00:00,10,29,31,Bronx,Bronx Park,Boro Zone,0.0,0.0,0.0,0.0,0.0,,198,0.0,198,Latest chronological test-window forecast
2025-05-31 09:00:00,10,30,32,Bronx,Bronxdale,Boro Zone,0.804,2.0,1.0,1.196,-0.196,-19.6,160,0.0019,153,Latest chronological test-window forecast
2025-05-31 09:00:00,10,31,33,Brooklyn,Brooklyn Heights,Boro Zone,8.873,5.0,10.0,3.873,-1.127,-11.27,67,0.0213,67,Latest chronological test-window forecast
2025-05-31 09:00:00,10,32,34,Brooklyn,Brooklyn Navy Yard,Boro Zone,0.0,0.0,0.0,0.0,0.0,,199,0.0,199,Latest chronological test-window forecast
2025-05-31 09:00:00,10,33,35,Brooklyn,Brownsville,Boro Zone,10.715,6.0,12.0,4.715,-1.285,-10.71,61,0.0257,61,Latest chronological test-window forecast
2025-05-31 09:00:00,10,34,36,Brooklyn,Bushwick North,Boro Zone,1.697,4.0,2.0,2.303,-0.303,-15.15,147,0.0041,129,Latest chronological test-window forecast
2025-05-31 09:00:00,10,35,37,Brooklyn,Bushwick South,Boro Zone,1.697,8.0,2.0,6.303,-0.303,-15.15,148,0.0041,130,Latest chronological test-window forecast
2025-05-31 09:00:00,10,36,38,Queens,Cambria Heights,Boro Zone,0.0,1.0,0.0,1.0,0.0,,200,0.0,200,Latest chronological test-window forecast
2025-05-31 09:00:00,10,37,39,Brooklyn,Canarsie,Boro Zone,9.815,3.0,11.0,6.815,-1.185,-10.77,63,0.0236,62,Latest chronological test-window forecast
2025-05-31 09:00:00,10,38,40,Brooklyn,Carroll Gardens,Boro Zone,0.796,1.0,1.0,0.204,-0.204,-20.4,185,0.0019,154,Latest chronological test-window forecast
2025-05-31 09:00:00,10,39,41,Manhattan,Central Harlem,Boro Zone,27.773,43.0,31.0,15.227,-3.227,-10.41,40,0.0667,40,Latest chronological test-window forecast
2025-05-31 09:00:00,10,40,42,Manhattan,Central Harlem North,Boro Zone,18.8,21.0,21.0,2.2,-2.2,-10.48,52,0.0451,52,Latest chronological test-window forecast
2025-05-31 09:00:00,10,41,43,Manhattan,Central Park,Yellow Zone,55.541,49.0,62.0,6.541,-6.459,-10.42,30,0.1334,30,Latest chronological test-window forecast
2025-05-31 09:00:00,10,42,44,Staten Island,Charleston/Tottenville,Boro Zone,0.0,0.0,0.0,0.0,0.0,,201,0.0,201,Latest chronological test-window forecast
2025-05-31 09:00:00,10,43,45,Manhattan,Chinatown,Yellow Zone,5.281,5.0,6.0,0.281,-0.719,-11.98,85,0.0127,80,Latest chronological test-window forecast
2025-05-31 09:00:00,10,44,46,Bronx,City Island,Boro Zone,0.0,0.0,0.0,0.0,0.0,,202,0.0,202,Latest chronological test-window forecast
2025-05-31 09:00:00,10,45,47,Bronx,Claremont/Bathgate,Boro Zone,0.802,1.0,1.0,0.198,-0.198,-19.8,171,0.0019,155,Latest chronological test-window forecast
2025-05-31 09:00:00,10,46,48,Manhattan,Clinton East,Yellow Zone,107.576,95.0,120.0,12.576,-12.424,-10.35,18,0.2583,18,Latest chronological test-window forecast
2025-05-31 09:00:00,10,47,49,Brooklyn,Clinton Hill,Boro Zone,5.291,7.0,6.0,1.709,-0.709,-11.82,84,0.0127,81,Latest chronological test-window forecast
2025-05-31 09:00:00,10,48,50,Manhattan,Clinton West,Yellow Zone,42.972,39.0,48.0,3.972,-5.028,-10.48,37,0.1032,37,Latest chronological test-window forecast
2025-05-31 09:00:00,10,49,51,Bronx,Co-Op City,Boro Zone,0.804,3.0,1.0,2.196,-0.196,-19.6,161,0.0019,156,Latest chronological test-window forecast
2025-05-31 09:00:00,10,50,52,Brooklyn,Cobble Hill,Boro Zone,2.59,1.0,3.0,1.59,-0.41,-13.67,121,0.0062,117,Latest chronological test-window forecast
2025-05-31 09:00:00,10,51,53,Queens,College Point,Boro Zone,0.0,0.0,0.0,0.0,0.0,,203,0.0,203,Latest chronological test-window forecast
2025-05-31 09:00:00,10,52,54,Brooklyn,Columbia Street,Boro Zone,0.0,0.0,0.0,0.0,0.0,,204,0.0,204,Latest chronological test-window forecast
2025-05-31 09:00:00,10,53,55,Brooklyn,Coney Island,Boro Zone,2.614,2.0,3.0,0.614,-0.386,-12.87,109,0.0063,108,Latest chronological test-window forecast
2025-05-31 09:00:00,10,54,56,Queens,Corona,Boro Zone,1.704,4.0,2.0,2.296,-0.296,-14.8,136,0.0041,131,Latest chronological test-window forecast
2025-05-31 09:00:00,10,55,57,Queens,Corona,Boro Zone,0.0,0.0,0.0,0.0,0.0,,205,0.0,205,Latest chronological test-window forecast
2025-05-31 09:00:00,10,56,58,Bronx,Country Club,Boro Zone,0.0,0.0,0.0,0.0,0.0,,206,0.0,206,Latest chronological test-window forecast
2025-05-31 09:00:00,10,57,59,Bronx,Crotona Park,Boro Zone,0.0,0.0,0.0,0.0,0.0,,207,0.0,207,Latest chronological test-window forecast
2025-05-31 09:00:00,10,58,60,Bronx,Crotona Park East,Boro Zone,3.508,2.0,4.0,1.508,-0.492,-12.3,98,0.0084,95,Latest chronological test-window forecast
2025-05-31 09:00:00,10,59,61,Brooklyn,Crown Heights North,Boro Zone,13.394,11.0,15.0,2.394,-1.606,-10.71,57,0.0322,56,Latest chronological test-window forecast
2025-05-31 09:00:00,10,60,62,Brooklyn,Crown Heights South,Boro Zone,4.403,1.0,5.0,3.403,-0.597,-11.94,89,0.0106,87,Latest chronological test-window forecast
2025-05-31 09:00:00,10,61,63,Brooklyn,Cypress Hills,Boro Zone,4.404,3.0,5.0,1.404,-0.596,-11.92,88,0.0106,88,Latest chronological test-window forecast
2025-05-31 09:00:00,10,62,64,Queens,Douglaston,Boro Zone,0.0,1.0,0.0,1.0,0.0,,208,0.0,208,Latest chronological test-window forecast
2025-05-31 09:00:00,10,63,65,Brooklyn,Downtown Brooklyn/MetroTech,Boro Zone,6.18,5.0,7.0,1.18,-0.82,-11.71,75,0.0148,75,Latest chronological test-window forecast
2025-05-31 09:00:00,10,64,66,Brooklyn,DUMBO/Vinegar Hill,Boro Zone,7.074,1.0,8.0,6.074,-0.926,-11.58,70,0.017,69,Latest chronological test-window forecast
2025-05-31 09:00:00,10,65,67,Brooklyn,Dyker Heights,Boro Zone,0.805,0.0,1.0,0.805,-0.195,-19.5,155,0.0019,157,Latest chronological test-window forecast
2025-05-31 09:00:00,10,66,68,Manhattan,East Chelsea,Yellow Zone,106.672,80.0,119.0,26.672,-12.328,-10.36,19,0.2561,19,Latest chronological test-window forecast
2025-05-31 09:00:00,10,67,69,Bronx,East Concourse/Concourse Village,Boro Zone,2.606,5.0,3.0,2.394,-0.394,-13.13,110,0.0063,109,Latest chronological test-window forecast
2025-05-31 09:00:00,10,68,70,Queens,East Elmhurst,Boro Zone,19.638,17.0,22.0,2.638,-2.362,-10.74,51,0.0472,51,Latest chronological test-window forecast
2025-05-31 09:00:00,10,69,71,Brooklyn,East Flatbush/Farragut,Boro Zone,6.207,3.0,7.0,3.207,-0.793,-11.33,73,0.0149,72,Latest chronological test-window forecast
2025-05-31 09:00:00,10,70,72,Brooklyn,East Flatbush/Remsen Village,Boro Zone,5.306,7.0,6.0,1.694,-0.694,-11.57,81,0.0127,82,Latest chronological test-window forecast
2025-05-31 09:00:00,10,71,73,Queens,East Flushing,Boro Zone,0.0,0.0,0.0,0.0,0.0,,209,0.0,209,Latest chronological test-window forecast
2025-05-31 09:00:00,10,72,74,Manhattan,East Harlem North,Boro Zone,21.479,38.0,24.0,16.521,-2.521,-10.5,46,0.0516,46,Latest chronological test-window forecast
2025-05-31 09:00:00,10,73,75,Manhattan,East Harlem South,Boro Zone,48.409,56.0,54.0,7.591,-5.591,-10.35,35,0.1162,35,Latest chronological test-window forecast
2025-05-31 09:00:00,10,74,76,Brooklyn,East New York,Boro Zone,12.513,10.0,14.0,2.513,-1.487,-10.62,58,0.03,58,Latest chronological test-window forecast
2025-05-31 09:00:00,10,75,77,Brooklyn,East New York/Pennsylvania Avenue,Boro Zone,2.603,5.0,3.0,2.397,-0.397,-13.23,116,0.0063,110,Latest chronological test-window forecast
2025-05-31 09:00:00,10,76,78,Bronx,East Tremont,Boro Zone,0.0,3.0,0.0,3.0,0.0,,210,0.0,210,Latest chronological test-window forecast
2025-05-31 09:00:00,10,77,79,Manhattan,East Village,Yellow Zone,74.369,76.0,83.0,1.631,-8.631,-10.4,25,0.1786,25,Latest chronological test-window forecast
2025-05-31 09:00:00,10,78,80,Brooklyn,East Williamsburg,Boro Zone,0.797,4.0,1.0,3.203,-0.203,-20.3,183,0.0019,158,Latest chronological test-window forecast
2025-05-31 09:00:00,10,79,81,Bronx,Eastchester,Boro Zone,0.805,1.0,1.0,0.195,-0.195,-19.5,156,0.0019,159,Latest chronological test-window forecast
2025-05-31 09:00:00,10,80,82,Queens,Elmhurst,Boro Zone,0.802,2.0,1.0,1.198,-0.198,-19.8,172,0.0019,160,Latest chronological test-window forecast
2025-05-31 09:00:00,10,81,83,Queens,Elmhurst/Maspeth,Boro Zone,0.799,6.0,1.0,5.201,-0.201,-20.1,179,0.0019,161,Latest chronological test-window forecast
2025-05-31 09:00:00,10,82,84,Staten Island,Eltingville/Annadale/Prince's Bay,Boro Zone,0.0,0.0,0.0,0.0,0.0,,211,0.0,211,Latest chronological test-window forecast
2025-05-31 09:00:00,10,83,85,Brooklyn,Erasmus,Boro Zone,5.302,4.0,6.0,1.302,-0.698,-11.63,82,0.0127,83,Latest chronological test-window forecast
2025-05-31 09:00:00,10,84,86,Queens,Far Rockaway,Boro Zone,2.605,0.0,3.0,2.605,-0.395,-13.17,112,0.0063,111,Latest chronological test-window forecast
2025-05-31 09:00:00,10,85,87,Manhattan,Financial District North,Yellow Zone,17.844,27.0,20.0,9.156,-2.156,-10.78,55,0.0428,55,Latest chronological test-window forecast
2025-05-31 09:00:00,10,86,88,Manhattan,Financial District South,Yellow Zone,6.179,5.0,7.0,1.179,-0.821,-11.73,76,0.0148,76,Latest chronological test-window forecast
2025-05-31 09:00:00,10,87,89,Brooklyn,Flatbush/Ditmas Park,Boro Zone,9.82,10.0,11.0,0.18,-1.18,-10.73,62,0.0236,63,Latest chronological test-window forecast
2025-05-31 09:00:00,10,88,90,Manhattan,Flatiron,Yellow Zone,62.724,51.0,70.0,11.724,-7.276,-10.39,27,0.1506,27,Latest chronological test-window forecast
2025-05-31 09:00:00,10,89,91,Brooklyn,Flatlands,Boro Zone,1.705,7.0,2.0,5.295,-0.295,-14.75,134,0.0041,132,Latest chronological test-window forecast
2025-05-31 09:00:00,10,90,92,Queens,Flushing,Boro Zone,1.706,1.0,2.0,0.706,-0.294,-14.7,130,0.0041,133,Latest chronological test-window forecast
2025-05-31 09:00:00,10,91,93,Queens,Flushing Meadows-Corona Park,Boro Zone,0.0,3.0,0.0,3.0,0.0,,212,0.0,212,Latest chronological test-window forecast
2025-05-31 09:00:00,10,92,94,Bronx,Fordham South,Boro Zone,0.801,1.0,1.0,0.199,-0.199,-19.9,175,0.0019,162,Latest chronological test-window forecast
2025-05-31 09:00:00,10,93,95,Queens,Forest Hills,Boro Zone,1.704,1.0,2.0,0.704,-0.296,-14.8,137,0.0041,134,Latest chronological test-window forecast
2025-05-31 09:00:00,10,94,96,Queens,Forest Park/Highland Park,Boro Zone,0.0,0.0,0.0,0.0,0.0,,213,0.0,213,Latest chronological test-window forecast
2025-05-31 09:00:00,10,95,97,Brooklyn,Fort Greene,Boro Zone,6.188,3.0,7.0,3.188,-0.812,-11.6,74,0.0149,73,Latest chronological test-window forecast
2025-05-31 09:00:00,10,96,98,Queens,Fresh Meadows,Boro Zone,0.0,0.0,0.0,0.0,0.0,,214,0.0,214,Latest chronological test-window forecast
2025-05-31 09:00:00,10,97,100,Manhattan,Garment District,Yellow Zone,46.566,55.0,52.0,8.434,-5.434,-10.45,36,0.1118,36,Latest chronological test-window forecast
2025-05-31 09:00:00,10,98,101,Queens,Glen Oaks,Boro Zone,0.0,0.0,0.0,0.0,0.0,,215,0.0,215,Latest chronological test-window forecast
2025-05-31 09:00:00,10,99,102,Queens,Glendale,Boro Zone,1.703,2.0,2.0,0.297,-0.297,-14.85,142,0.0041,135,Latest chronological test-window forecast
2025-05-31 09:00:00,10,100,106,Brooklyn,Gowanus,Boro Zone,3.507,0.0,4.0,3.507,-0.493,-12.32,101,0.0084,96,Latest chronological test-window forecast
2025-05-31 09:00:00,10,101,107,Manhattan,Gramercy,Yellow Zone,79.757,91.0,89.0,11.243,-9.243,-10.39,23,0.1915,23,Latest chronological test-window forecast
2025-05-31 09:00:00,10,102,108,Brooklyn,Gravesend,Boro Zone,0.0,1.0,0.0,1.0,0.0,,216,0.0,216,Latest chronological test-window forecast
2025-05-31 09:00:00,10,103,109,Staten Island,Great Kills,Boro Zone,0.0,0.0,0.0,0.0,0.0,,217,0.0,217,Latest chronological test-window forecast
2025-05-31 09:00:00,10,104,111,Brooklyn,Green-Wood Cemetery,Boro Zone,0.0,0.0,0.0,0.0,0.0,,218,0.0,218,Latest chronological test-window forecast
2025-05-31 09:00:00,10,105,112,Brooklyn,Greenpoint,Boro Zone,9.776,6.0,11.0,3.776,-1.224,-11.13,65,0.0235,64,Latest chronological test-window forecast
2025-05-31 09:00:00,10,106,113,Manhattan,Greenwich Village North,Yellow Zone,57.325,48.0,64.0,9.325,-6.675,-10.43,29,0.1376,29,Latest chronological test-window forecast
2025-05-31 09:00:00,10,107,114,Manhattan,Greenwich Village South,Yellow Zone,25.03,23.0,28.0,2.03,-2.97,-10.61,41,0.0601,41,Latest chronological test-window forecast
2025-05-31 09:00:00,10,108,115,Staten Island,Grymes Hill/Clifton,Boro Zone,0.0,0.0,0.0,0.0,0.0,,219,0.0,219,Latest chronological test-window forecast
2025-05-31 09:00:00,10,109,116,Manhattan,Hamilton Heights,Boro Zone,18.77,18.0,21.0,0.77,-2.23,-10.62,53,0.0451,53,Latest chronological test-window forecast
2025-05-31 09:00:00,10,110,117,Queens,Hammels/Arverne,Boro Zone,3.508,1.0,4.0,2.508,-0.492,-12.3,99,0.0084,97,Latest chronological test-window forecast
2025-05-31 09:00:00,10,111,118,Staten Island,Heartland Village/Todt Hill,Boro Zone,0.0,0.0,0.0,0.0,0.0,,220,0.0,220,Latest chronological test-window forecast
2025-05-31 09:00:00,10,112,119,Bronx,Highbridge,Boro Zone,0.801,2.0,1.0,1.199,-0.199,-19.9,176,0.0019,163,Latest chronological test-window forecast
2025-05-31 09:00:00,10,113,120,Manhattan,Highbridge Park,Boro Zone,0.0,1.0,0.0,1.0,0.0,,221,0.0,221,Latest chronological test-window forecast
2025-05-31 09:00:00,10,114,121,Queens,Hillcrest/Pomonok,Boro Zone,1.708,3.0,2.0,1.292,-0.292,-14.6,127,0.0041,136,Latest chronological test-window forecast
2025-05-31 09:00:00,10,115,122,Queens,Hollis,Boro Zone,1.709,0.0,2.0,1.709,-0.291,-14.55,126,0.0041,137,Latest chronological test-window forecast
2025-05-31 09:00:00,10,116,123,Brooklyn,Homecrest,Boro Zone,0.809,2.0,1.0,1.191,-0.191,-19.1,150,0.0019,164,Latest chronological test-window forecast
2025-05-31 09:00:00,10,117,124,Queens,Howard Beach,Boro Zone,0.803,1.0,1.0,0.197,-0.197,-19.7,163,0.0019,165,Latest chronological test-window forecast
2025-05-31 09:00:00,10,118,125,Manhattan,Hudson Sq,Yellow Zone,23.237,11.0,26.0,12.237,-2.763,-10.63,43,0.0558,43,Latest chronological test-window forecast
2025-05-31 09:00:00,10,119,126,Bronx,Hunts Point,Boro Zone,2.606,2.0,3.0,0.606,-0.394,-13.13,111,0.0063,112,Latest chronological test-window forecast
2025-05-31 09:00:00,10,120,127,Manhattan,Inwood,Boro Zone,2.598,0.0,3.0,2.598,-0.402,-13.4,117,0.0062,118,Latest chronological test-window forecast
2025-05-31 09:00:00,10,121,128,Manhattan,Inwood Hill Park,Boro Zone,0.0,0.0,0.0,0.0,0.0,,222,0.0,222,Latest chronological test-window forecast
2025-05-31 09:00:00,10,122,129,Queens,Jackson Heights,Boro Zone,4.402,7.0,5.0,2.598,-0.598,-11.96,90,0.0106,89,Latest chronological test-window forecast
2025-05-31 09:00:00,10,123,130,Queens,Jamaica,Boro Zone,3.508,8.0,4.0,4.492,-0.492,-12.3,100,0.0084,98,Latest chronological test-window forecast
2025-05-31 09:00:00,10,124,131,Queens,Jamaica Estates,Boro Zone,0.806,2.0,1.0,1.194,-0.194,-19.4,154,0.0019,166,Latest chronological test-window forecast
2025-05-31 09:00:00,10,125,132,Queens,JFK Airport,Airports,129.21,103.0,144.0,26.21,-14.79,-10.27,10,0.3103,10,Latest chronological test-window forecast
2025-05-31 09:00:00,10,126,133,Brooklyn,Kensington,Boro Zone,0.805,2.0,1.0,1.195,-0.195,-19.5,157,0.0019,167,Latest chronological test-window forecast
2025-05-31 09:00:00,10,127,134,Queens,Kew Gardens,Boro Zone,1.704,1.0,2.0,0.704,-0.296,-14.8,138,0.0041,138,Latest chronological test-window forecast
2025-05-31 09:00:00,10,128,135,Queens,Kew Gardens Hills,Boro Zone,0.803,1.0,1.0,0.197,-0.197,-19.7,164,0.0019,168,Latest chronological test-window forecast
2025-05-31 09:00:00,10,129,136,Bronx,Kingsbridge Heights,Boro Zone,0.802,0.0,1.0,0.802,-0.198,-19.8,173,0.0019,169,Latest chronological test-window forecast
2025-05-31 09:00:00,10,130,137,Manhattan,Kips Bay,Yellow Zone,53.73,39.0,60.0,14.73,-6.27,-10.45,32,0.129,32,Latest chronological test-window forecast
2025-05-31 09:00:00,10,131,138,Queens,LaGuardia Airport,Airports,165.004,103.0,184.0,62.004,-18.996,-10.32,4,0.3962,4,Latest chronological test-window forecast
2025-05-31 09:00:00,10,132,139,Queens,Laurelton,Boro Zone,0.803,2.0,1.0,1.197,-0.197,-19.7,165,0.0019,170,Latest chronological test-window forecast
2025-05-31 09:00:00,10,133,140,Manhattan,Lenox Hill East,Yellow Zone,112.108,72.0,125.0,40.108,-12.892,-10.31,15,0.2692,15,Latest chronological test-window forecast
2025-05-31 09:00:00,10,134,141,Manhattan,Lenox Hill West,Yellow Zone,128.212,99.0,143.0,29.212,-14.788,-10.34,11,0.3079,11,Latest chronological test-window forecast
2025-05-31 09:00:00,10,135,142,Manhattan,Lincoln Square East,Yellow Zone,125.52,131.0,140.0,5.48,-14.48,-10.34,14,0.3014,13,Latest chronological test-window forecast
2025-05-31 09:00:00,10,136,143,Manhattan,Lincoln Square West,Yellow Zone,77.966,68.0,87.0,9.966,-9.034,-10.38,24,0.1872,24,Latest chronological test-window forecast
2025-05-31 09:00:00,10,137,144,Manhattan,Little Italy/NoLiTa,Yellow Zone,21.437,17.0,24.0,4.437,-2.563,-10.68,47,0.0515,47,Latest chronological test-window forecast
2025-05-31 09:00:00,10,138,145,Queens,Long Island City/Hunters Point,Boro Zone,3.493,7.0,4.0,3.507,-0.507,-12.68,105,0.0084,99,Latest chronological test-window forecast
2025-05-31 09:00:00,10,139,146,Queens,Long Island City/Queens Plaza,Boro Zone,7.079,4.0,8.0,3.079,-0.921,-11.51,69,0.017,70,Latest chronological test-window forecast
2025-05-31 09:00:00,10,140,147,Bronx,Longwood,Boro Zone,0.0,0.0,0.0,0.0,0.0,,223,0.0,223,Latest chronological test-window forecast
2025-05-31 09:00:00,10,141,148,Manhattan,Lower East Side,Yellow Zone,28.609,26.0,32.0,2.609,-3.391,-10.6,39,0.0687,39,Latest chronological test-window forecast
2025-05-31 09:00:00,10,142,149,Brooklyn,Madison,Boro Zone,0.0,0.0,0.0,0.0,0.0,,224,0.0,224,Latest chronological test-window forecast
2025-05-31 09:00:00,10,143,150,Brooklyn,Manhattan Beach,Boro Zone,0.0,0.0,0.0,0.0,0.0,,225,0.0,225,Latest chronological test-window forecast
2025-05-31 09:00:00,10,144,151,Manhattan,Manhattan Valley,Yellow Zone,52.837,61.0,59.0,8.163,-6.163,-10.45,33,0.1269,33,Latest chronological test-window forecast
2025-05-31 09:00:00,10,145,152,Manhattan,Manhattanville,Boro Zone,7.98,6.0,9.0,1.98,-1.02,-11.33,68,0.0192,68,Latest chronological test-window forecast
2025-05-31 09:00:00,10,146,153,Manhattan,Marble Hill,Boro Zone,0.0,0.0,0.0,0.0,0.0,,226,0.0,226,Latest chronological test-window forecast
2025-05-31 09:00:00,10,147,154,Brooklyn,Marine Park/Floyd Bennett Field,Boro Zone,0.0,0.0,0.0,0.0,0.0,,227,0.0,227,Latest chronological test-window forecast
2025-05-31 09:00:00,10,148,155,Brooklyn,Marine Park/Mill Basin,Boro Zone,0.0,2.0,0.0,2.0,0.0,,228,0.0,228,Latest chronological test-window forecast
2025-05-31 09:00:00,10,149,156,Staten Island,Mariners Harbor,Boro Zone,0.0,0.0,0.0,0.0,0.0,,229,0.0,229,Latest chronological test-window forecast
2025-05-31 09:00:00,10,150,157,Queens,Maspeth,Boro Zone,0.0,1.0,0.0,1.0,0.0,,230,0.0,230,Latest chronological test-window forecast
2025-05-31 09:00:00,10,151,158,Manhattan,Meatpacking/West Village West,Yellow Zone,37.596,8.0,42.0,29.596,-4.404,-10.49,38,0.0903,38,Latest chronological test-window forecast
2025-05-31 09:00:00,10,152,159,Bronx,Melrose South,Boro Zone,1.704,4.0,2.0,2.296,-0.296,-14.8,139,0.0041,139,Latest chronological test-window forecast
2025-05-31 09:00:00,10,153,160,Queens,Middle Village,Boro Zone,0.0,2.0,0.0,2.0,0.0,,231,0.0,231,Latest chronological test-window forecast
2025-05-31 09:00:00,10,154,161,Manhattan,Midtown Center,Yellow Zone,132.714,93.0,148.0,39.714,-15.286,-10.33,9,0.3187,9,Latest chronological test-window forecast
2025-05-31 09:00:00,10,155,162,Manhattan,Midtown East,Yellow Zone,147.968,120.0,165.0,27.968,-17.032,-10.32,6,0.3553,6,Latest chronological test-window forecast
2025-05-31 09:00:00,10,156,163,Manhattan,Midtown North,Yellow Zone,109.386,93.0,122.0,16.386,-12.614,-10.34,17,0.2627,17,Latest chronological test-window forecast
2025-05-31 09:00:00,10,157,164,Manhattan,Midtown South,Yellow Zone,87.835,61.0,98.0,26.835,-10.165,-10.37,20,0.2109,20,Latest chronological test-window forecast
2025-05-31 09:00:00,10,158,165,Brooklyn,Midwood,Boro Zone,1.711,0.0,2.0,1.711,-0.289,-14.45,124,0.0041,140,Latest chronological test-window forecast
2025-05-31 09:00:00,10,159,166,Manhattan,Morningside Heights,Boro Zone,23.24,21.0,26.0,2.24,-2.76,-10.62,42,0.0558,44,Latest chronological test-window forecast
2025-05-31 09:00:00,10,160,167,Bronx,Morrisania/Melrose,Boro Zone,0.803,3.0,1.0,2.197,-0.197,-19.7,166,0.0019,171,Latest chronological test-window forecast
2025-05-31 09:00:00,10,161,168,Bronx,Mott Haven/Port Morris,Boro Zone,5.309,5.0,6.0,0.309,-0.691,-11.52,80,0.0127,84,Latest chronological test-window forecast
2025-05-31 09:00:00,10,162,169,Bronx,Mount Hope,Boro Zone,0.803,2.0,1.0,1.197,-0.197,-19.7,167,0.0019,172,Latest chronological test-window forecast
2025-05-31 09:00:00,10,163,170,Manhattan,Murray Hill,Yellow Zone,141.679,100.0,158.0,41.679,-16.321,-10.33,7,0.3402,7,Latest chronological test-window forecast
2025-05-31 09:00:00,10,164,171,Queens,Murray Hill-Queens,Boro Zone,0.0,0.0,0.0,0.0,0.0,,232,0.0,232,Latest chronological test-window forecast
2025-05-31 09:00:00,10,165,172,Staten Island,New Dorp/Midland Beach,Boro Zone,0.0,0.0,0.0,0.0,0.0,,233,0.0,233,Latest chronological test-window forecast
2025-05-31 09:00:00,10,166,173,Queens,North Corona,Boro Zone,0.801,3.0,1.0,2.199,-0.199,-19.9,177,0.0019,173,Latest chronological test-window forecast
2025-05-31 09:00:00,10,167,174,Bronx,Norwood,Boro Zone,3.51,2.0,4.0,1.51,-0.49,-12.25,96,0.0084,100,Latest chronological test-window forecast
2025-05-31 09:00:00,10,168,175,Queens,Oakland Gardens,Boro Zone,0.0,0.0,0.0,0.0,0.0,,234,0.0,234,Latest chronological test-window forecast
2025-05-31 09:00:00,10,169,176,Staten Island,Oakwood,Boro Zone,0.0,0.0,0.0,0.0,0.0,,235,0.0,235,Latest chronological test-window forecast
2025-05-31 09:00:00,10,170,177,Brooklyn,Ocean Hill,Boro Zone,4.4,6.0,5.0,1.6,-0.6,-12.0,93,0.0106,90,Latest chronological test-window forecast
2025-05-31 09:00:00,10,171,178,Brooklyn,Ocean Parkway South,Boro Zone,0.0,1.0,0.0,1.0,0.0,,236,0.0,236,Latest chronological test-window forecast
2025-05-31 09:00:00,10,172,179,Queens,Old Astoria,Boro Zone,2.593,8.0,3.0,5.407,-0.407,-13.57,120,0.0062,119,Latest chronological test-window forecast
2025-05-31 09:00:00,10,173,180,Queens,Ozone Park,Boro Zone,0.0,0.0,0.0,0.0,0.0,,237,0.0,237,Latest chronological test-window forecast
2025-05-31 09:00:00,10,174,181,Brooklyn,Park Slope,Boro Zone,2.597,4.0,3.0,1.403,-0.403,-13.43,118,0.0062,120,Latest chronological test-window forecast
2025-05-31 09:00:00,10,175,182,Bronx,Parkchester,Boro Zone,3.499,0.0,4.0,3.499,-0.501,-12.52,103,0.0084,101,Latest chronological test-window forecast
2025-05-31 09:00:00,10,176,183,Bronx,Pelham Bay,Boro Zone,0.0,1.0,0.0,1.0,0.0,,238,0.0,238,Latest chronological test-window forecast
2025-05-31 09:00:00,10,177,184,Bronx,Pelham Bay Park,Boro Zone,0.0,0.0,0.0,0.0,0.0,,239,0.0,239,Latest chronological test-window forecast
2025-05-31 09:00:00,10,178,185,Bronx,Pelham Parkway,Boro Zone,0.803,0.0,1.0,0.803,-0.197,-19.7,168,0.0019,174,Latest chronological test-window forecast
2025-05-31 09:00:00,10,179,186,Manhattan,Penn Station/Madison Sq West,Yellow Zone,182.123,116.0,203.0,66.123,-20.877,-10.28,3,0.4373,3,Latest chronological test-window forecast
2025-05-31 09:00:00,10,180,187,Staten Island,Port Richmond,Boro Zone,0.0,0.0,0.0,0.0,0.0,,240,0.0,240,Latest chronological test-window forecast
2025-05-31 09:00:00,10,181,188,Brooklyn,Prospect-Lefferts Gardens,Boro Zone,4.402,11.0,5.0,6.598,-0.598,-11.96,91,0.0106,91,Latest chronological test-window forecast
2025-05-31 09:00:00,10,182,189,Brooklyn,Prospect Heights,Boro Zone,0.799,3.0,1.0,2.201,-0.201,-20.1,180,0.0019,175,Latest chronological test-window forecast
2025-05-31 09:00:00,10,183,190,Brooklyn,Prospect Park,Boro Zone,0.0,0.0,0.0,0.0,0.0,,241,0.0,241,Latest chronological test-window forecast
2025-05-31 09:00:00,10,184,191,Queens,Queens Village,Boro Zone,3.514,3.0,4.0,0.514,-0.486,-12.15,95,0.0084,102,Latest chronological test-window forecast
2025-05-31 09:00:00,10,185,192,Queens,Queensboro Hill,Boro Zone,0.805,0.0,1.0,0.805,-0.195,-19.5,158,0.0019,176,Latest chronological test-window forecast
2025-05-31 09:00:00,10,186,193,Queens,Queensbridge/Ravenswood,Boro Zone,0.0,2.0,0.0,2.0,0.0,,242,0.0,242,Latest chronological test-window forecast
2025-05-31 09:00:00,10,187,194,Manhattan,Randalls Island,Yellow Zone,0.0,0.0,0.0,0.0,0.0,,243,0.0,243,Latest chronological test-window forecast
2025-05-31 09:00:00,10,188,195,Brooklyn,Red Hook,Boro Zone,0.797,0.0,1.0,0.797,-0.203,-20.3,184,0.0019,177,Latest chronological test-window forecast
2025-05-31 09:00:00,10,189,196,Queens,Rego Park,Boro Zone,1.704,1.0,2.0,0.704,-0.296,-14.8,140,0.0041,141,Latest chronological test-window forecast
2025-05-31 09:00:00,10,190,197,Queens,Richmond Hill,Boro Zone,5.312,5.0,6.0,0.312,-0.688,-11.47,78,0.0128,77,Latest chronological test-window forecast
2025-05-31 09:00:00,10,191,198,Queens,Ridgewood,Boro Zone,0.799,1.0,1.0,0.201,-0.201,-20.1,181,0.0019,178,Latest chronological test-window forecast
2025-05-31 09:00:00,10,192,200,Bronx,Riverdale/North Riverdale/Fieldston,Boro Zone,0.0,2.0,0.0,2.0,0.0,,244,0.0,244,Latest chronological test-window forecast
2025-05-31 09:00:00,10,193,201,Queens,Rockaway Park,Boro Zone,1.703,0.0,2.0,1.703,-0.297,-14.85,143,0.0041,142,Latest chronological test-window forecast
2025-05-31 09:00:00,10,194,202,Manhattan,Roosevelt Island,Boro Zone,0.0,0.0,0.0,0.0,0.0,,245,0.0,245,Latest chronological test-window forecast
2025-05-31 09:00:00,10,195,203,Queens,Rosedale,Boro Zone,1.704,0.0,2.0,1.704,-0.296,-14.8,141,0.0041,143,Latest chronological test-window forecast
2025-05-31 09:00:00,10,196,204,Staten Island,Rossville/Woodrow,Boro Zone,0.0,0.0,0.0,0.0,0.0,,246,0.0,246,Latest chronological test-window forecast
2025-05-31 09:00:00,10,197,205,Queens,Saint Albans,Boro Zone,4.412,5.0,5.0,0.588,-0.588,-11.76,86,0.0106,92,Latest chronological test-window forecast
2025-05-31 09:00:00,10,198,206,Staten Island,Saint George/New Brighton,Boro Zone,0.0,0.0,0.0,0.0,0.0,,247,0.0,247,Latest chronological test-window forecast
2025-05-31 09:00:00,10,199,207,Queens,Saint Michaels Cemetery/Woodside,Boro Zone,0.0,0.0,0.0,0.0,0.0,,248,0.0,248,Latest chronological test-window forecast
2025-05-31 09:00:00,10,200,208,Bronx,Schuylerville/Edgewater Park,Boro Zone,1.705,1.0,2.0,0.705,-0.295,-14.75,135,0.0041,144,Latest chronological test-window forecast
2025-05-31 09:00:00,10,201,209,Manhattan,Seaport,Yellow Zone,3.486,7.0,4.0,3.514,-0.514,-12.85,106,0.0084,103,Latest chronological test-window forecast
2025-05-31 09:00:00,10,202,210,Brooklyn,Sheepshead Bay,Boro Zone,2.616,0.0,3.0,2.616,-0.384,-12.8,108,0.0063,113,Latest chronological test-window forecast
2025-05-31 09:00:00,10,203,211,Manhattan,SoHo,Yellow Zone,21.437,9.0,24.0,12.437,-2.563,-10.68,48,0.0515,48,Latest chronological test-window forecast
2025-05-31 09:00:00,10,204,212,Bronx,Soundview/Bruckner,Boro Zone,0.803,2.0,1.0,1.197,-0.197,-19.7,169,0.0019,179,Latest chronological test-window forecast
2025-05-31 09:00:00,10,205,213,Bronx,Soundview/Castle Hill,Boro Zone,6.215,3.0,7.0,3.215,-0.785,-11.21,71,0.0149,74,Latest chronological test-window forecast
2025-05-31 09:00:00,10,206,214,Staten Island,South Beach/Dongan Hills,Boro Zone,0.0,0.0,0.0,0.0,0.0,,249,0.0,249,Latest chronological test-window forecast
2025-05-31 09:00:00,10,207,215,Queens,South Jamaica,Boro Zone,0.0,3.0,0.0,3.0,0.0,,250,0.0,250,Latest chronological test-window forecast
2025-05-31 09:00:00,10,208,216,Queens,South Ozone Park,Boro Zone,5.312,5.0,6.0,0.312,-0.688,-11.47,79,0.0128,78,Latest chronological test-window forecast
2025-05-31 09:00:00,10,209,217,Brooklyn,South Williamsburg,Boro Zone,0.0,0.0,0.0,0.0,0.0,,251,0.0,251,Latest chronological test-window forecast
2025-05-31 09:00:00,10,210,218,Queens,Springfield Gardens North,Boro Zone,5.317,3.0,6.0,2.317,-0.683,-11.38,77,0.0128,79,Latest chronological test-window forecast
2025-05-31 09:00:00,10,211,219,Queens,Springfield Gardens South,Boro Zone,0.803,1.0,1.0,0.197,-0.197,-19.7,170,0.0019,180,Latest chronological test-window forecast
2025-05-31 09:00:00,10,212,220,Bronx,Spuyten Duyvil/Kingsbridge,Boro Zone,0.799,2.0,1.0,1.201,-0.201,-20.1,182,0.0019,181,Latest chronological test-window forecast
2025-05-31 09:00:00,10,213,221,Staten Island,Stapleton,Boro Zone,0.0,0.0,0.0,0.0,0.0,,252,0.0,252,Latest chronological test-window forecast
2025-05-31 09:00:00,10,214,222,Brooklyn,Starrett City,Boro Zone,2.604,1.0,3.0,1.604,-0.396,-13.2,115,0.0063,114,Latest chronological test-window forecast
2025-05-31 09:00:00,10,215,223,Queens,Steinway,Boro Zone,2.594,5.0,3.0,2.406,-0.406,-13.53,119,0.0062,121,Latest chronological test-window forecast
2025-05-31 09:00:00,10,216,224,Manhattan,Stuy Town/Peter Cooper Village,Yellow Zone,23.233,13.0,26.0,10.233,-2.767,-10.64,44,0.0558,45,Latest chronological test-window forecast
2025-05-31 09:00:00,10,217,225,Brooklyn,Stuyvesant Heights,Boro Zone,9.793,10.0,11.0,0.207,-1.207,-10.97,64,0.0235,65,Latest chronological test-window forecast
2025-05-31 09:00:00,10,218,226,Queens,Sunnyside,Boro Zone,8.894,13.0,10.0,4.106,-1.106,-11.06,66,0.0214,66,Latest chronological test-window forecast
2025-05-31 09:00:00,10,219,227,Brooklyn,Sunset Park East,Boro Zone,1.71,3.0,2.0,1.29,-0.29,-14.5,125,0.0041,145,Latest chronological test-window forecast
2025-05-31 09:00:00,10,220,228,Brooklyn,Sunset Park West,Boro Zone,4.412,1.0,5.0,3.412,-0.588,-11.76,87,0.0106,93,Latest chronological test-window forecast
2025-05-31 09:00:00,10,221,229,Manhattan,Sutton Place/Turtle Bay North,Yellow Zone,84.257,94.0,94.0,9.743,-9.743,-10.36,21,0.2023,21,Latest chronological test-window forecast
2025-05-31 09:00:00,10,222,230,Manhattan,Times Sq/Theatre District,Yellow Zone,111.168,110.0,124.0,1.168,-12.832,-10.35,16,0.2669,16,Latest chronological test-window forecast
2025-05-31 09:00:00,10,223,231,Manhattan,TriBeCa/Civic Center,Yellow Zone,52.83,40.0,59.0,12.83,-6.17,-10.46,34,0.1269,34,Latest chronological test-window forecast
2025-05-31 09:00:00,10,224,232,Manhattan,Two Bridges/Seward Park,Yellow Zone,12.459,18.0,14.0,5.541,-1.541,-11.01,59,0.0299,59,Latest chronological test-window forecast
2025-05-31 09:00:00,10,225,233,Manhattan,UN/Turtle Bay South,Yellow Zone,54.636,51.0,61.0,3.636,-6.364,-10.43,31,0.1312,31,Latest chronological test-window forecast
2025-05-31 09:00:00,10,226,234,Manhattan,Union Sq,Yellow Zone,82.475,86.0,92.0,3.525,-9.525,-10.35,22,0.198,22,Latest chronological test-window forecast
2025-05-31 09:00:00,10,227,235,Bronx,University Heights/Morris Heights,Boro Zone,2.605,6.0,3.0,3.395,-0.395,-13.17,113,0.0063,115,Latest chronological test-window forecast
2025-05-31 09:00:00,10,228,236,Manhattan,Upper East Side North,Yellow Zone,291.519,197.0,325.0,94.519,-33.481,-10.3,1,0.7,1,Latest chronological test-window forecast
2025-05-31 09:00:00,10,229,237,Manhattan,Upper East Side South,Yellow Zone,270.882,162.0,302.0,108.882,-31.118,-10.3,2,0.6504,2,Latest chronological test-window forecast
2025-05-31 09:00:00,10,230,238,Manhattan,Upper West Side North,Yellow Zone,135.39,138.0,151.0,2.61,-15.61,-10.34,8,0.3251,8,Latest chronological test-window forecast
2025-05-31 09:00:00,10,231,239,Manhattan,Upper West Side South,Yellow Zone,155.133,141.0,173.0,14.133,-17.867,-10.33,5,0.3725,5,Latest chronological test-window forecast
2025-05-31 09:00:00,10,232,240,Bronx,Van Cortlandt Park,Boro Zone,0.0,0.0,0.0,0.0,0.0,,253,0.0,253,Latest chronological test-window forecast
2025-05-31 09:00:00,10,233,241,Bronx,Van Cortlandt Village,Boro Zone,1.701,1.0,2.0,0.701,-0.299,-14.95,144,0.0041,146,Latest chronological test-window forecast
2025-05-31 09:00:00,10,234,242,Bronx,Van Nest/Morris Park,Boro Zone,1.706,1.0,2.0,0.706,-0.294,-14.7,131,0.0041,147,Latest chronological test-window forecast
2025-05-31 09:00:00,10,235,243,Manhattan,Washington Heights North,Boro Zone,5.295,6.0,6.0,0.705,-0.705,-11.75,83,0.0127,85,Latest chronological test-window forecast
2025-05-31 09:00:00,10,236,244,Manhattan,Washington Heights South,Boro Zone,13.395,11.0,15.0,2.395,-1.605,-10.7,56,0.0322,57,Latest chronological test-window forecast
2025-05-31 09:00:00,10,237,245,Staten Island,West Brighton,Boro Zone,0.0,0.0,0.0,0.0,0.0,,254,0.0,254,Latest chronological test-window forecast
2025-05-31 09:00:00,10,238,246,Manhattan,West Chelsea/Hudson Yards,Yellow Zone,61.84,53.0,69.0,8.84,-7.16,-10.38,28,0.1485,28,Latest chronological test-window forecast
2025-05-31 09:00:00,10,239,247,Bronx,West Concourse,Boro Zone,3.505,6.0,4.0,2.495,-0.495,-12.38,102,0.0084,104,Latest chronological test-window forecast
2025-05-31 09:00:00,10,240,248,Bronx,West Farms/Bronx River,Boro Zone,0.802,1.0,1.0,0.198,-0.198,-19.8,174,0.0019,182,Latest chronological test-window forecast
2025-05-31 09:00:00,10,241,249,Manhattan,West Village,Yellow Zone,66.329,50.0,74.0,16.329,-7.671,-10.37,26,0.1593,26,Latest chronological test-window forecast
2025-05-31 09:00:00,10,242,250,Bronx,Westchester Village/Unionport,Boro Zone,0.805,2.0,1.0,1.195,-0.195,-19.5,159,0.0019,183,Latest chronological test-window forecast
2025-05-31 09:00:00,10,243,251,Staten Island,Westerleigh,Boro Zone,0.0,0.0,0.0,0.0,0.0,,255,0.0,255,Latest chronological test-window forecast
2025-05-31 09:00:00,10,244,252,Queens,Whitestone,Boro Zone,0.804,1.0,1.0,0.196,-0.196,-19.6,162,0.0019,184,Latest chronological test-window forecast
2025-05-31 09:00:00,10,245,253,Queens,Willets Point,Boro Zone,0.0,0.0,0.0,0.0,0.0,,256,0.0,256,Latest chronological test-window forecast
2025-05-31 09:00:00,10,246,254,Bronx,Williamsbridge/Olinville,Boro Zone,3.51,2.0,4.0,1.51,-0.49,-12.25,97,0.0084,105,Latest chronological test-window forecast
2025-05-31 09:00:00,10,247,255,Brooklyn,Williamsburg (North Side),Boro Zone,1.694,4.0,2.0,2.306,-0.306,-15.3,149,0.0041,148,Latest chronological test-window forecast
2025-05-31 09:00:00,10,248,256,Brooklyn,Williamsburg (South Side),Boro Zone,4.387,9.0,5.0,4.613,-0.613,-12.26,94,0.0105,94,Latest chronological test-window forecast
2025-05-31 09:00:00,10,249,257,Brooklyn,Windsor Terrace,Boro Zone,0.8,0.0,1.0,0.8,-0.2,-20.0,178,0.0019,185,Latest chronological test-window forecast
2025-05-31 09:00:00,10,250,258,Queens,Woodhaven,Boro Zone,2.605,4.0,3.0,1.395,-0.395,-13.17,114,0.0063,116,Latest chronological test-window forecast
2025-05-31 09:00:00,10,251,259,Bronx,Woodlawn/Wakefield,Boro Zone,1.708,3.0,2.0,1.292,-0.292,-14.6,128,0.0041,149,Latest chronological test-window forecast
2025-05-31 09:00:00,10,252,260,Queens,Woodside,Boro Zone,3.496,2.0,4.0,1.496,-0.504,-12.6,104,0.0084,106,Latest chronological test-window forecast
2025-05-31 09:00:00,10,253,261,Manhattan,World Trade Center,Yellow Zone,21.431,18.0,24.0,3.431,-2.569,-10.7,49,0.0515,49,Latest chronological test-window forecast
2025-05-31 09:00:00,10,254,262,Manhattan,Yorkville East,Yellow Zone,125.528,112.0,140.0,13.528,-14.472,-10.34,13,0.3014,14,Latest chronological test-window forecast
2025-05-31 09:00:00,10,255,263,Manhattan,Yorkville West,Yellow Zone,126.428,125.0,141.0,1.428,-14.572,-10.33,12,0.3036,12,Latest chronological test-window forecast
2025-05-31 10:00:00,11,0,1,EWR,Newark Airport,EWR,0.0,0.0,0.0,0.0,0.0,,180,0.0,180,Latest chronological test-window forecast
2025-05-31 10:00:00,11,1,2,Queens,Jamaica Bay,Boro Zone,0.0,0.0,0.0,0.0,0.0,,181,0.0,181,Latest chronological test-window forecast
2025-05-31 10:00:00,11,2,3,Bronx,Allerton/Pelham Gardens,Boro Zone,1.724,1.0,2.0,0.724,-0.276,-13.8,135,0.004,124,Latest chronological test-window forecast
2025-05-31 10:00:00,11,3,4,Manhattan,Alphabet City,Yellow Zone,17.066,8.0,19.0,9.066,-1.934,-10.18,53,0.0391,53,Latest chronological test-window forecast
2025-05-31 10:00:00,11,4,6,Staten Island,Arrochar/Fort Wadsworth,Boro Zone,0.0,0.0,0.0,0.0,0.0,,182,0.0,182,Latest chronological test-window forecast
2025-05-31 10:00:00,11,5,7,Queens,Astoria,Boro Zone,9.875,7.0,11.0,2.875,-1.125,-10.23,58,0.0226,58,Latest chronological test-window forecast
2025-05-31 10:00:00,11,6,8,Queens,Astoria Park,Boro Zone,0.0,0.0,0.0,0.0,0.0,,183,0.0,183,Latest chronological test-window forecast
2025-05-31 10:00:00,11,7,9,Queens,Auburndale,Boro Zone,0.817,0.0,1.0,0.817,-0.183,-18.3,155,0.0019,150,Latest chronological test-window forecast
2025-05-31 10:00:00,11,8,10,Queens,Baisley Park,Boro Zone,2.626,2.0,3.0,0.626,-0.374,-12.47,118,0.006,105,Latest chronological test-window forecast
2025-05-31 10:00:00,11,9,11,Brooklyn,Bath Beach,Boro Zone,1.731,1.0,2.0,0.731,-0.269,-13.45,125,0.004,125,Latest chronological test-window forecast
2025-05-31 10:00:00,11,10,12,Manhattan,Battery Park,Yellow Zone,0.807,0.0,1.0,0.807,-0.193,-19.3,179,0.0019,151,Latest chronological test-window forecast
2025-05-31 10:00:00,11,11,13,Manhattan,Battery Park City,Yellow Zone,23.388,27.0,26.0,3.612,-2.612,-10.05,43,0.0536,42,Latest chronological test-window forecast
2025-05-31 10:00:00,11,12,14,Brooklyn,Bay Ridge,Boro Zone,3.544,1.0,4.0,2.544,-0.456,-11.4,92,0.0081,91,Latest chronological test-window forecast
2025-05-31 10:00:00,11,13,15,Queens,Bay Terrace/Fort Totten,Boro Zone,0.817,0.0,1.0,0.817,-0.183,-18.3,156,0.0019,152,Latest chronological test-window forecast
2025-05-31 10:00:00,11,14,16,Queens,Bayside,Boro Zone,0.0,0.0,0.0,0.0,0.0,,184,0.0,184,Latest chronological test-window forecast
2025-05-31 10:00:00,11,15,17,Brooklyn,Bedford,Boro Zone,7.157,5.0,8.0,2.157,-0.843,-10.54,62,0.0164,62,Latest chronological test-window forecast
2025-05-31 10:00:00,11,16,18,Bronx,Bedford Park,Boro Zone,1.724,3.0,2.0,1.276,-0.276,-13.8,136,0.004,126,Latest chronological test-window forecast
2025-05-31 10:00:00,11,17,19,Queens,Bellerose,Boro Zone,0.0,1.0,0.0,1.0,0.0,,185,0.0,185,Latest chronological test-window forecast
2025-05-31 10:00:00,11,18,20,Bronx,Belmont,Boro Zone,0.0,1.0,0.0,1.0,0.0,,186,0.0,186,Latest chronological test-window forecast
2025-05-31 10:00:00,11,19,21,Brooklyn,Bensonhurst East,Boro Zone,1.732,0.0,2.0,1.732,-0.268,-13.4,124,0.004,127,Latest chronological test-window forecast
2025-05-31 10:00:00,11,20,22,Brooklyn,Bensonhurst West,Boro Zone,1.73,1.0,2.0,0.73,-0.27,-13.5,127,0.004,128,Latest chronological test-window forecast
2025-05-31 10:00:00,11,21,23,Staten Island,Bloomfield/Emerson Hill,Boro Zone,0.0,0.0,0.0,0.0,0.0,,187,0.0,187,Latest chronological test-window forecast
2025-05-31 10:00:00,11,22,24,Manhattan,Bloomingdale,Yellow Zone,18.876,16.0,21.0,2.876,-2.124,-10.11,50,0.0433,50,Latest chronological test-window forecast
2025-05-31 10:00:00,11,23,25,Brooklyn,Boerum Hill,Boro Zone,7.152,5.0,8.0,2.152,-0.848,-10.6,63,0.0164,63,Latest chronological test-window forecast
2025-05-31 10:00:00,11,24,26,Brooklyn,Borough Park,Boro Zone,2.637,0.0,3.0,2.637,-0.363,-12.1,105,0.006,106,Latest chronological test-window forecast
2025-05-31 10:00:00,11,25,27,Queens,Breezy Point/Fort Tilden/Riis Beach,Boro Zone,0.0,0.0,0.0,0.0,0.0,,188,0.0,188,Latest chronological test-window forecast
2025-05-31 10:00:00,11,26,28,Queens,Briarwood/Jamaica Hills,Boro Zone,3.54,5.0,4.0,1.46,-0.46,-11.5,95,0.0081,92,Latest chronological test-window forecast
2025-05-31 10:00:00,11,27,29,Brooklyn,Brighton Beach,Boro Zone,0.0,1.0,0.0,1.0,0.0,,189,0.0,189,Latest chronological test-window forecast
2025-05-31 10:00:00,11,28,30,Queens,Broad Channel,Boro Zone,0.0,0.0,0.0,0.0,0.0,,190,0.0,190,Latest chronological test-window forecast
2025-05-31 10:00:00,11,29,31,Bronx,Bronx Park,Boro Zone,0.0,0.0,0.0,0.0,0.0,,191,0.0,191,Latest chronological test-window forecast
2025-05-31 10:00:00,11,30,32,Bronx,Bronxdale,Boro Zone,1.725,0.0,2.0,1.725,-0.275,-13.75,132,0.004,129,Latest chronological test-window forecast
2025-05-31 10:00:00,11,31,33,Brooklyn,Brooklyn Heights,Boro Zone,6.231,6.0,7.0,0.231,-0.769,-10.99,74,0.0143,72,Latest chronological test-window forecast
2025-05-31 10:00:00,11,32,34,Brooklyn,Brooklyn Navy Yard,Boro Zone,0.808,0.0,1.0,0.808,-0.192,-19.2,176,0.0019,153,Latest chronological test-window forecast
2025-05-31 10:00:00,11,33,35,Brooklyn,Brownsville,Boro Zone,4.446,6.0,5.0,1.554,-0.554,-11.08,87,0.0102,84,Latest chronological test-window forecast
2025-05-31 10:00:00,11,34,36,Brooklyn,Bushwick North,Boro Zone,0.0,4.0,0.0,4.0,0.0,,192,0.0,192,Latest chronological test-window forecast
2025-05-31 10:00:00,11,35,37,Brooklyn,Bushwick South,Boro Zone,3.529,14.0,4.0,10.471,-0.471,-11.78,99,0.0081,93,Latest chronological test-window forecast
2025-05-31 10:00:00,11,36,38,Queens,Cambria Heights,Boro Zone,0.0,0.0,0.0,0.0,0.0,,193,0.0,193,Latest chronological test-window forecast
2025-05-31 10:00:00,11,37,39,Brooklyn,Canarsie,Boro Zone,6.262,6.0,7.0,0.262,-0.738,-10.54,70,0.0144,68,Latest chronological test-window forecast
2025-05-31 10:00:00,11,38,40,Brooklyn,Carroll Gardens,Boro Zone,0.808,3.0,1.0,2.192,-0.192,-19.2,177,0.0019,154,Latest chronological test-window forecast
2025-05-31 10:00:00,11,39,41,Manhattan,Central Harlem,Boro Zone,21.64,40.0,24.0,18.36,-2.36,-9.83,45,0.0496,45,Latest chronological test-window forecast
2025-05-31 10:00:00,11,40,42,Manhattan,Central Harlem North,Boro Zone,18.036,22.0,20.0,3.964,-1.964,-9.82,52,0.0414,52,Latest chronological test-window forecast
2025-05-31 10:00:00,11,41,43,Manhattan,Central Park,Yellow Zone,109.2,100.0,121.0,9.2,-11.8,-9.75,19,0.2504,19,Latest chronological test-window forecast
2025-05-31 10:00:00,11,42,44,Staten Island,Charleston/Tottenville,Boro Zone,0.0,0.0,0.0,0.0,0.0,,194,0.0,194,Latest chronological test-window forecast
2025-05-31 10:00:00,11,43,45,Manhattan,Chinatown,Yellow Zone,7.131,3.0,8.0,4.131,-0.869,-10.86,66,0.0164,64,Latest chronological test-window forecast
2025-05-31 10:00:00,11,44,46,Bronx,City Island,Boro Zone,0.0,0.0,0.0,0.0,0.0,,195,0.0,195,Latest chronological test-window forecast
2025-05-31 10:00:00,11,45,47,Bronx,Claremont/Bathgate,Boro Zone,0.815,0.0,1.0,0.815,-0.185,-18.5,166,0.0019,155,Latest chronological test-window forecast
2025-05-31 10:00:00,11,46,48,Manhattan,Clinton East,Yellow Zone,104.705,120.0,116.0,15.295,-11.295,-9.74,21,0.2401,21,Latest chronological test-window forecast
2025-05-31 10:00:00,11,47,49,Brooklyn,Clinton Hill,Boro Zone,3.527,2.0,4.0,1.527,-0.473,-11.82,100,0.0081,94,Latest chronological test-window forecast
2025-05-31 10:00:00,11,48,50,Manhattan,Clinton West,Yellow Zone,38.743,35.0,43.0,3.743,-4.257,-9.9,38,0.0889,38,Latest chronological test-window forecast
2025-05-31 10:00:00,11,49,51,Bronx,Co-Op City,Boro Zone,3.543,3.0,4.0,0.543,-0.457,-11.42,93,0.0081,95,Latest chronological test-window forecast
2025-05-31 10:00:00,11,50,52,Brooklyn,Cobble Hill,Boro Zone,2.616,3.0,3.0,0.384,-0.384,-12.8,123,0.006,107,Latest chronological test-window forecast
2025-05-31 10:00:00,11,51,53,Queens,College Point,Boro Zone,0.816,0.0,1.0,0.816,-0.184,-18.4,158,0.0019,156,Latest chronological test-window forecast
2025-05-31 10:00:00,11,52,54,Brooklyn,Columbia Street,Boro Zone,0.0,0.0,0.0,0.0,0.0,,196,0.0,196,Latest chronological test-window forecast
2025-05-31 10:00:00,11,53,55,Brooklyn,Coney Island,Boro Zone,3.549,2.0,4.0,1.549,-0.451,-11.28,91,0.0081,96,Latest chronological test-window forecast
2025-05-31 10:00:00,11,54,56,Queens,Corona,Boro Zone,1.723,1.0,2.0,0.723,-0.277,-13.85,139,0.004,130,Latest chronological test-window forecast
2025-05-31 10:00:00,11,55,57,Queens,Corona,Boro Zone,0.0,1.0,0.0,1.0,0.0,,197,0.0,197,Latest chronological test-window forecast
2025-05-31 10:00:00,11,56,58,Bronx,Country Club,Boro Zone,0.0,0.0,0.0,0.0,0.0,,198,0.0,198,Latest chronological test-window forecast
2025-05-31 10:00:00,11,57,59,Bronx,Crotona Park,Boro Zone,0.0,0.0,0.0,0.0,0.0,,199,0.0,199,Latest chronological test-window forecast
2025-05-31 10:00:00,11,58,60,Bronx,Crotona Park East,Boro Zone,0.0,3.0,0.0,3.0,0.0,,200,0.0,200,Latest chronological test-window forecast
2025-05-31 10:00:00,11,59,61,Brooklyn,Crown Heights North,Boro Zone,13.499,20.0,15.0,6.501,-1.501,-10.01,54,0.031,54,Latest chronological test-window forecast
2025-05-31 10:00:00,11,60,62,Brooklyn,Crown Heights South,Boro Zone,1.721,4.0,2.0,2.279,-0.279,-13.95,144,0.0039,143,Latest chronological test-window forecast
2025-05-31 10:00:00,11,61,63,Brooklyn,Cypress Hills,Boro Zone,5.35,2.0,6.0,3.35,-0.65,-10.83,79,0.0123,76,Latest chronological test-window forecast
2025-05-31 10:00:00,11,62,64,Queens,Douglaston,Boro Zone,0.818,0.0,1.0,0.818,-0.182,-18.2,154,0.0019,157,Latest chronological test-window forecast
2025-05-31 10:00:00,11,63,65,Brooklyn,Downtown Brooklyn/MetroTech,Boro Zone,5.327,6.0,6.0,0.673,-0.673,-11.22,83,0.0122,81,Latest chronological test-window forecast
2025-05-31 10:00:00,11,64,66,Brooklyn,DUMBO/Vinegar Hill,Boro Zone,3.516,6.0,4.0,2.484,-0.484,-12.1,103,0.0081,97,Latest chronological test-window forecast
2025-05-31 10:00:00,11,65,67,Brooklyn,Dyker Heights,Boro Zone,0.0,1.0,0.0,1.0,0.0,,201,0.0,201,Latest chronological test-window forecast
2025-05-31 10:00:00,11,66,68,Manhattan,East Chelsea,Yellow Zone,129.973,130.0,144.0,0.027,-14.027,-9.74,14,0.2981,14,Latest chronological test-window forecast
2025-05-31 10:00:00,11,67,69,Bronx,East Concourse/Concourse Village,Boro Zone,4.447,4.0,5.0,0.447,-0.553,-11.06,85,0.0102,85,Latest chronological test-window forecast
2025-05-31 10:00:00,11,68,70,Queens,East Elmhurst,Boro Zone,26.103,30.0,29.0,3.897,-2.897,-9.99,40,0.0599,40,Latest chronological test-window forecast
2025-05-31 10:00:00,11,69,71,Brooklyn,East Flatbush/Farragut,Boro Zone,2.63,5.0,3.0,2.37,-0.37,-12.33,114,0.006,108,Latest chronological test-window forecast
2025-05-31 10:00:00,11,70,72,Brooklyn,East Flatbush/Remsen Village,Boro Zone,5.352,4.0,6.0,1.352,-0.648,-10.8,78,0.0123,77,Latest chronological test-window forecast
2025-05-31 10:00:00,11,71,73,Queens,East Flushing,Boro Zone,0.0,0.0,0.0,0.0,0.0,,202,0.0,202,Latest chronological test-window forecast
2025-05-31 10:00:00,11,72,74,Manhattan,East Harlem North,Boro Zone,18.923,30.0,21.0,11.077,-2.077,-9.89,49,0.0434,49,Latest chronological test-window forecast
2025-05-31 10:00:00,11,73,75,Manhattan,East Harlem South,Boro Zone,51.476,50.0,57.0,1.476,-5.524,-9.69,36,0.1181,36,Latest chronological test-window forecast
2025-05-31 10:00:00,11,74,76,Brooklyn,East New York,Boro Zone,6.259,9.0,7.0,2.741,-0.741,-10.59,71,0.0144,69,Latest chronological test-window forecast
2025-05-31 10:00:00,11,75,77,Brooklyn,East New York/Pennsylvania Avenue,Boro Zone,0.814,5.0,1.0,4.186,-0.186,-18.6,168,0.0019,158,Latest chronological test-window forecast
2025-05-31 10:00:00,11,76,78,Bronx,East Tremont,Boro Zone,0.816,2.0,1.0,1.184,-0.184,-18.4,159,0.0019,159,Latest chronological test-window forecast
2025-05-31 10:00:00,11,77,79,Manhattan,East Village,Yellow Zone,63.129,89.0,70.0,25.871,-6.871,-9.82,31,0.1448,31,Latest chronological test-window forecast
2025-05-31 10:00:00,11,78,80,Brooklyn,East Williamsburg,Boro Zone,0.0,7.0,0.0,7.0,0.0,,203,0.0,203,Latest chronological test-window forecast
2025-05-31 10:00:00,11,79,81,Bronx,Eastchester,Boro Zone,0.0,0.0,0.0,0.0,0.0,,204,0.0,204,Latest chronological test-window forecast
2025-05-31 10:00:00,11,80,82,Queens,Elmhurst,Boro Zone,4.445,3.0,5.0,1.445,-0.555,-11.1,88,0.0102,86,Latest chronological test-window forecast
2025-05-31 10:00:00,11,81,83,Queens,Elmhurst/Maspeth,Boro Zone,0.812,1.0,1.0,0.188,-0.188,-18.8,172,0.0019,160,Latest chronological test-window forecast
2025-05-31 10:00:00,11,82,84,Staten Island,Eltingville/Annadale/Prince's Bay,Boro Zone,0.0,0.0,0.0,0.0,0.0,,205,0.0,205,Latest chronological test-window forecast
2025-05-31 10:00:00,11,83,85,Brooklyn,Erasmus,Boro Zone,2.628,5.0,3.0,2.372,-0.372,-12.4,116,0.006,109,Latest chronological test-window forecast
2025-05-31 10:00:00,11,84,86,Queens,Far Rockaway,Boro Zone,2.631,0.0,3.0,2.631,-0.369,-12.3,113,0.006,110,Latest chronological test-window forecast
2025-05-31 10:00:00,11,85,87,Manhattan,Financial District North,Yellow Zone,25.194,26.0,28.0,0.806,-2.806,-10.02,41,0.0578,41,Latest chronological test-window forecast
2025-05-31 10:00:00,11,86,88,Manhattan,Financial District South,Yellow Zone,9.839,8.0,11.0,1.839,-1.161,-10.55,60,0.0226,59,Latest chronological test-window forecast
2025-05-31 10:00:00,11,87,89,Brooklyn,Flatbush/Ditmas Park,Boro Zone,10.806,7.0,12.0,3.806,-1.194,-9.95,56,0.0248,56,Latest chronological test-window forecast
2025-05-31 10:00:00,11,88,90,Manhattan,Flatiron,Yellow Zone,68.555,71.0,76.0,2.445,-7.445,-9.8,29,0.1572,29,Latest chronological test-window forecast
2025-05-31 10:00:00,11,89,91,Brooklyn,Flatlands,Boro Zone,2.633,4.0,3.0,1.367,-0.367,-12.23,109,0.006,111,Latest chronological test-window forecast
2025-05-31 10:00:00,11,90,92,Queens,Flushing,Boro Zone,0.0,0.0,0.0,0.0,0.0,,206,0.0,206,Latest chronological test-window forecast
2025-05-31 10:00:00,11,91,93,Queens,Flushing Meadows-Corona Park,Boro Zone,1.711,0.0,2.0,1.711,-0.289,-14.45,149,0.0039,144,Latest chronological test-window forecast
2025-05-31 10:00:00,11,92,94,Bronx,Fordham South,Boro Zone,0.814,2.0,1.0,1.186,-0.186,-18.6,169,0.0019,161,Latest chronological test-window forecast
2025-05-31 10:00:00,11,93,95,Queens,Forest Hills,Boro Zone,4.448,0.0,5.0,4.448,-0.552,-11.04,84,0.0102,87,Latest chronological test-window forecast
2025-05-31 10:00:00,11,94,96,Queens,Forest Park/Highland Park,Boro Zone,0.0,0.0,0.0,0.0,0.0,,207,0.0,207,Latest chronological test-window forecast
2025-05-31 10:00:00,11,95,97,Brooklyn,Fort Greene,Boro Zone,6.24,3.0,7.0,3.24,-0.76,-10.86,72,0.0143,73,Latest chronological test-window forecast
2025-05-31 10:00:00,11,96,98,Queens,Fresh Meadows,Boro Zone,0.0,0.0,0.0,0.0,0.0,,208,0.0,208,Latest chronological test-window forecast
2025-05-31 10:00:00,11,97,100,Manhattan,Garment District,Yellow Zone,62.229,57.0,69.0,5.229,-6.771,-9.81,32,0.1427,32,Latest chronological test-window forecast
2025-05-31 10:00:00,11,98,101,Queens,Glen Oaks,Boro Zone,0.0,0.0,0.0,0.0,0.0,,209,0.0,209,Latest chronological test-window forecast
2025-05-31 10:00:00,11,99,102,Queens,Glendale,Boro Zone,0.0,0.0,0.0,0.0,0.0,,210,0.0,210,Latest chronological test-window forecast
2025-05-31 10:00:00,11,100,106,Brooklyn,Gowanus,Boro Zone,1.723,0.0,2.0,1.723,-0.277,-13.85,140,0.004,131,Latest chronological test-window forecast
2025-05-31 10:00:00,11,101,107,Manhattan,Gramercy,Yellow Zone,81.195,110.0,90.0,28.805,-8.805,-9.78,24,0.1862,24,Latest chronological test-window forecast
2025-05-31 10:00:00,11,102,108,Brooklyn,Gravesend,Boro Zone,0.0,1.0,0.0,1.0,0.0,,211,0.0,211,Latest chronological test-window forecast
2025-05-31 10:00:00,11,103,109,Staten Island,Great Kills,Boro Zone,0.0,0.0,0.0,0.0,0.0,,212,0.0,212,Latest chronological test-window forecast
2025-05-31 10:00:00,11,104,111,Brooklyn,Green-Wood Cemetery,Boro Zone,0.0,0.0,0.0,0.0,0.0,,213,0.0,213,Latest chronological test-window forecast
2025-05-31 10:00:00,11,105,112,Brooklyn,Greenpoint,Boro Zone,4.427,9.0,5.0,4.573,-0.573,-11.46,90,0.0102,88,Latest chronological test-window forecast
2025-05-31 10:00:00,11,106,113,Manhattan,Greenwich Village North,Yellow Zone,72.165,62.0,80.0,10.165,-7.835,-9.79,28,0.1655,28,Latest chronological test-window forecast
2025-05-31 10:00:00,11,107,114,Manhattan,Greenwich Village South,Yellow Zone,20.681,30.0,23.0,9.319,-2.319,-10.08,48,0.0474,47,Latest chronological test-window forecast
2025-05-31 10:00:00,11,108,115,Staten Island,Grymes Hill/Clifton,Boro Zone,0.0,0.0,0.0,0.0,0.0,,214,0.0,214,Latest chronological test-window forecast
2025-05-31 10:00:00,11,109,116,Manhattan,Hamilton Heights,Boro Zone,7.145,11.0,8.0,3.855,-0.855,-10.69,64,0.0164,65,Latest chronological test-window forecast
2025-05-31 10:00:00,11,110,117,Queens,Hammels/Arverne,Boro Zone,2.632,2.0,3.0,0.632,-0.368,-12.27,111,0.006,112,Latest chronological test-window forecast
2025-05-31 10:00:00,11,111,118,Staten Island,Heartland Village/Todt Hill,Boro Zone,0.0,0.0,0.0,0.0,0.0,,215,0.0,215,Latest chronological test-window forecast
2025-05-31 10:00:00,11,112,119,Bronx,Highbridge,Boro Zone,0.0,3.0,0.0,3.0,0.0,,216,0.0,216,Latest chronological test-window forecast
2025-05-31 10:00:00,11,113,120,Manhattan,Highbridge Park,Boro Zone,0.0,0.0,0.0,0.0,0.0,,217,0.0,217,Latest chronological test-window forecast
2025-05-31 10:00:00,11,114,121,Queens,Hillcrest/Pomonok,Boro Zone,0.0,0.0,0.0,0.0,0.0,,218,0.0,218,Latest chronological test-window forecast
2025-05-31 10:00:00,11,115,122,Queens,Hollis,Boro Zone,0.0,1.0,0.0,1.0,0.0,,219,0.0,219,Latest chronological test-window forecast
2025-05-31 10:00:00,11,116,123,Brooklyn,Homecrest,Boro Zone,0.822,0.0,1.0,0.822,-0.178,-17.8,150,0.0019,162,Latest chronological test-window forecast
2025-05-31 10:00:00,11,117,124,Queens,Howard Beach,Boro Zone,1.724,0.0,2.0,1.724,-0.276,-13.8,137,0.004,132,Latest chronological test-window forecast
2025-05-31 10:00:00,11,118,125,Manhattan,Hudson Sq,Yellow Zone,20.682,20.0,23.0,0.682,-2.318,-10.08,47,0.0474,48,Latest chronological test-window forecast
2025-05-31 10:00:00,11,119,126,Bronx,Hunts Point,Boro Zone,2.632,2.0,3.0,0.632,-0.368,-12.27,112,0.006,113,Latest chronological test-window forecast
2025-05-31 10:00:00,11,120,127,Manhattan,Inwood,Boro Zone,1.718,2.0,2.0,0.282,-0.282,-14.1,147,0.0039,145,Latest chronological test-window forecast
2025-05-31 10:00:00,11,121,128,Manhattan,Inwood Hill Park,Boro Zone,0.0,0.0,0.0,0.0,0.0,,220,0.0,220,Latest chronological test-window forecast
2025-05-31 10:00:00,11,122,129,Queens,Jackson Heights,Boro Zone,3.534,8.0,4.0,4.466,-0.466,-11.65,97,0.0081,98,Latest chronological test-window forecast
2025-05-31 10:00:00,11,123,130,Queens,Jamaica,Boro Zone,6.265,4.0,7.0,2.265,-0.735,-10.5,69,0.0144,70,Latest chronological test-window forecast
2025-05-31 10:00:00,11,124,131,Queens,Jamaica Estates,Boro Zone,0.0,2.0,0.0,2.0,0.0,,221,0.0,221,Latest chronological test-window forecast
2025-05-31 10:00:00,11,125,132,Queens,JFK Airport,Airports,97.577,125.0,108.0,27.423,-10.423,-9.65,22,0.2238,22,Latest chronological test-window forecast
2025-05-31 10:00:00,11,126,133,Brooklyn,Kensington,Boro Zone,2.635,1.0,3.0,1.635,-0.365,-12.17,107,0.006,114,Latest chronological test-window forecast
2025-05-31 10:00:00,11,127,134,Queens,Kew Gardens,Boro Zone,1.723,5.0,2.0,3.277,-0.277,-13.85,141,0.004,133,Latest chronological test-window forecast
2025-05-31 10:00:00,11,128,135,Queens,Kew Gardens Hills,Boro Zone,0.0,1.0,0.0,1.0,0.0,,222,0.0,222,Latest chronological test-window forecast
2025-05-31 10:00:00,11,129,136,Bronx,Kingsbridge Heights,Boro Zone,1.722,0.0,2.0,1.722,-0.278,-13.9,143,0.0039,146,Latest chronological test-window forecast
2025-05-31 10:00:00,11,130,137,Manhattan,Kips Bay,Yellow Zone,64.947,57.0,72.0,7.947,-7.053,-9.8,30,0.149,30,Latest chronological test-window forecast
2025-05-31 10:00:00,11,131,138,Queens,LaGuardia Airport,Airports,206.802,141.0,229.0,65.802,-22.198,-9.69,3,0.4743,3,Latest chronological test-window forecast
2025-05-31 10:00:00,11,132,139,Queens,Laurelton,Boro Zone,0.0,0.0,0.0,0.0,0.0,,223,0.0,223,Latest chronological test-window forecast
2025-05-31 10:00:00,11,133,140,Manhattan,Lenox Hill East,Yellow Zone,153.582,102.0,170.0,51.582,-16.418,-9.66,9,0.3522,9,Latest chronological test-window forecast
2025-05-31 10:00:00,11,134,141,Manhattan,Lenox Hill West,Yellow Zone,132.684,170.0,147.0,37.316,-14.316,-9.74,13,0.3043,13,Latest chronological test-window forecast
2025-05-31 10:00:00,11,135,142,Manhattan,Lincoln Square East,Yellow Zone,171.535,152.0,190.0,19.535,-18.465,-9.72,6,0.3934,6,Latest chronological test-window forecast
2025-05-31 10:00:00,11,136,143,Manhattan,Lincoln Square West,Yellow Zone,80.292,86.0,89.0,5.708,-8.708,-9.78,25,0.1841,25,Latest chronological test-window forecast
2025-05-31 10:00:00,11,137,144,Manhattan,Little Italy/NoLiTa,Yellow Zone,21.583,29.0,24.0,7.417,-2.417,-10.07,46,0.0495,46,Latest chronological test-window forecast
2025-05-31 10:00:00,11,138,145,Queens,Long Island City/Hunters Point,Boro Zone,3.525,7.0,4.0,3.475,-0.475,-11.88,101,0.0081,99,Latest chronological test-window forecast
2025-05-31 10:00:00,11,139,146,Queens,Long Island City/Queens Plaza,Boro Zone,3.52,4.0,4.0,0.48,-0.48,-12.0,102,0.0081,100,Latest chronological test-window forecast
2025-05-31 10:00:00,11,140,147,Bronx,Longwood,Boro Zone,1.724,1.0,2.0,0.724,-0.276,-13.8,138,0.004,134,Latest chronological test-window forecast
2025-05-31 10:00:00,11,141,148,Manhattan,Lower East Side,Yellow Zone,18.871,33.0,21.0,14.129,-2.129,-10.14,51,0.0433,51,Latest chronological test-window forecast
2025-05-31 10:00:00,11,142,149,Brooklyn,Madison,Boro Zone,1.731,0.0,2.0,1.731,-0.269,-13.45,126,0.004,135,Latest chronological test-window forecast
2025-05-31 10:00:00,11,143,150,Brooklyn,Manhattan Beach,Boro Zone,0.821,0.0,1.0,0.821,-0.179,-17.9,151,0.0019,163,Latest chronological test-window forecast
2025-05-31 10:00:00,11,144,151,Manhattan,Manhattan Valley,Yellow Zone,56.817,56.0,63.0,0.817,-6.183,-9.81,34,0.1303,34,Latest chronological test-window forecast
2025-05-31 10:00:00,11,145,152,Manhattan,Manhattanville,Boro Zone,5.33,6.0,6.0,0.67,-0.67,-11.17,82,0.0122,82,Latest chronological test-window forecast
2025-05-31 10:00:00,11,146,153,Manhattan,Marble Hill,Boro Zone,0.0,0.0,0.0,0.0,0.0,,224,0.0,224,Latest chronological test-window forecast
2025-05-31 10:00:00,11,147,154,Brooklyn,Marine Park/Floyd Bennett Field,Boro Zone,0.0,0.0,0.0,0.0,0.0,,225,0.0,225,Latest chronological test-window forecast
2025-05-31 10:00:00,11,148,155,Brooklyn,Marine Park/Mill Basin,Boro Zone,2.634,1.0,3.0,1.634,-0.366,-12.2,108,0.006,115,Latest chronological test-window forecast
2025-05-31 10:00:00,11,149,156,Staten Island,Mariners Harbor,Boro Zone,0.0,0.0,0.0,0.0,0.0,,226,0.0,226,Latest chronological test-window forecast
2025-05-31 10:00:00,11,150,157,Queens,Maspeth,Boro Zone,0.0,3.0,0.0,3.0,0.0,,227,0.0,227,Latest chronological test-window forecast
2025-05-31 10:00:00,11,151,158,Manhattan,Meatpacking/West Village West,Yellow Zone,23.391,21.0,26.0,2.391,-2.609,-10.03,42,0.0536,43,Latest chronological test-window forecast
2025-05-31 10:00:00,11,152,159,Bronx,Melrose South,Boro Zone,4.447,3.0,5.0,1.447,-0.553,-11.06,86,0.0102,89,Latest chronological test-window forecast
2025-05-31 10:00:00,11,153,160,Queens,Middle Village,Boro Zone,0.814,2.0,1.0,1.186,-0.186,-18.6,170,0.0019,164,Latest chronological test-window forecast
2025-05-31 10:00:00,11,154,161,Manhattan,Midtown Center,Yellow Zone,185.977,164.0,206.0,21.977,-20.023,-9.72,5,0.4265,5,Latest chronological test-window forecast
2025-05-31 10:00:00,11,155,162,Manhattan,Midtown East,Yellow Zone,195.008,151.0,216.0,44.008,-20.992,-9.72,4,0.4472,4,Latest chronological test-window forecast
2025-05-31 10:00:00,11,156,163,Manhattan,Midtown North,Yellow Zone,118.234,128.0,131.0,9.766,-12.766,-9.75,17,0.2712,16,Latest chronological test-window forecast
2025-05-31 10:00:00,11,157,164,Manhattan,Midtown South,Yellow Zone,107.39,101.0,119.0,6.39,-11.61,-9.76,20,0.2463,20,Latest chronological test-window forecast
2025-05-31 10:00:00,11,158,165,Brooklyn,Midwood,Boro Zone,1.73,2.0,2.0,0.27,-0.27,-13.5,128,0.004,136,Latest chronological test-window forecast
2025-05-31 10:00:00,11,159,166,Manhattan,Morningside Heights,Boro Zone,41.493,29.0,46.0,12.493,-4.507,-9.8,37,0.0952,37,Latest chronological test-window forecast
2025-05-31 10:00:00,11,160,167,Bronx,Morrisania/Melrose,Boro Zone,3.539,3.0,4.0,0.539,-0.461,-11.52,96,0.0081,101,Latest chronological test-window forecast
2025-05-31 10:00:00,11,161,168,Bronx,Mott Haven/Port Morris,Boro Zone,5.355,6.0,6.0,0.645,-0.645,-10.75,77,0.0123,78,Latest chronological test-window forecast
2025-05-31 10:00:00,11,162,169,Bronx,Mount Hope,Boro Zone,0.0,3.0,0.0,3.0,0.0,,228,0.0,228,Latest chronological test-window forecast
2025-05-31 10:00:00,11,163,170,Manhattan,Murray Hill,Yellow Zone,145.327,142.0,161.0,3.327,-15.673,-9.73,10,0.3333,10,Latest chronological test-window forecast
2025-05-31 10:00:00,11,164,171,Queens,Murray Hill-Queens,Boro Zone,0.816,0.0,1.0,0.816,-0.184,-18.4,160,0.0019,165,Latest chronological test-window forecast
2025-05-31 10:00:00,11,165,172,Staten Island,New Dorp/Midland Beach,Boro Zone,0.0,0.0,0.0,0.0,0.0,,229,0.0,229,Latest chronological test-window forecast
2025-05-31 10:00:00,11,166,173,Queens,North Corona,Boro Zone,1.721,3.0,2.0,1.279,-0.279,-13.95,145,0.0039,147,Latest chronological test-window forecast
2025-05-31 10:00:00,11,167,174,Bronx,Norwood,Boro Zone,1.725,0.0,2.0,1.725,-0.275,-13.75,133,0.004,137,Latest chronological test-window forecast
2025-05-31 10:00:00,11,168,175,Queens,Oakland Gardens,Boro Zone,0.0,2.0,0.0,2.0,0.0,,230,0.0,230,Latest chronological test-window forecast
2025-05-31 10:00:00,11,169,176,Staten Island,Oakwood,Boro Zone,0.0,0.0,0.0,0.0,0.0,,231,0.0,231,Latest chronological test-window forecast
2025-05-31 10:00:00,11,170,177,Brooklyn,Ocean Hill,Boro Zone,1.72,6.0,2.0,4.28,-0.28,-14.0,146,0.0039,148,Latest chronological test-window forecast
2025-05-31 10:00:00,11,171,178,Brooklyn,Ocean Parkway South,Boro Zone,0.82,0.0,1.0,0.82,-0.18,-18.0,152,0.0019,166,Latest chronological test-window forecast
2025-05-31 10:00:00,11,172,179,Queens,Old Astoria,Boro Zone,6.238,8.0,7.0,1.762,-0.762,-10.89,73,0.0143,74,Latest chronological test-window forecast
2025-05-31 10:00:00,11,173,180,Queens,Ozone Park,Boro Zone,0.816,1.0,1.0,0.184,-0.184,-18.4,161,0.0019,167,Latest chronological test-window forecast
2025-05-31 10:00:00,11,174,181,Brooklyn,Park Slope,Boro Zone,4.435,11.0,5.0,6.565,-0.565,-11.3,89,0.0102,90,Latest chronological test-window forecast
2025-05-31 10:00:00,11,175,182,Bronx,Parkchester,Boro Zone,0.813,1.0,1.0,0.187,-0.187,-18.7,171,0.0019,168,Latest chronological test-window forecast
2025-05-31 10:00:00,11,176,183,Bronx,Pelham Bay,Boro Zone,0.0,1.0,0.0,1.0,0.0,,232,0.0,232,Latest chronological test-window forecast
2025-05-31 10:00:00,11,177,184,Bronx,Pelham Bay Park,Boro Zone,0.0,0.0,0.0,0.0,0.0,,233,0.0,233,Latest chronological test-window forecast
2025-05-31 10:00:00,11,178,185,Bronx,Pelham Parkway,Boro Zone,0.0,2.0,0.0,2.0,0.0,,234,0.0,234,Latest chronological test-window forecast
2025-05-31 10:00:00,11,179,186,Manhattan,Penn Station/Madison Sq West,Yellow Zone,140.833,145.0,156.0,4.167,-15.167,-9.72,11,0.323,11,Latest chronological test-window forecast
2025-05-31 10:00:00,11,180,187,Staten Island,Port Richmond,Boro Zone,0.0,0.0,0.0,0.0,0.0,,235,0.0,235,Latest chronological test-window forecast
2025-05-31 10:00:00,11,181,188,Brooklyn,Prospect-Lefferts Gardens,Boro Zone,2.628,9.0,3.0,6.372,-0.372,-12.4,117,0.006,116,Latest chronological test-window forecast
2025-05-31 10:00:00,11,182,189,Brooklyn,Prospect Heights,Boro Zone,0.812,1.0,1.0,0.188,-0.188,-18.8,173,0.0019,169,Latest chronological test-window forecast
2025-05-31 10:00:00,11,183,190,Brooklyn,Prospect Park,Boro Zone,0.0,1.0,0.0,1.0,0.0,,236,0.0,236,Latest chronological test-window forecast
2025-05-31 10:00:00,11,184,191,Queens,Queens Village,Boro Zone,1.727,2.0,2.0,0.273,-0.273,-13.65,129,0.004,138,Latest chronological test-window forecast
2025-05-31 10:00:00,11,185,192,Queens,Queensboro Hill,Boro Zone,0.0,0.0,0.0,0.0,0.0,,237,0.0,237,Latest chronological test-window forecast
2025-05-31 10:00:00,11,186,193,Queens,Queensbridge/Ravenswood,Boro Zone,2.618,5.0,3.0,2.382,-0.382,-12.73,121,0.006,117,Latest chronological test-window forecast
2025-05-31 10:00:00,11,187,194,Manhattan,Randalls Island,Yellow Zone,0.0,0.0,0.0,0.0,0.0,,238,0.0,238,Latest chronological test-window forecast
2025-05-31 10:00:00,11,188,195,Brooklyn,Red Hook,Boro Zone,0.0,3.0,0.0,3.0,0.0,,239,0.0,239,Latest chronological test-window forecast
2025-05-31 10:00:00,11,189,196,Queens,Rego Park,Boro Zone,0.0,0.0,0.0,0.0,0.0,,240,0.0,240,Latest chronological test-window forecast
2025-05-31 10:00:00,11,190,197,Queens,Richmond Hill,Boro Zone,5.357,2.0,6.0,3.357,-0.643,-10.72,76,0.0123,79,Latest chronological test-window forecast
2025-05-31 10:00:00,11,191,198,Queens,Ridgewood,Boro Zone,0.0,8.0,0.0,8.0,0.0,,241,0.0,241,Latest chronological test-window forecast
2025-05-31 10:00:00,11,192,200,Bronx,Riverdale/North Riverdale/Fieldston,Boro Zone,0.808,0.0,1.0,0.808,-0.192,-19.2,178,0.0019,170,Latest chronological test-window forecast
2025-05-31 10:00:00,11,193,201,Queens,Rockaway Park,Boro Zone,0.0,0.0,0.0,0.0,0.0,,242,0.0,242,Latest chronological test-window forecast
2025-05-31 10:00:00,11,194,202,Manhattan,Roosevelt Island,Boro Zone,0.0,0.0,0.0,0.0,0.0,,243,0.0,243,Latest chronological test-window forecast
2025-05-31 10:00:00,11,195,203,Queens,Rosedale,Boro Zone,0.0,0.0,0.0,0.0,0.0,,244,0.0,244,Latest chronological test-window forecast
2025-05-31 10:00:00,11,196,204,Staten Island,Rossville/Woodrow,Boro Zone,0.0,0.0,0.0,0.0,0.0,,245,0.0,245,Latest chronological test-window forecast
2025-05-31 10:00:00,11,197,205,Queens,Saint Albans,Boro Zone,3.542,1.0,4.0,2.542,-0.458,-11.45,94,0.0081,102,Latest chronological test-window forecast
2025-05-31 10:00:00,11,198,206,Staten Island,Saint George/New Brighton,Boro Zone,0.0,0.0,0.0,0.0,0.0,,246,0.0,246,Latest chronological test-window forecast
2025-05-31 10:00:00,11,199,207,Queens,Saint Michaels Cemetery/Woodside,Boro Zone,0.0,0.0,0.0,0.0,0.0,,247,0.0,247,Latest chronological test-window forecast
2025-05-31 10:00:00,11,200,208,Bronx,Schuylerville/Edgewater Park,Boro Zone,0.816,1.0,1.0,0.184,-0.184,-18.4,162,0.0019,171,Latest chronological test-window forecast
2025-05-31 10:00:00,11,201,209,Manhattan,Seaport,Yellow Zone,7.129,16.0,8.0,8.871,-0.871,-10.89,67,0.0164,66,Latest chronological test-window forecast
2025-05-31 10:00:00,11,202,210,Brooklyn,Sheepshead Bay,Boro Zone,2.641,3.0,3.0,0.359,-0.359,-11.97,104,0.0061,104,Latest chronological test-window forecast
2025-05-31 10:00:00,11,203,211,Manhattan,SoHo,Yellow Zone,28.809,24.0,32.0,4.809,-3.191,-9.97,39,0.0661,39,Latest chronological test-window forecast
2025-05-31 10:00:00,11,204,212,Bronx,Soundview/Bruckner,Boro Zone,0.816,1.0,1.0,0.184,-0.184,-18.4,163,0.0019,172,Latest chronological test-window forecast
2025-05-31 10:00:00,11,205,213,Bronx,Soundview/Castle Hill,Boro Zone,0.817,2.0,1.0,1.183,-0.183,-18.3,157,0.0019,173,Latest chronological test-window forecast
2025-05-31 10:00:00,11,206,214,Staten Island,South Beach/Dongan Hills,Boro Zone,0.0,0.0,0.0,0.0,0.0,,248,0.0,248,Latest chronological test-window forecast
2025-05-31 10:00:00,11,207,215,Queens,South Jamaica,Boro Zone,2.637,5.0,3.0,2.363,-0.363,-12.1,106,0.006,118,Latest chronological test-window forecast
2025-05-31 10:00:00,11,208,216,Queens,South Ozone Park,Boro Zone,8.081,6.0,9.0,2.081,-0.919,-10.21,61,0.0185,61,Latest chronological test-window forecast
2025-05-31 10:00:00,11,209,217,Brooklyn,South Williamsburg,Boro Zone,1.718,1.0,2.0,0.718,-0.282,-14.1,148,0.0039,149,Latest chronological test-window forecast
2025-05-31 10:00:00,11,210,218,Queens,Springfield Gardens North,Boro Zone,0.0,0.0,0.0,0.0,0.0,,249,0.0,249,Latest chronological test-window forecast
2025-05-31 10:00:00,11,211,219,Queens,Springfield Gardens South,Boro Zone,0.0,0.0,0.0,0.0,0.0,,250,0.0,250,Latest chronological test-window forecast
2025-05-31 10:00:00,11,212,220,Bronx,Spuyten Duyvil/Kingsbridge,Boro Zone,0.812,1.0,1.0,0.188,-0.188,-18.8,174,0.0019,174,Latest chronological test-window forecast
2025-05-31 10:00:00,11,213,221,Staten Island,Stapleton,Boro Zone,0.0,0.0,0.0,0.0,0.0,,251,0.0,251,Latest chronological test-window forecast
2025-05-31 10:00:00,11,214,222,Brooklyn,Starrett City,Boro Zone,1.723,2.0,2.0,0.277,-0.277,-13.85,142,0.004,139,Latest chronological test-window forecast
2025-05-31 10:00:00,11,215,223,Queens,Steinway,Boro Zone,2.62,2.0,3.0,0.62,-0.38,-12.67,120,0.006,119,Latest chronological test-window forecast
2025-05-31 10:00:00,11,216,224,Manhattan,Stuy Town/Peter Cooper Village,Yellow Zone,6.227,22.0,7.0,15.773,-0.773,-11.04,75,0.0143,75,Latest chronological test-window forecast
2025-05-31 10:00:00,11,217,225,Brooklyn,Stuyvesant Heights,Boro Zone,5.342,8.0,6.0,2.658,-0.658,-10.97,80,0.0123,80,Latest chronological test-window forecast
2025-05-31 10:00:00,11,218,226,Queens,Sunnyside,Boro Zone,9.872,5.0,11.0,4.872,-1.128,-10.25,59,0.0226,60,Latest chronological test-window forecast
2025-05-31 10:00:00,11,219,227,Brooklyn,Sunset Park East,Boro Zone,0.82,1.0,1.0,0.18,-0.18,-18.0,153,0.0019,175,Latest chronological test-window forecast
2025-05-31 10:00:00,11,220,228,Brooklyn,Sunset Park West,Boro Zone,6.268,2.0,7.0,4.268,-0.732,-10.46,68,0.0144,71,Latest chronological test-window forecast
2025-05-31 10:00:00,11,221,229,Manhattan,Sutton Place/Turtle Bay North,Yellow Zone,93.841,122.0,104.0,28.159,-10.159,-9.77,23,0.2152,23,Latest chronological test-window forecast
2025-05-31 10:00:00,11,222,230,Manhattan,Times Sq/Theatre District,Yellow Zone,140.815,153.0,156.0,12.185,-15.185,-9.73,12,0.323,12,Latest chronological test-window forecast
2025-05-31 10:00:00,11,223,231,Manhattan,TriBeCa/Civic Center,Yellow Zone,56.806,55.0,63.0,1.806,-6.194,-9.83,35,0.1303,35,Latest chronological test-window forecast
2025-05-31 10:00:00,11,224,232,Manhattan,Two Bridges/Seward Park,Yellow Zone,10.742,16.0,12.0,5.258,-1.258,-10.48,57,0.0246,57,Latest chronological test-window forecast
2025-05-31 10:00:00,11,225,233,Manhattan,UN/Turtle Bay South,Yellow Zone,74.872,84.0,83.0,9.128,-8.128,-9.79,26,0.1717,26,Latest chronological test-window forecast
2025-05-31 10:00:00,11,226,234,Manhattan,Union Sq,Yellow Zone,118.244,104.0,131.0,14.244,-12.756,-9.74,16,0.2712,17,Latest chronological test-window forecast
2025-05-31 10:00:00,11,227,235,Bronx,University Heights/Morris Heights,Boro Zone,0.816,5.0,1.0,4.184,-0.184,-18.4,164,0.0019,176,Latest chronological test-window forecast
2025-05-31 10:00:00,11,228,236,Manhattan,Upper East Side North,Yellow Zone,288.06,251.0,319.0,37.06,-30.94,-9.7,2,0.6607,2,Latest chronological test-window forecast
2025-05-31 10:00:00,11,229,237,Manhattan,Upper East Side South,Yellow Zone,305.211,217.0,338.0,88.211,-32.789,-9.7,1,0.7,1,Latest chronological test-window forecast
2025-05-31 10:00:00,11,230,238,Manhattan,Upper West Side North,Yellow Zone,157.098,136.0,174.0,21.098,-16.902,-9.71,8,0.3603,8,Latest chronological test-window forecast
2025-05-31 10:00:00,11,231,239,Manhattan,Upper West Side South,Yellow Zone,157.999,179.0,175.0,21.001,-17.001,-9.71,7,0.3624,7,Latest chronological test-window forecast
2025-05-31 10:00:00,11,232,240,Bronx,Van Cortlandt Park,Boro Zone,0.812,0.0,1.0,0.812,-0.188,-18.8,175,0.0019,177,Latest chronological test-window forecast
2025-05-31 10:00:00,11,233,241,Bronx,Van Cortlandt Village,Boro Zone,3.534,0.0,4.0,3.534,-0.466,-11.65,98,0.0081,103,Latest chronological test-window forecast
2025-05-31 10:00:00,11,234,242,Bronx,Van Nest/Morris Park,Boro Zone,2.633,1.0,3.0,1.633,-0.367,-12.23,110,0.006,120,Latest chronological test-window forecast
2025-05-31 10:00:00,11,235,243,Manhattan,Washington Heights North,Boro Zone,2.623,5.0,3.0,2.377,-0.377,-12.57,119,0.006,121,Latest chronological test-window forecast
2025-05-31 10:00:00,11,236,244,Manhattan,Washington Heights South,Boro Zone,12.592,9.0,14.0,3.592,-1.408,-10.06,55,0.0289,55,Latest chronological test-window forecast
2025-05-31 10:00:00,11,237,245,Staten Island,West Brighton,Boro Zone,0.0,0.0,0.0,0.0,0.0,,252,0.0,252,Latest chronological test-window forecast
2025-05-31 10:00:00,11,238,246,Manhattan,West Chelsea/Hudson Yards,Yellow Zone,60.434,61.0,67.0,0.566,-6.566,-9.8,33,0.1386,33,Latest chronological test-window forecast
2025-05-31 10:00:00,11,239,247,Bronx,West Concourse,Boro Zone,2.63,2.0,3.0,0.63,-0.37,-12.33,115,0.006,122,Latest chronological test-window forecast
2025-05-31 10:00:00,11,240,248,Bronx,West Farms/Bronx River,Boro Zone,0.815,2.0,1.0,1.185,-0.185,-18.5,167,0.0019,178,Latest chronological test-window forecast
2025-05-31 10:00:00,11,241,249,Manhattan,West Village,Yellow Zone,73.083,70.0,81.0,3.083,-7.917,-9.77,27,0.1676,27,Latest chronological test-window forecast
2025-05-31 10:00:00,11,242,250,Bronx,Westchester Village/Unionport,Boro Zone,1.727,2.0,2.0,0.273,-0.273,-13.65,130,0.004,140,Latest chronological test-window forecast
2025-05-31 10:00:00,11,243,251,Staten Island,Westerleigh,Boro Zone,0.0,0.0,0.0,0.0,0.0,,253,0.0,253,Latest chronological test-window forecast
2025-05-31 10:00:00,11,244,252,Queens,Whitestone,Boro Zone,0.0,0.0,0.0,0.0,0.0,,254,0.0,254,Latest chronological test-window forecast
2025-05-31 10:00:00,11,245,253,Queens,Willets Point,Boro Zone,0.0,0.0,0.0,0.0,0.0,,255,0.0,255,Latest chronological test-window forecast
2025-05-31 10:00:00,11,246,254,Bronx,Williamsbridge/Olinville,Boro Zone,1.725,5.0,2.0,3.275,-0.275,-13.75,134,0.004,141,Latest chronological test-window forecast
2025-05-31 10:00:00,11,247,255,Brooklyn,Williamsburg (North Side),Boro Zone,2.618,0.0,3.0,2.618,-0.382,-12.73,122,0.006,123,Latest chronological test-window forecast
2025-05-31 10:00:00,11,248,256,Brooklyn,Williamsburg (South Side),Boro Zone,7.139,9.0,8.0,1.861,-0.861,-10.76,65,0.0164,67,Latest chronological test-window forecast
2025-05-31 10:00:00,11,249,257,Brooklyn,Windsor Terrace,Boro Zone,0.0,1.0,0.0,1.0,0.0,,256,0.0,256,Latest chronological test-window forecast
2025-05-31 10:00:00,11,250,258,Queens,Woodhaven,Boro Zone,0.816,4.0,1.0,3.184,-0.184,-18.4,165,0.0019,179,Latest chronological test-window forecast
2025-05-31 10:00:00,11,251,259,Bronx,Woodlawn/Wakefield,Boro Zone,1.727,0.0,2.0,1.727,-0.273,-13.65,131,0.004,142,Latest chronological test-window forecast
2025-05-31 10:00:00,11,252,260,Queens,Woodside,Boro Zone,5.34,2.0,6.0,3.34,-0.66,-11.0,81,0.0122,83,Latest chronological test-window forecast
2025-05-31 10:00:00,11,253,261,Manhattan,World Trade Center,Yellow Zone,23.387,20.0,26.0,3.387,-2.613,-10.05,44,0.0536,44,Latest chronological test-window forecast
2025-05-31 10:00:00,11,254,262,Manhattan,Yorkville East,Yellow Zone,122.746,118.0,136.0,4.746,-13.254,-9.75,15,0.2815,15,Latest chronological test-window forecast
2025-05-31 10:00:00,11,255,263,Manhattan,Yorkville West,Yellow Zone,114.651,142.0,127.0,27.349,-12.349,-9.72,18,0.263,18,Latest chronological test-window forecast
2025-05-31 11:00:00,12,0,1,EWR,Newark Airport,EWR,0.0,0.0,0.0,0.0,0.0,,191,0.0,191,Latest chronological test-window forecast
2025-05-31 11:00:00,12,1,2,Queens,Jamaica Bay,Boro Zone,0.0,0.0,0.0,0.0,0.0,,192,0.0,192,Latest chronological test-window forecast
2025-05-31 11:00:00,12,2,3,Bronx,Allerton/Pelham Gardens,Boro Zone,0.0,1.0,0.0,1.0,0.0,,193,0.0,193,Latest chronological test-window forecast
2025-05-31 11:00:00,12,3,4,Manhattan,Alphabet City,Yellow Zone,13.491,7.0,15.0,6.491,-1.509,-10.06,54,0.0306,53,Latest chronological test-window forecast
2025-05-31 11:00:00,12,4,6,Staten Island,Arrochar/Fort Wadsworth,Boro Zone,0.0,0.0,0.0,0.0,0.0,,194,0.0,194,Latest chronological test-window forecast
2025-05-31 11:00:00,12,5,7,Queens,Astoria,Boro Zone,9.886,15.0,11.0,5.114,-1.114,-10.13,60,0.0224,60,Latest chronological test-window forecast
2025-05-31 11:00:00,12,6,8,Queens,Astoria Park,Boro Zone,0.0,0.0,0.0,0.0,0.0,,195,0.0,195,Latest chronological test-window forecast
2025-05-31 11:00:00,12,7,9,Queens,Auburndale,Boro Zone,0.818,2.0,1.0,1.182,-0.182,-18.2,160,0.0019,149,Latest chronological test-window forecast
2025-05-31 11:00:00,12,8,10,Queens,Baisley Park,Boro Zone,0.815,4.0,1.0,3.185,-0.185,-18.5,179,0.0018,179,Latest chronological test-window forecast
2025-05-31 11:00:00,12,9,11,Brooklyn,Bath Beach,Boro Zone,0.821,1.0,1.0,0.179,-0.179,-17.9,150,0.0019,150,Latest chronological test-window forecast
2025-05-31 11:00:00,12,10,12,Manhattan,Battery Park,Yellow Zone,2.622,0.0,3.0,2.622,-0.378,-12.6,115,0.0059,113,Latest chronological test-window forecast
2025-05-31 11:00:00,12,11,13,Manhattan,Battery Park City,Yellow Zone,27.968,41.0,31.0,13.032,-3.032,-9.78,43,0.0634,43,Latest chronological test-window forecast
2025-05-31 11:00:00,12,12,14,Brooklyn,Bay Ridge,Boro Zone,3.546,2.0,4.0,1.546,-0.454,-11.35,88,0.008,87,Latest chronological test-window forecast
2025-05-31 11:00:00,12,13,15,Queens,Bay Terrace/Fort Totten,Boro Zone,1.727,0.0,2.0,1.727,-0.273,-13.65,123,0.0039,117,Latest chronological test-window forecast
2025-05-31 11:00:00,12,14,16,Queens,Bayside,Boro Zone,0.0,0.0,0.0,0.0,0.0,,196,0.0,196,Latest chronological test-window forecast
2025-05-31 11:00:00,12,15,17,Brooklyn,Bedford,Boro Zone,2.629,6.0,3.0,3.371,-0.371,-12.37,109,0.006,100,Latest chronological test-window forecast
2025-05-31 11:00:00,12,16,18,Bronx,Bedford Park,Boro Zone,1.725,1.0,2.0,0.725,-0.275,-13.75,134,0.0039,118,Latest chronological test-window forecast
2025-05-31 11:00:00,12,17,19,Queens,Bellerose,Boro Zone,0.82,0.0,1.0,0.82,-0.18,-18.0,153,0.0019,151,Latest chronological test-window forecast
2025-05-31 11:00:00,12,18,20,Bronx,Belmont,Boro Zone,0.0,1.0,0.0,1.0,0.0,,197,0.0,197,Latest chronological test-window forecast
2025-05-31 11:00:00,12,19,21,Brooklyn,Bensonhurst East,Boro Zone,0.822,3.0,1.0,2.178,-0.178,-17.8,149,0.0019,152,Latest chronological test-window forecast
2025-05-31 11:00:00,12,20,22,Brooklyn,Bensonhurst West,Boro Zone,1.732,3.0,2.0,1.268,-0.268,-13.4,117,0.0039,119,Latest chronological test-window forecast
2025-05-31 11:00:00,12,21,23,Staten Island,Bloomfield/Emerson Hill,Boro Zone,0.0,0.0,0.0,0.0,0.0,,198,0.0,198,Latest chronological test-window forecast
2025-05-31 11:00:00,12,22,24,Manhattan,Bloomingdale,Yellow Zone,9.863,25.0,11.0,15.137,-1.137,-10.34,61,0.0224,61,Latest chronological test-window forecast
2025-05-31 11:00:00,12,23,25,Brooklyn,Boerum Hill,Boro Zone,1.72,5.0,2.0,3.28,-0.28,-14.0,145,0.0039,120,Latest chronological test-window forecast
2025-05-31 11:00:00,12,24,26,Brooklyn,Borough Park,Boro Zone,4.458,0.0,5.0,4.458,-0.542,-10.84,80,0.0101,80,Latest chronological test-window forecast
2025-05-31 11:00:00,12,25,27,Queens,Breezy Point/Fort Tilden/Riis Beach,Boro Zone,0.0,0.0,0.0,0.0,0.0,,199,0.0,199,Latest chronological test-window forecast
2025-05-31 11:00:00,12,26,28,Queens,Briarwood/Jamaica Hills,Boro Zone,0.817,1.0,1.0,0.183,-0.183,-18.3,165,0.0019,153,Latest chronological test-window forecast
2025-05-31 11:00:00,12,27,29,Brooklyn,Brighton Beach,Boro Zone,0.0,0.0,0.0,0.0,0.0,,200,0.0,200,Latest chronological test-window forecast
2025-05-31 11:00:00,12,28,30,Queens,Broad Channel,Boro Zone,0.0,0.0,0.0,0.0,0.0,,201,0.0,201,Latest chronological test-window forecast
2025-05-31 11:00:00,12,29,31,Bronx,Bronx Park,Boro Zone,0.814,0.0,1.0,0.814,-0.186,-18.6,181,0.0018,180,Latest chronological test-window forecast
2025-05-31 11:00:00,12,30,32,Bronx,Bronxdale,Boro Zone,0.818,2.0,1.0,1.182,-0.182,-18.2,161,0.0019,154,Latest chronological test-window forecast
2025-05-31 11:00:00,12,31,33,Brooklyn,Brooklyn Heights,Boro Zone,3.527,5.0,4.0,1.473,-0.473,-11.82,99,0.008,88,Latest chronological test-window forecast
2025-05-31 11:00:00,12,32,34,Brooklyn,Brooklyn Navy Yard,Boro Zone,0.0,0.0,0.0,0.0,0.0,,202,0.0,202,Latest chronological test-window forecast
2025-05-31 11:00:00,12,33,35,Brooklyn,Brownsville,Boro Zone,9.9,9.0,11.0,0.9,-1.1,-10.0,59,0.0225,59,Latest chronological test-window forecast
2025-05-31 11:00:00,12,34,36,Brooklyn,Bushwick North,Boro Zone,3.533,6.0,4.0,2.467,-0.467,-11.68,96,0.008,89,Latest chronological test-window forecast
2025-05-31 11:00:00,12,35,37,Brooklyn,Bushwick South,Boro Zone,7.16,8.0,8.0,0.84,-0.84,-10.5,70,0.0162,69,Latest chronological test-window forecast
2025-05-31 11:00:00,12,36,38,Queens,Cambria Heights,Boro Zone,0.0,0.0,0.0,0.0,0.0,,203,0.0,203,Latest chronological test-window forecast
2025-05-31 11:00:00,12,37,39,Brooklyn,Canarsie,Boro Zone,4.45,7.0,5.0,2.55,-0.55,-11.0,82,0.0101,81,Latest chronological test-window forecast
2025-05-31 11:00:00,12,38,40,Brooklyn,Carroll Gardens,Boro Zone,0.0,0.0,0.0,0.0,0.0,,204,0.0,204,Latest chronological test-window forecast
2025-05-31 11:00:00,12,39,41,Manhattan,Central Harlem,Boro Zone,18.039,35.0,20.0,16.961,-1.961,-9.8,50,0.0409,49,Latest chronological test-window forecast
2025-05-31 11:00:00,12,40,42,Manhattan,Central Harlem North,Boro Zone,18.054,25.0,20.0,6.946,-1.946,-9.73,49,0.0409,50,Latest chronological test-window forecast
2025-05-31 11:00:00,12,41,43,Manhattan,Central Park,Yellow Zone,92.271,95.0,102.0,2.729,-9.729,-9.54,23,0.2093,23,Latest chronological test-window forecast
2025-05-31 11:00:00,12,42,44,Staten Island,Charleston/Tottenville,Boro Zone,0.0,0.0,0.0,0.0,0.0,,205,0.0,205,Latest chronological test-window forecast
2025-05-31 11:00:00,12,43,45,Manhattan,Chinatown,Yellow Zone,11.674,10.0,13.0,1.674,-1.326,-10.2,57,0.0265,56,Latest chronological test-window forecast
2025-05-31 11:00:00,12,44,46,Bronx,City Island,Boro Zone,0.0,0.0,0.0,0.0,0.0,,206,0.0,206,Latest chronological test-window forecast
2025-05-31 11:00:00,12,45,47,Bronx,Claremont/Bathgate,Boro Zone,0.816,3.0,1.0,2.184,-0.184,-18.4,173,0.0019,155,Latest chronological test-window forecast
2025-05-31 11:00:00,12,46,48,Manhattan,Clinton East,Yellow Zone,110.353,110.0,122.0,0.353,-11.647,-9.55,18,0.2503,18,Latest chronological test-window forecast
2025-05-31 11:00:00,12,47,49,Brooklyn,Clinton Hill,Boro Zone,0.813,1.0,1.0,0.187,-0.187,-18.7,187,0.0018,181,Latest chronological test-window forecast
2025-05-31 11:00:00,12,48,50,Manhattan,Clinton West,Yellow Zone,42.461,47.0,47.0,4.539,-4.539,-9.66,36,0.0963,36,Latest chronological test-window forecast
2025-05-31 11:00:00,12,49,51,Bronx,Co-Op City,Boro Zone,0.818,2.0,1.0,1.182,-0.182,-18.2,162,0.0019,156,Latest chronological test-window forecast
2025-05-31 11:00:00,12,50,52,Brooklyn,Cobble Hill,Boro Zone,2.622,3.0,3.0,0.378,-0.378,-12.6,116,0.0059,114,Latest chronological test-window forecast
2025-05-31 11:00:00,12,51,53,Queens,College Point,Boro Zone,0.0,0.0,0.0,0.0,0.0,,207,0.0,207,Latest chronological test-window forecast
2025-05-31 11:00:00,12,52,54,Brooklyn,Columbia Street,Boro Zone,0.81,0.0,1.0,0.81,-0.19,-19.0,190,0.0018,182,Latest chronological test-window forecast
2025-05-31 11:00:00,12,53,55,Brooklyn,Coney Island,Boro Zone,1.731,1.0,2.0,0.731,-0.269,-13.45,118,0.0039,121,Latest chronological test-window forecast
2025-05-31 11:00:00,12,54,56,Queens,Corona,Boro Zone,0.817,0.0,1.0,0.817,-0.183,-18.3,166,0.0019,157,Latest chronological test-window forecast
2025-05-31 11:00:00,12,55,57,Queens,Corona,Boro Zone,0.0,0.0,0.0,0.0,0.0,,208,0.0,208,Latest chronological test-window forecast
2025-05-31 11:00:00,12,56,58,Bronx,Country Club,Boro Zone,0.0,0.0,0.0,0.0,0.0,,209,0.0,209,Latest chronological test-window forecast
2025-05-31 11:00:00,12,57,59,Bronx,Crotona Park,Boro Zone,0.0,0.0,0.0,0.0,0.0,,210,0.0,210,Latest chronological test-window forecast
2025-05-31 11:00:00,12,58,60,Bronx,Crotona Park East,Boro Zone,1.726,5.0,2.0,3.274,-0.274,-13.7,129,0.0039,122,Latest chronological test-window forecast
2025-05-31 11:00:00,12,59,61,Brooklyn,Crown Heights North,Boro Zone,8.071,13.0,9.0,4.929,-0.929,-10.32,67,0.0183,65,Latest chronological test-window forecast
2025-05-31 11:00:00,12,60,62,Brooklyn,Crown Heights South,Boro Zone,2.631,3.0,3.0,0.369,-0.369,-12.3,107,0.006,101,Latest chronological test-window forecast
2025-05-31 11:00:00,12,61,63,Brooklyn,Cypress Hills,Boro Zone,4.447,2.0,5.0,2.447,-0.553,-11.06,83,0.0101,82,Latest chronological test-window forecast
2025-05-31 11:00:00,12,62,64,Queens,Douglaston,Boro Zone,0.0,0.0,0.0,0.0,0.0,,211,0.0,211,Latest chronological test-window forecast
2025-05-31 11:00:00,12,63,65,Brooklyn,Downtown Brooklyn/MetroTech,Boro Zone,4.432,7.0,5.0,2.568,-0.568,-11.36,85,0.0101,83,Latest chronological test-window forecast
2025-05-31 11:00:00,12,64,66,Brooklyn,DUMBO/Vinegar Hill,Boro Zone,7.147,6.0,8.0,1.147,-0.853,-10.66,72,0.0162,70,Latest chronological test-window forecast
2025-05-31 11:00:00,12,65,67,Brooklyn,Dyker Heights,Boro Zone,0.819,1.0,1.0,0.181,-0.181,-18.1,156,0.0019,158,Latest chronological test-window forecast
2025-05-31 11:00:00,12,66,68,Manhattan,East Chelsea,Yellow Zone,148.384,148.0,164.0,0.384,-15.616,-9.52,12,0.3366,12,Latest chronological test-window forecast
2025-05-31 11:00:00,12,67,69,Bronx,East Concourse/Concourse Village,Boro Zone,1.726,4.0,2.0,2.274,-0.274,-13.7,130,0.0039,123,Latest chronological test-window forecast
2025-05-31 11:00:00,12,68,70,Queens,East Elmhurst,Boro Zone,14.389,11.0,16.0,3.389,-1.611,-10.07,52,0.0326,52,Latest chronological test-window forecast
2025-05-31 11:00:00,12,69,71,Brooklyn,East Flatbush/Farragut,Boro Zone,6.265,2.0,7.0,4.265,-0.735,-10.5,73,0.0142,73,Latest chronological test-window forecast
2025-05-31 11:00:00,12,70,72,Brooklyn,East Flatbush/Remsen Village,Boro Zone,2.632,7.0,3.0,4.368,-0.368,-12.27,106,0.006,102,Latest chronological test-window forecast
2025-05-31 11:00:00,12,71,73,Queens,East Flushing,Boro Zone,0.0,0.0,0.0,0.0,0.0,,212,0.0,212,Latest chronological test-window forecast
2025-05-31 11:00:00,12,72,74,Manhattan,East Harlem North,Boro Zone,19.852,32.0,22.0,12.148,-2.148,-9.76,47,0.045,47,Latest chronological test-window forecast
2025-05-31 11:00:00,12,73,75,Manhattan,East Harlem South,Boro Zone,41.581,52.0,46.0,10.419,-4.419,-9.61,37,0.0943,37,Latest chronological test-window forecast
2025-05-31 11:00:00,12,74,76,Brooklyn,East New York,Boro Zone,8.989,12.0,10.0,3.011,-1.011,-10.11,62,0.0204,62,Latest chronological test-window forecast
2025-05-31 11:00:00,12,75,77,Brooklyn,East New York/Pennsylvania Avenue,Boro Zone,0.816,0.0,1.0,0.816,-0.184,-18.4,174,0.0019,159,Latest chronological test-window forecast
2025-05-31 11:00:00,12,76,78,Bronx,East Tremont,Boro Zone,0.0,1.0,0.0,1.0,0.0,,213,0.0,213,Latest chronological test-window forecast
2025-05-31 11:00:00,12,77,79,Manhattan,East Village,Yellow Zone,67.81,100.0,75.0,32.19,-7.19,-9.59,32,0.1538,32,Latest chronological test-window forecast
2025-05-31 11:00:00,12,78,80,Brooklyn,East Williamsburg,Boro Zone,0.812,6.0,1.0,5.188,-0.188,-18.8,188,0.0018,183,Latest chronological test-window forecast
2025-05-31 11:00:00,12,79,81,Bronx,Eastchester,Boro Zone,1.729,2.0,2.0,0.271,-0.271,-13.55,119,0.0039,124,Latest chronological test-window forecast
2025-05-31 11:00:00,12,80,82,Queens,Elmhurst,Boro Zone,2.633,3.0,3.0,0.367,-0.367,-12.23,105,0.006,103,Latest chronological test-window forecast
2025-05-31 11:00:00,12,81,83,Queens,Elmhurst/Maspeth,Boro Zone,1.721,2.0,2.0,0.279,-0.279,-13.95,142,0.0039,125,Latest chronological test-window forecast
2025-05-31 11:00:00,12,82,84,Staten Island,Eltingville/Annadale/Prince's Bay,Boro Zone,0.0,0.0,0.0,0.0,0.0,,214,0.0,214,Latest chronological test-window forecast
2025-05-31 11:00:00,12,83,85,Brooklyn,Erasmus,Boro Zone,6.261,5.0,7.0,1.261,-0.739,-10.56,74,0.0142,74,Latest chronological test-window forecast
2025-05-31 11:00:00,12,84,86,Queens,Far Rockaway,Boro Zone,0.0,0.0,0.0,0.0,0.0,,215,0.0,215,Latest chronological test-window forecast
2025-05-31 11:00:00,12,85,87,Manhattan,Financial District North,Yellow Zone,27.069,34.0,30.0,6.931,-2.931,-9.77,44,0.0614,44,Latest chronological test-window forecast
2025-05-31 11:00:00,12,86,88,Manhattan,Financial District South,Yellow Zone,16.205,17.0,18.0,0.795,-1.795,-9.97,51,0.0368,51,Latest chronological test-window forecast
2025-05-31 11:00:00,12,87,89,Brooklyn,Flatbush/Ditmas Park,Boro Zone,8.088,1.0,9.0,7.088,-0.912,-10.13,65,0.0183,66,Latest chronological test-window forecast
2025-05-31 11:00:00,12,88,90,Manhattan,Flatiron,Yellow Zone,74.17,89.0,82.0,14.83,-7.83,-9.55,29,0.1682,29,Latest chronological test-window forecast
2025-05-31 11:00:00,12,89,91,Brooklyn,Flatlands,Boro Zone,3.544,3.0,4.0,0.544,-0.456,-11.4,90,0.008,90,Latest chronological test-window forecast
2025-05-31 11:00:00,12,90,92,Queens,Flushing,Boro Zone,1.727,1.0,2.0,0.727,-0.273,-13.65,124,0.0039,126,Latest chronological test-window forecast
2025-05-31 11:00:00,12,91,93,Queens,Flushing Meadows-Corona Park,Boro Zone,1.716,0.0,2.0,1.716,-0.284,-14.2,148,0.0039,127,Latest chronological test-window forecast
2025-05-31 11:00:00,12,92,94,Bronx,Fordham South,Boro Zone,0.816,0.0,1.0,0.816,-0.184,-18.4,175,0.0019,160,Latest chronological test-window forecast
2025-05-31 11:00:00,12,93,95,Queens,Forest Hills,Boro Zone,4.451,1.0,5.0,3.451,-0.549,-10.98,81,0.0101,84,Latest chronological test-window forecast
2025-05-31 11:00:00,12,94,96,Queens,Forest Park/Highland Park,Boro Zone,0.0,0.0,0.0,0.0,0.0,,216,0.0,216,Latest chronological test-window forecast
2025-05-31 11:00:00,12,95,97,Brooklyn,Fort Greene,Boro Zone,1.718,5.0,2.0,3.282,-0.282,-14.1,147,0.0039,128,Latest chronological test-window forecast
2025-05-31 11:00:00,12,96,98,Queens,Fresh Meadows,Boro Zone,0.82,1.0,1.0,0.18,-0.18,-18.0,154,0.0019,161,Latest chronological test-window forecast
2025-05-31 11:00:00,12,97,100,Manhattan,Garment District,Yellow Zone,72.351,68.0,80.0,4.351,-7.649,-9.56,30,0.1641,30,Latest chronological test-window forecast
2025-05-31 11:00:00,12,98,101,Queens,Glen Oaks,Boro Zone,1.728,0.0,2.0,1.728,-0.272,-13.6,120,0.0039,129,Latest chronological test-window forecast
2025-05-31 11:00:00,12,99,102,Queens,Glendale,Boro Zone,1.725,1.0,2.0,0.725,-0.275,-13.75,135,0.0039,130,Latest chronological test-window forecast
2025-05-31 11:00:00,12,100,106,Brooklyn,Gowanus,Boro Zone,1.725,0.0,2.0,1.725,-0.275,-13.75,136,0.0039,131,Latest chronological test-window forecast
2025-05-31 11:00:00,12,101,107,Manhattan,Gramercy,Yellow Zone,102.219,132.0,113.0,29.781,-10.781,-9.54,22,0.2318,22,Latest chronological test-window forecast
2025-05-31 11:00:00,12,102,108,Brooklyn,Gravesend,Boro Zone,0.821,1.0,1.0,0.179,-0.179,-17.9,151,0.0019,162,Latest chronological test-window forecast
2025-05-31 11:00:00,12,103,109,Staten Island,Great Kills,Boro Zone,0.0,0.0,0.0,0.0,0.0,,217,0.0,217,Latest chronological test-window forecast
2025-05-31 11:00:00,12,104,111,Brooklyn,Green-Wood Cemetery,Boro Zone,0.0,0.0,0.0,0.0,0.0,,218,0.0,218,Latest chronological test-window forecast
2025-05-31 11:00:00,12,105,112,Brooklyn,Greenpoint,Boro Zone,4.435,6.0,5.0,1.565,-0.565,-11.3,84,0.0101,85,Latest chronological test-window forecast
2025-05-31 11:00:00,12,106,113,Manhattan,Greenwich Village North,Yellow Zone,70.53,83.0,78.0,12.47,-7.47,-9.58,31,0.16,31,Latest chronological test-window forecast
2025-05-31 11:00:00,12,107,114,Manhattan,Greenwich Village South,Yellow Zone,35.231,34.0,39.0,1.231,-3.769,-9.66,38,0.0799,38,Latest chronological test-window forecast
2025-05-31 11:00:00,12,108,115,Staten Island,Grymes Hill/Clifton,Boro Zone,0.0,0.0,0.0,0.0,0.0,,219,0.0,219,Latest chronological test-window forecast
2025-05-31 11:00:00,12,109,116,Manhattan,Hamilton Heights,Boro Zone,5.343,10.0,6.0,4.657,-0.657,-10.95,78,0.0121,77,Latest chronological test-window forecast
2025-05-31 11:00:00,12,110,117,Queens,Hammels/Arverne,Boro Zone,0.817,0.0,1.0,0.817,-0.183,-18.3,167,0.0019,163,Latest chronological test-window forecast
2025-05-31 11:00:00,12,111,118,Staten Island,Heartland Village/Todt Hill,Boro Zone,0.0,0.0,0.0,0.0,0.0,,220,0.0,220,Latest chronological test-window forecast
2025-05-31 11:00:00,12,112,119,Bronx,Highbridge,Boro Zone,0.0,4.0,0.0,4.0,0.0,,221,0.0,221,Latest chronological test-window forecast
2025-05-31 11:00:00,12,113,120,Manhattan,Highbridge Park,Boro Zone,0.0,0.0,0.0,0.0,0.0,,222,0.0,222,Latest chronological test-window forecast
2025-05-31 11:00:00,12,114,121,Queens,Hillcrest/Pomonok,Boro Zone,1.728,2.0,2.0,0.272,-0.272,-13.6,121,0.0039,132,Latest chronological test-window forecast
2025-05-31 11:00:00,12,115,122,Queens,Hollis,Boro Zone,0.819,2.0,1.0,1.181,-0.181,-18.1,157,0.0019,164,Latest chronological test-window forecast
2025-05-31 11:00:00,12,116,123,Brooklyn,Homecrest,Boro Zone,2.645,0.0,3.0,2.645,-0.355,-11.83,100,0.006,104,Latest chronological test-window forecast
2025-05-31 11:00:00,12,117,124,Queens,Howard Beach,Boro Zone,0.817,0.0,1.0,0.817,-0.183,-18.3,168,0.0019,165,Latest chronological test-window forecast
2025-05-31 11:00:00,12,118,125,Manhattan,Hudson Sq,Yellow Zone,29.8,38.0,33.0,8.2,-3.2,-9.7,41,0.0676,41,Latest chronological test-window forecast
2025-05-31 11:00:00,12,119,126,Bronx,Hunts Point,Boro Zone,0.0,1.0,0.0,1.0,0.0,,223,0.0,223,Latest chronological test-window forecast
2025-05-31 11:00:00,12,120,127,Manhattan,Inwood,Boro Zone,0.814,0.0,1.0,0.814,-0.186,-18.6,182,0.0018,184,Latest chronological test-window forecast
2025-05-31 11:00:00,12,121,128,Manhattan,Inwood Hill Park,Boro Zone,0.0,0.0,0.0,0.0,0.0,,224,0.0,224,Latest chronological test-window forecast
2025-05-31 11:00:00,12,122,129,Queens,Jackson Heights,Boro Zone,3.538,5.0,4.0,1.462,-0.462,-11.55,94,0.008,91,Latest chronological test-window forecast
2025-05-31 11:00:00,12,123,130,Queens,Jamaica,Boro Zone,7.179,7.0,8.0,0.179,-0.821,-10.26,68,0.0163,68,Latest chronological test-window forecast
2025-05-31 11:00:00,12,124,131,Queens,Jamaica Estates,Boro Zone,0.82,0.0,1.0,0.82,-0.18,-18.0,155,0.0019,166,Latest chronological test-window forecast
2025-05-31 11:00:00,12,125,132,Queens,JFK Airport,Airports,141.201,130.0,156.0,11.201,-14.799,-9.49,13,0.3203,13,Latest chronological test-window forecast
2025-05-31 11:00:00,12,126,133,Brooklyn,Kensington,Boro Zone,0.819,2.0,1.0,1.181,-0.181,-18.1,158,0.0019,167,Latest chronological test-window forecast
2025-05-31 11:00:00,12,127,134,Queens,Kew Gardens,Boro Zone,2.634,4.0,3.0,1.366,-0.366,-12.2,103,0.006,105,Latest chronological test-window forecast
2025-05-31 11:00:00,12,128,135,Queens,Kew Gardens Hills,Boro Zone,0.817,1.0,1.0,0.183,-0.183,-18.3,169,0.0019,168,Latest chronological test-window forecast
2025-05-31 11:00:00,12,129,136,Bronx,Kingsbridge Heights,Boro Zone,0.816,0.0,1.0,0.816,-0.184,-18.4,176,0.0019,169,Latest chronological test-window forecast
2025-05-31 11:00:00,12,130,137,Manhattan,Kips Bay,Yellow Zone,62.366,65.0,69.0,2.634,-6.634,-9.61,34,0.1415,34,Latest chronological test-window forecast
2025-05-31 11:00:00,12,131,138,Queens,LaGuardia Airport,Airports,173.714,118.0,192.0,55.714,-18.286,-9.52,5,0.394,5,Latest chronological test-window forecast
2025-05-31 11:00:00,12,132,139,Queens,Laurelton,Boro Zone,1.725,0.0,2.0,1.725,-0.275,-13.75,137,0.0039,133,Latest chronological test-window forecast
2025-05-31 11:00:00,12,133,140,Manhattan,Lenox Hill East,Yellow Zone,119.43,122.0,132.0,2.57,-12.57,-9.52,16,0.2709,16,Latest chronological test-window forecast
2025-05-31 11:00:00,12,134,141,Manhattan,Lenox Hill West,Yellow Zone,135.705,153.0,150.0,17.295,-14.295,-9.53,15,0.3078,15,Latest chronological test-window forecast
2025-05-31 11:00:00,12,135,142,Manhattan,Lincoln Square East,Yellow Zone,164.669,159.0,182.0,5.669,-17.331,-9.52,7,0.3735,7,Latest chronological test-window forecast
2025-05-31 11:00:00,12,136,143,Manhattan,Lincoln Square West,Yellow Zone,85.01,74.0,94.0,11.01,-8.99,-9.56,26,0.1928,25,Latest chronological test-window forecast
2025-05-31 11:00:00,12,137,144,Manhattan,Little Italy/NoLiTa,Yellow Zone,32.508,49.0,36.0,16.492,-3.492,-9.7,39,0.0737,39,Latest chronological test-window forecast
2025-05-31 11:00:00,12,138,145,Queens,Long Island City/Hunters Point,Boro Zone,5.343,4.0,6.0,1.343,-0.657,-10.95,79,0.0121,78,Latest chronological test-window forecast
2025-05-31 11:00:00,12,139,146,Queens,Long Island City/Queens Plaza,Boro Zone,6.244,6.0,7.0,0.244,-0.756,-10.8,75,0.0142,75,Latest chronological test-window forecast
2025-05-31 11:00:00,12,140,147,Bronx,Longwood,Boro Zone,0.817,0.0,1.0,0.817,-0.183,-18.3,170,0.0019,170,Latest chronological test-window forecast
2025-05-31 11:00:00,12,141,148,Manhattan,Lower East Side,Yellow Zone,23.446,31.0,26.0,7.554,-2.554,-9.82,46,0.0532,46,Latest chronological test-window forecast
2025-05-31 11:00:00,12,142,149,Brooklyn,Madison,Boro Zone,3.554,1.0,4.0,2.554,-0.446,-11.15,86,0.0081,86,Latest chronological test-window forecast
2025-05-31 11:00:00,12,143,150,Brooklyn,Manhattan Beach,Boro Zone,0.0,1.0,0.0,1.0,0.0,,225,0.0,225,Latest chronological test-window forecast
2025-05-31 11:00:00,12,144,151,Manhattan,Manhattan Valley,Yellow Zone,59.65,67.0,66.0,7.35,-6.35,-9.62,35,0.1353,35,Latest chronological test-window forecast
2025-05-31 11:00:00,12,145,152,Manhattan,Manhattanville,Boro Zone,7.151,5.0,8.0,2.151,-0.849,-10.61,71,0.0162,71,Latest chronological test-window forecast
2025-05-31 11:00:00,12,146,153,Manhattan,Marble Hill,Boro Zone,0.0,0.0,0.0,0.0,0.0,,226,0.0,226,Latest chronological test-window forecast
2025-05-31 11:00:00,12,147,154,Brooklyn,Marine Park/Floyd Bennett Field,Boro Zone,0.0,0.0,0.0,0.0,0.0,,227,0.0,227,Latest chronological test-window forecast
2025-05-31 11:00:00,12,148,155,Brooklyn,Marine Park/Mill Basin,Boro Zone,3.546,1.0,4.0,2.546,-0.454,-11.35,89,0.008,92,Latest chronological test-window forecast
2025-05-31 11:00:00,12,149,156,Staten Island,Mariners Harbor,Boro Zone,0.0,0.0,0.0,0.0,0.0,,228,0.0,228,Latest chronological test-window forecast
2025-05-31 11:00:00,12,150,157,Queens,Maspeth,Boro Zone,1.721,2.0,2.0,0.279,-0.279,-13.95,143,0.0039,134,Latest chronological test-window forecast
2025-05-31 11:00:00,12,151,158,Manhattan,Meatpacking/West Village West,Yellow Zone,29.796,49.0,33.0,19.204,-3.204,-9.71,42,0.0676,42,Latest chronological test-window forecast
2025-05-31 11:00:00,12,152,159,Bronx,Melrose South,Boro Zone,2.634,6.0,3.0,3.366,-0.366,-12.2,104,0.006,106,Latest chronological test-window forecast
2025-05-31 11:00:00,12,153,160,Queens,Middle Village,Boro Zone,2.631,0.0,3.0,2.631,-0.369,-12.3,108,0.006,107,Latest chronological test-window forecast
2025-05-31 11:00:00,12,154,161,Manhattan,Midtown Center,Yellow Zone,243.485,204.0,269.0,39.485,-25.515,-9.49,3,0.5523,3,Latest chronological test-window forecast
2025-05-31 11:00:00,12,155,162,Manhattan,Midtown East,Yellow Zone,152.029,191.0,168.0,38.971,-15.971,-9.51,11,0.3448,11,Latest chronological test-window forecast
2025-05-31 11:00:00,12,156,163,Manhattan,Midtown North,Yellow Zone,154.749,117.0,171.0,37.749,-16.251,-9.5,10,0.351,10,Latest chronological test-window forecast
2025-05-31 11:00:00,12,157,164,Manhattan,Midtown South,Yellow Zone,111.273,109.0,123.0,2.273,-11.727,-9.53,17,0.2524,17,Latest chronological test-window forecast
2025-05-31 11:00:00,12,158,165,Brooklyn,Midwood,Boro Zone,2.642,2.0,3.0,0.642,-0.358,-11.93,101,0.006,108,Latest chronological test-window forecast
2025-05-31 11:00:00,12,159,166,Manhattan,Morningside Heights,Boro Zone,31.6,33.0,35.0,1.4,-3.4,-9.71,40,0.0717,40,Latest chronological test-window forecast
2025-05-31 11:00:00,12,160,167,Bronx,Morrisania/Melrose,Boro Zone,0.817,2.0,1.0,1.183,-0.183,-18.3,171,0.0019,171,Latest chronological test-window forecast
2025-05-31 11:00:00,12,161,168,Bronx,Mott Haven/Port Morris,Boro Zone,1.725,7.0,2.0,5.275,-0.275,-13.75,138,0.0039,135,Latest chronological test-window forecast
2025-05-31 11:00:00,12,162,169,Bronx,Mount Hope,Boro Zone,3.544,3.0,4.0,0.544,-0.456,-11.4,91,0.008,93,Latest chronological test-window forecast
2025-05-31 11:00:00,12,163,170,Manhattan,Murray Hill,Yellow Zone,171.944,144.0,190.0,27.944,-18.056,-9.5,6,0.39,6,Latest chronological test-window forecast
2025-05-31 11:00:00,12,164,171,Queens,Murray Hill-Queens,Boro Zone,0.818,0.0,1.0,0.818,-0.182,-18.2,163,0.0019,172,Latest chronological test-window forecast
2025-05-31 11:00:00,12,165,172,Staten Island,New Dorp/Midland Beach,Boro Zone,0.0,0.0,0.0,0.0,0.0,,229,0.0,229,Latest chronological test-window forecast
2025-05-31 11:00:00,12,166,173,Queens,North Corona,Boro Zone,0.816,1.0,1.0,0.184,-0.184,-18.4,177,0.0019,173,Latest chronological test-window forecast
2025-05-31 11:00:00,12,167,174,Bronx,Norwood,Boro Zone,2.636,2.0,3.0,0.636,-0.364,-12.13,102,0.006,109,Latest chronological test-window forecast
2025-05-31 11:00:00,12,168,175,Queens,Oakland Gardens,Boro Zone,0.0,1.0,0.0,1.0,0.0,,230,0.0,230,Latest chronological test-window forecast
2025-05-31 11:00:00,12,169,176,Staten Island,Oakwood,Boro Zone,0.0,0.0,0.0,0.0,0.0,,231,0.0,231,Latest chronological test-window forecast
2025-05-31 11:00:00,12,170,177,Brooklyn,Ocean Hill,Boro Zone,3.537,6.0,4.0,2.463,-0.463,-11.58,95,0.008,94,Latest chronological test-window forecast
2025-05-31 11:00:00,12,171,178,Brooklyn,Ocean Parkway South,Boro Zone,0.0,0.0,0.0,0.0,0.0,,232,0.0,232,Latest chronological test-window forecast
2025-05-31 11:00:00,12,172,179,Queens,Old Astoria,Boro Zone,3.53,2.0,4.0,1.53,-0.47,-11.75,97,0.008,95,Latest chronological test-window forecast
2025-05-31 11:00:00,12,173,180,Queens,Ozone Park,Boro Zone,0.0,1.0,0.0,1.0,0.0,,233,0.0,233,Latest chronological test-window forecast
2025-05-31 11:00:00,12,174,181,Brooklyn,Park Slope,Boro Zone,5.348,1.0,6.0,4.348,-0.652,-10.87,77,0.0121,79,Latest chronological test-window forecast
2025-05-31 11:00:00,12,175,182,Bronx,Parkchester,Boro Zone,0.814,0.0,1.0,0.814,-0.186,-18.6,183,0.0018,185,Latest chronological test-window forecast
2025-05-31 11:00:00,12,176,183,Bronx,Pelham Bay,Boro Zone,0.0,0.0,0.0,0.0,0.0,,234,0.0,234,Latest chronological test-window forecast
2025-05-31 11:00:00,12,177,184,Bronx,Pelham Bay Park,Boro Zone,0.0,0.0,0.0,0.0,0.0,,235,0.0,235,Latest chronological test-window forecast
2025-05-31 11:00:00,12,178,185,Bronx,Pelham Parkway,Boro Zone,0.0,2.0,0.0,2.0,0.0,,236,0.0,236,Latest chronological test-window forecast
2025-05-31 11:00:00,12,179,186,Manhattan,Penn Station/Madison Sq West,Yellow Zone,158.426,218.0,175.0,59.574,-16.574,-9.47,8,0.3593,8,Latest chronological test-window forecast
2025-05-31 11:00:00,12,180,187,Staten Island,Port Richmond,Boro Zone,0.0,0.0,0.0,0.0,0.0,,237,0.0,237,Latest chronological test-window forecast
2025-05-31 11:00:00,12,181,188,Brooklyn,Prospect-Lefferts Gardens,Boro Zone,8.076,10.0,9.0,1.924,-0.924,-10.27,66,0.0183,67,Latest chronological test-window forecast
2025-05-31 11:00:00,12,182,189,Brooklyn,Prospect Heights,Boro Zone,1.721,2.0,2.0,0.279,-0.279,-13.95,144,0.0039,136,Latest chronological test-window forecast
2025-05-31 11:00:00,12,183,190,Brooklyn,Prospect Park,Boro Zone,0.0,0.0,0.0,0.0,0.0,,238,0.0,238,Latest chronological test-window forecast
2025-05-31 11:00:00,12,184,191,Queens,Queens Village,Boro Zone,0.0,1.0,0.0,1.0,0.0,,239,0.0,239,Latest chronological test-window forecast
2025-05-31 11:00:00,12,185,192,Queens,Queensboro Hill,Boro Zone,0.0,2.0,0.0,2.0,0.0,,240,0.0,240,Latest chronological test-window forecast
2025-05-31 11:00:00,12,186,193,Queens,Queensbridge/Ravenswood,Boro Zone,2.623,1.0,3.0,1.623,-0.377,-12.57,113,0.0059,115,Latest chronological test-window forecast
2025-05-31 11:00:00,12,187,194,Manhattan,Randalls Island,Yellow Zone,0.0,0.0,0.0,0.0,0.0,,241,0.0,241,Latest chronological test-window forecast
2025-05-31 11:00:00,12,188,195,Brooklyn,Red Hook,Boro Zone,1.719,0.0,2.0,1.719,-0.281,-14.05,146,0.0039,137,Latest chronological test-window forecast
2025-05-31 11:00:00,12,189,196,Queens,Rego Park,Boro Zone,1.725,1.0,2.0,0.725,-0.275,-13.75,139,0.0039,138,Latest chronological test-window forecast
2025-05-31 11:00:00,12,190,197,Queens,Richmond Hill,Boro Zone,11.722,12.0,13.0,0.278,-1.278,-9.83,55,0.0266,55,Latest chronological test-window forecast
2025-05-31 11:00:00,12,191,198,Queens,Ridgewood,Boro Zone,2.628,5.0,3.0,2.372,-0.372,-12.4,110,0.006,110,Latest chronological test-window forecast
2025-05-31 11:00:00,12,192,200,Bronx,Riverdale/North Riverdale/Fieldston,Boro Zone,0.0,0.0,0.0,0.0,0.0,,242,0.0,242,Latest chronological test-window forecast
2025-05-31 11:00:00,12,193,201,Queens,Rockaway Park,Boro Zone,0.0,0.0,0.0,0.0,0.0,,243,0.0,243,Latest chronological test-window forecast
2025-05-31 11:00:00,12,194,202,Manhattan,Roosevelt Island,Boro Zone,0.0,0.0,0.0,0.0,0.0,,244,0.0,244,Latest chronological test-window forecast
2025-05-31 11:00:00,12,195,203,Queens,Rosedale,Boro Zone,0.0,0.0,0.0,0.0,0.0,,245,0.0,245,Latest chronological test-window forecast
2025-05-31 11:00:00,12,196,204,Staten Island,Rossville/Woodrow,Boro Zone,0.0,0.0,0.0,0.0,0.0,,246,0.0,246,Latest chronological test-window forecast
2025-05-31 11:00:00,12,197,205,Queens,Saint Albans,Boro Zone,1.727,2.0,2.0,0.273,-0.273,-13.65,125,0.0039,139,Latest chronological test-window forecast
2025-05-31 11:00:00,12,198,206,Staten Island,Saint George/New Brighton,Boro Zone,0.0,0.0,0.0,0.0,0.0,,247,0.0,247,Latest chronological test-window forecast
2025-05-31 11:00:00,12,199,207,Queens,Saint Michaels Cemetery/Woodside,Boro Zone,0.811,1.0,1.0,0.189,-0.189,-18.9,189,0.0018,186,Latest chronological test-window forecast
2025-05-31 11:00:00,12,200,208,Bronx,Schuylerville/Edgewater Park,Boro Zone,1.726,1.0,2.0,0.726,-0.274,-13.7,131,0.0039,140,Latest chronological test-window forecast
2025-05-31 11:00:00,12,201,209,Manhattan,Seaport,Yellow Zone,8.959,6.0,10.0,2.959,-1.041,-10.41,64,0.0203,64,Latest chronological test-window forecast
2025-05-31 11:00:00,12,202,210,Brooklyn,Sheepshead Bay,Boro Zone,5.374,1.0,6.0,4.374,-0.626,-10.43,76,0.0122,76,Latest chronological test-window forecast
2025-05-31 11:00:00,12,203,211,Manhattan,SoHo,Yellow Zone,18.924,35.0,21.0,16.076,-2.076,-9.89,48,0.0429,48,Latest chronological test-window forecast
2025-05-31 11:00:00,12,204,212,Bronx,Soundview/Bruckner,Boro Zone,1.726,2.0,2.0,0.274,-0.274,-13.7,132,0.0039,141,Latest chronological test-window forecast
2025-05-31 11:00:00,12,205,213,Bronx,Soundview/Castle Hill,Boro Zone,1.727,3.0,2.0,1.273,-0.273,-13.65,126,0.0039,142,Latest chronological test-window forecast
2025-05-31 11:00:00,12,206,214,Staten Island,South Beach/Dongan Hills,Boro Zone,0.0,0.0,0.0,0.0,0.0,,248,0.0,248,Latest chronological test-window forecast
2025-05-31 11:00:00,12,207,215,Queens,South Jamaica,Boro Zone,3.548,4.0,4.0,0.452,-0.452,-11.3,87,0.008,96,Latest chronological test-window forecast
2025-05-31 11:00:00,12,208,216,Queens,South Ozone Park,Boro Zone,1.726,9.0,2.0,7.274,-0.274,-13.7,133,0.0039,143,Latest chronological test-window forecast
2025-05-31 11:00:00,12,209,217,Brooklyn,South Williamsburg,Boro Zone,0.814,1.0,1.0,0.186,-0.186,-18.6,184,0.0018,187,Latest chronological test-window forecast
2025-05-31 11:00:00,12,210,218,Queens,Springfield Gardens North,Boro Zone,1.728,1.0,2.0,0.728,-0.272,-13.6,122,0.0039,144,Latest chronological test-window forecast
2025-05-31 11:00:00,12,211,219,Queens,Springfield Gardens South,Boro Zone,0.0,0.0,0.0,0.0,0.0,,249,0.0,249,Latest chronological test-window forecast
2025-05-31 11:00:00,12,212,220,Bronx,Spuyten Duyvil/Kingsbridge,Boro Zone,0.814,0.0,1.0,0.814,-0.186,-18.6,185,0.0018,188,Latest chronological test-window forecast
2025-05-31 11:00:00,12,213,221,Staten Island,Stapleton,Boro Zone,0.0,0.0,0.0,0.0,0.0,,250,0.0,250,Latest chronological test-window forecast
2025-05-31 11:00:00,12,214,222,Brooklyn,Starrett City,Boro Zone,1.725,2.0,2.0,0.275,-0.275,-13.75,140,0.0039,145,Latest chronological test-window forecast
2025-05-31 11:00:00,12,215,223,Queens,Steinway,Boro Zone,2.625,2.0,3.0,0.625,-0.375,-12.5,112,0.006,111,Latest chronological test-window forecast
2025-05-31 11:00:00,12,216,224,Manhattan,Stuy Town/Peter Cooper Village,Yellow Zone,11.679,26.0,13.0,14.321,-1.321,-10.16,56,0.0265,57,Latest chronological test-window forecast
2025-05-31 11:00:00,12,217,225,Brooklyn,Stuyvesant Heights,Boro Zone,8.976,12.0,10.0,3.024,-1.024,-10.24,63,0.0204,63,Latest chronological test-window forecast
2025-05-31 11:00:00,12,218,226,Queens,Sunnyside,Boro Zone,7.162,14.0,8.0,6.838,-0.838,-10.48,69,0.0162,72,Latest chronological test-window forecast
2025-05-31 11:00:00,12,219,227,Brooklyn,Sunset Park East,Boro Zone,0.821,1.0,1.0,0.179,-0.179,-17.9,152,0.0019,174,Latest chronological test-window forecast
2025-05-31 11:00:00,12,220,228,Brooklyn,Sunset Park West,Boro Zone,1.727,4.0,2.0,2.273,-0.273,-13.65,127,0.0039,146,Latest chronological test-window forecast
2025-05-31 11:00:00,12,221,229,Manhattan,Sutton Place/Turtle Bay North,Yellow Zone,104.041,110.0,115.0,5.959,-10.959,-9.53,20,0.236,19,Latest chronological test-window forecast
2025-05-31 11:00:00,12,222,230,Manhattan,Times Sq/Theatre District,Yellow Zone,181.893,164.0,201.0,17.893,-19.107,-9.51,4,0.4126,4,Latest chronological test-window forecast
2025-05-31 11:00:00,12,223,231,Manhattan,TriBeCa/Civic Center,Yellow Zone,76.852,66.0,85.0,10.852,-8.148,-9.59,27,0.1743,27,Latest chronological test-window forecast
2025-05-31 11:00:00,12,224,232,Manhattan,Two Bridges/Seward Park,Yellow Zone,10.771,14.0,12.0,3.229,-1.229,-10.24,58,0.0244,58,Latest chronological test-window forecast
2025-05-31 11:00:00,12,225,233,Manhattan,UN/Turtle Bay South,Yellow Zone,66.907,66.0,74.0,0.907,-7.093,-9.59,33,0.1518,33,Latest chronological test-window forecast
2025-05-31 11:00:00,12,226,234,Manhattan,Union Sq,Yellow Zone,104.067,131.0,115.0,26.933,-10.933,-9.51,19,0.236,20,Latest chronological test-window forecast
2025-05-31 11:00:00,12,227,235,Bronx,University Heights/Morris Heights,Boro Zone,3.542,2.0,4.0,1.542,-0.458,-11.45,93,0.008,97,Latest chronological test-window forecast
2025-05-31 11:00:00,12,228,236,Manhattan,Upper East Side North,Yellow Zone,302.277,279.0,334.0,23.277,-31.723,-9.5,2,0.6856,2,Latest chronological test-window forecast
2025-05-31 11:00:00,12,229,237,Manhattan,Upper East Side South,Yellow Zone,308.62,285.0,341.0,23.62,-32.38,-9.5,1,0.7,1,Latest chronological test-window forecast
2025-05-31 11:00:00,12,230,238,Manhattan,Upper West Side North,Yellow Zone,141.123,151.0,156.0,9.877,-14.877,-9.54,14,0.3201,14,Latest chronological test-window forecast
2025-05-31 11:00:00,12,231,239,Manhattan,Upper West Side South,Yellow Zone,155.614,177.0,172.0,21.386,-16.386,-9.53,9,0.353,9,Latest chronological test-window forecast
2025-05-31 11:00:00,12,232,240,Bronx,Van Cortlandt Park,Boro Zone,0.0,0.0,0.0,0.0,0.0,,251,0.0,251,Latest chronological test-window forecast
2025-05-31 11:00:00,12,233,241,Bronx,Van Cortlandt Village,Boro Zone,1.723,2.0,2.0,0.277,-0.277,-13.85,141,0.0039,147,Latest chronological test-window forecast
2025-05-31 11:00:00,12,234,242,Bronx,Van Nest/Morris Park,Boro Zone,3.544,1.0,4.0,2.544,-0.456,-11.4,92,0.008,98,Latest chronological test-window forecast
2025-05-31 11:00:00,12,235,243,Manhattan,Washington Heights North,Boro Zone,0.814,3.0,1.0,2.186,-0.186,-18.6,186,0.0018,189,Latest chronological test-window forecast
2025-05-31 11:00:00,12,236,244,Manhattan,Washington Heights South,Boro Zone,13.513,7.0,15.0,6.513,-1.487,-9.91,53,0.0306,54,Latest chronological test-window forecast
2025-05-31 11:00:00,12,237,245,Staten Island,West Brighton,Boro Zone,0.0,0.0,0.0,0.0,0.0,,252,0.0,252,Latest chronological test-window forecast
2025-05-31 11:00:00,12,238,246,Manhattan,West Chelsea/Hudson Yards,Yellow Zone,91.399,89.0,101.0,2.399,-9.601,-9.51,24,0.2073,24,Latest chronological test-window forecast
2025-05-31 11:00:00,12,239,247,Bronx,West Concourse,Boro Zone,0.0,2.0,0.0,2.0,0.0,,253,0.0,253,Latest chronological test-window forecast
2025-05-31 11:00:00,12,240,248,Bronx,West Farms/Bronx River,Boro Zone,0.816,1.0,1.0,0.184,-0.184,-18.4,178,0.0019,175,Latest chronological test-window forecast
2025-05-31 11:00:00,12,241,249,Manhattan,West Village,Yellow Zone,75.096,77.0,83.0,1.904,-7.904,-9.52,28,0.1703,28,Latest chronological test-window forecast
2025-05-31 11:00:00,12,242,250,Bronx,Westchester Village/Unionport,Boro Zone,0.819,0.0,1.0,0.819,-0.181,-18.1,159,0.0019,176,Latest chronological test-window forecast
2025-05-31 11:00:00,12,243,251,Staten Island,Westerleigh,Boro Zone,0.0,0.0,0.0,0.0,0.0,,254,0.0,254,Latest chronological test-window forecast
2025-05-31 11:00:00,12,244,252,Queens,Whitestone,Boro Zone,0.818,1.0,1.0,0.182,-0.182,-18.2,164,0.0019,177,Latest chronological test-window forecast
2025-05-31 11:00:00,12,245,253,Queens,Willets Point,Boro Zone,0.0,0.0,0.0,0.0,0.0,,255,0.0,255,Latest chronological test-window forecast
2025-05-31 11:00:00,12,246,254,Bronx,Williamsbridge/Olinville,Boro Zone,1.727,4.0,2.0,2.273,-0.273,-13.65,128,0.0039,148,Latest chronological test-window forecast
2025-05-31 11:00:00,12,247,255,Brooklyn,Williamsburg (North Side),Boro Zone,2.623,7.0,3.0,4.377,-0.377,-12.57,114,0.0059,116,Latest chronological test-window forecast
2025-05-31 11:00:00,12,248,256,Brooklyn,Williamsburg (South Side),Boro Zone,3.528,10.0,4.0,6.472,-0.472,-11.8,98,0.008,99,Latest chronological test-window forecast
2025-05-31 11:00:00,12,249,257,Brooklyn,Windsor Terrace,Boro Zone,0.815,0.0,1.0,0.815,-0.185,-18.5,180,0.0018,190,Latest chronological test-window forecast
2025-05-31 11:00:00,12,250,258,Queens,Woodhaven,Boro Zone,0.817,0.0,1.0,0.817,-0.183,-18.3,172,0.0019,178,Latest chronological test-window forecast
2025-05-31 11:00:00,12,251,259,Bronx,Woodlawn/Wakefield,Boro Zone,0.0,4.0,0.0,4.0,0.0,,256,0.0,256,Latest chronological test-window forecast
2025-05-31 11:00:00,12,252,260,Queens,Woodside,Boro Zone,2.627,4.0,3.0,1.373,-0.373,-12.43,111,0.006,112,Latest chronological test-window forecast
2025-05-31 11:00:00,12,253,261,Manhattan,World Trade Center,Yellow Zone,26.16,39.0,29.0,12.84,-2.84,-9.79,45,0.0593,45,Latest chronological test-window forecast
2025-05-31 11:00:00,12,254,262,Manhattan,Yorkville East,Yellow Zone,85.015,125.0,94.0,39.985,-8.985,-9.56,25,0.1928,26,Latest chronological test-window forecast
2025-05-31 11:00:00,12,255,263,Manhattan,Yorkville West,Yellow Zone,104.018,131.0,115.0,26.982,-10.982,-9.55,21,0.2359,21,Latest chronological test-window forecast
2025-05-31 12:00:00,13,0,1,EWR,Newark Airport,EWR,0.802,0.0,1.0,0.802,-0.198,-19.8,191,0.0016,152,Latest chronological test-window forecast
2025-05-31 12:00:00,13,1,2,Queens,Jamaica Bay,Boro Zone,0.0,0.0,0.0,0.0,0.0,,193,0.0,193,Latest chronological test-window forecast
2025-05-31 12:00:00,13,2,3,Bronx,Allerton/Pelham Gardens,Boro Zone,0.0,0.0,0.0,0.0,0.0,,194,0.0,194,Latest chronological test-window forecast
2025-05-31 12:00:00,13,3,4,Manhattan,Alphabet City,Yellow Zone,9.815,10.0,11.0,0.185,-1.185,-10.77,58,0.019,58,Latest chronological test-window forecast
2025-05-31 12:00:00,13,4,6,Staten Island,Arrochar/Fort Wadsworth,Boro Zone,0.0,1.0,0.0,1.0,0.0,,195,0.0,195,Latest chronological test-window forecast
2025-05-31 12:00:00,13,5,7,Queens,Astoria,Boro Zone,7.129,13.0,8.0,5.871,-0.871,-10.89,69,0.0138,66,Latest chronological test-window forecast
2025-05-31 12:00:00,13,6,8,Queens,Astoria Park,Boro Zone,0.0,0.0,0.0,0.0,0.0,,196,0.0,196,Latest chronological test-window forecast
2025-05-31 12:00:00,13,7,9,Queens,Auburndale,Boro Zone,0.811,0.0,1.0,0.811,-0.189,-18.9,161,0.0016,153,Latest chronological test-window forecast
2025-05-31 12:00:00,13,8,10,Queens,Baisley Park,Boro Zone,3.518,8.0,4.0,4.482,-0.482,-12.05,93,0.0068,90,Latest chronological test-window forecast
2025-05-31 12:00:00,13,9,11,Brooklyn,Bath Beach,Boro Zone,0.814,0.0,1.0,0.814,-0.186,-18.6,153,0.0016,154,Latest chronological test-window forecast
2025-05-31 12:00:00,13,10,12,Manhattan,Battery Park,Yellow Zone,1.704,4.0,2.0,2.296,-0.296,-14.8,150,0.0033,117,Latest chronological test-window forecast
2025-05-31 12:00:00,13,11,13,Manhattan,Battery Park City,Yellow Zone,31.432,44.0,35.0,12.568,-3.568,-10.19,44,0.0609,43,Latest chronological test-window forecast
2025-05-31 12:00:00,13,12,14,Brooklyn,Bay Ridge,Boro Zone,0.811,1.0,1.0,0.189,-0.189,-18.9,162,0.0016,155,Latest chronological test-window forecast
2025-05-31 12:00:00,13,13,15,Queens,Bay Terrace/Fort Totten,Boro Zone,0.0,0.0,0.0,0.0,0.0,,197,0.0,197,Latest chronological test-window forecast
2025-05-31 12:00:00,13,14,16,Queens,Bayside,Boro Zone,0.0,0.0,0.0,0.0,0.0,,198,0.0,198,Latest chronological test-window forecast
2025-05-31 12:00:00,13,15,17,Brooklyn,Bedford,Boro Zone,5.323,11.0,6.0,5.677,-0.677,-11.28,76,0.0103,74,Latest chronological test-window forecast
2025-05-31 12:00:00,13,16,18,Bronx,Bedford Park,Boro Zone,0.809,2.0,1.0,1.191,-0.191,-19.1,173,0.0016,156,Latest chronological test-window forecast
2025-05-31 12:00:00,13,17,19,Queens,Bellerose,Boro Zone,1.72,1.0,2.0,0.72,-0.28,-14.0,118,0.0033,118,Latest chronological test-window forecast
2025-05-31 12:00:00,13,18,20,Bronx,Belmont,Boro Zone,0.809,3.0,1.0,2.191,-0.191,-19.1,174,0.0016,157,Latest chronological test-window forecast
2025-05-31 12:00:00,13,19,21,Brooklyn,Bensonhurst East,Boro Zone,0.815,0.0,1.0,0.815,-0.185,-18.5,152,0.0016,158,Latest chronological test-window forecast
2025-05-31 12:00:00,13,20,22,Brooklyn,Bensonhurst West,Boro Zone,0.0,0.0,0.0,0.0,0.0,,199,0.0,199,Latest chronological test-window forecast
2025-05-31 12:00:00,13,21,23,Staten Island,Bloomfield/Emerson Hill,Boro Zone,0.0,0.0,0.0,0.0,0.0,,200,0.0,200,Latest chronological test-window forecast
2025-05-31 12:00:00,13,22,24,Manhattan,Bloomingdale,Yellow Zone,15.217,20.0,17.0,4.783,-1.783,-10.49,53,0.0295,53,Latest chronological test-window forecast
2025-05-31 12:00:00,13,23,25,Brooklyn,Boerum Hill,Boro Zone,3.514,3.0,4.0,0.514,-0.486,-12.15,95,0.0068,91,Latest chronological test-window forecast
2025-05-31 12:00:00,13,24,26,Brooklyn,Borough Park,Boro Zone,1.718,0.0,2.0,1.718,-0.282,-14.1,120,0.0033,119,Latest chronological test-window forecast
2025-05-31 12:00:00,13,25,27,Queens,Breezy Point/Fort Tilden/Riis Beach,Boro Zone,0.0,0.0,0.0,0.0,0.0,,201,0.0,201,Latest chronological test-window forecast
2025-05-31 12:00:00,13,26,28,Queens,Briarwood/Jamaica Hills,Boro Zone,0.81,1.0,1.0,0.19,-0.19,-19.0,167,0.0016,159,Latest chronological test-window forecast
2025-05-31 12:00:00,13,27,29,Brooklyn,Brighton Beach,Boro Zone,0.814,0.0,1.0,0.814,-0.186,-18.6,154,0.0016,160,Latest chronological test-window forecast
2025-05-31 12:00:00,13,28,30,Queens,Broad Channel,Boro Zone,0.0,0.0,0.0,0.0,0.0,,202,0.0,202,Latest chronological test-window forecast
2025-05-31 12:00:00,13,29,31,Bronx,Bronx Park,Boro Zone,0.0,1.0,0.0,1.0,0.0,,203,0.0,203,Latest chronological test-window forecast
2025-05-31 12:00:00,13,30,32,Bronx,Bronxdale,Boro Zone,0.811,2.0,1.0,1.189,-0.189,-18.9,163,0.0016,161,Latest chronological test-window forecast
2025-05-31 12:00:00,13,31,33,Brooklyn,Brooklyn Heights,Boro Zone,5.308,8.0,6.0,2.692,-0.692,-11.53,79,0.0103,75,Latest chronological test-window forecast
2025-05-31 12:00:00,13,32,34,Brooklyn,Brooklyn Navy Yard,Boro Zone,0.0,0.0,0.0,0.0,0.0,,204,0.0,204,Latest chronological test-window forecast
2025-05-31 12:00:00,13,33,35,Brooklyn,Brownsville,Boro Zone,4.428,9.0,5.0,4.572,-0.572,-11.44,82,0.0086,80,Latest chronological test-window forecast
2025-05-31 12:00:00,13,34,36,Brooklyn,Bushwick North,Boro Zone,1.708,4.0,2.0,2.292,-0.292,-14.6,147,0.0033,120,Latest chronological test-window forecast
2025-05-31 12:00:00,13,35,37,Brooklyn,Bushwick South,Boro Zone,1.708,9.0,2.0,7.292,-0.292,-14.6,148,0.0033,121,Latest chronological test-window forecast
2025-05-31 12:00:00,13,36,38,Queens,Cambria Heights,Boro Zone,1.71,1.0,2.0,0.71,-0.29,-14.5,144,0.0033,122,Latest chronological test-window forecast
2025-05-31 12:00:00,13,37,39,Brooklyn,Canarsie,Boro Zone,5.332,3.0,6.0,2.332,-0.668,-11.13,75,0.0103,76,Latest chronological test-window forecast
2025-05-31 12:00:00,13,38,40,Brooklyn,Carroll Gardens,Boro Zone,2.606,1.0,3.0,1.606,-0.394,-13.13,116,0.0051,101,Latest chronological test-window forecast
2025-05-31 12:00:00,13,39,41,Manhattan,Central Harlem,Boro Zone,26.982,37.0,30.0,10.018,-3.018,-10.06,46,0.0523,46,Latest chronological test-window forecast
2025-05-31 12:00:00,13,40,42,Manhattan,Central Harlem North,Boro Zone,15.262,20.0,17.0,4.738,-1.738,-10.22,52,0.0296,52,Latest chronological test-window forecast
2025-05-31 12:00:00,13,41,43,Manhattan,Central Park,Yellow Zone,97.222,95.0,108.0,2.222,-10.778,-9.98,21,0.1884,21,Latest chronological test-window forecast
2025-05-31 12:00:00,13,42,44,Staten Island,Charleston/Tottenville,Boro Zone,0.0,0.0,0.0,0.0,0.0,,205,0.0,205,Latest chronological test-window forecast
2025-05-31 12:00:00,13,43,45,Manhattan,Chinatown,Yellow Zone,10.712,9.0,12.0,1.712,-1.288,-10.73,56,0.0208,56,Latest chronological test-window forecast
2025-05-31 12:00:00,13,44,46,Bronx,City Island,Boro Zone,0.0,0.0,0.0,0.0,0.0,,206,0.0,206,Latest chronological test-window forecast
2025-05-31 12:00:00,13,45,47,Bronx,Claremont/Bathgate,Boro Zone,0.809,2.0,1.0,1.191,-0.191,-19.1,175,0.0016,162,Latest chronological test-window forecast
2025-05-31 12:00:00,13,46,48,Manhattan,Clinton East,Yellow Zone,85.493,131.0,95.0,45.507,-9.507,-10.01,25,0.1657,25,Latest chronological test-window forecast
2025-05-31 12:00:00,13,47,49,Brooklyn,Clinton Hill,Boro Zone,3.512,6.0,4.0,2.488,-0.488,-12.2,96,0.0068,92,Latest chronological test-window forecast
2025-05-31 12:00:00,13,48,50,Manhattan,Clinton West,Yellow Zone,37.745,55.0,42.0,17.255,-4.255,-10.13,42,0.0732,42,Latest chronological test-window forecast
2025-05-31 12:00:00,13,49,51,Bronx,Co-Op City,Boro Zone,0.811,3.0,1.0,2.189,-0.189,-18.9,164,0.0016,163,Latest chronological test-window forecast
2025-05-31 12:00:00,13,50,52,Brooklyn,Cobble Hill,Boro Zone,5.309,1.0,6.0,4.309,-0.691,-11.52,78,0.0103,77,Latest chronological test-window forecast
2025-05-31 12:00:00,13,51,53,Queens,College Point,Boro Zone,0.0,0.0,0.0,0.0,0.0,,207,0.0,207,Latest chronological test-window forecast
2025-05-31 12:00:00,13,52,54,Brooklyn,Columbia Street,Boro Zone,0.802,0.0,1.0,0.802,-0.198,-19.8,192,0.0016,164,Latest chronological test-window forecast
2025-05-31 12:00:00,13,53,55,Brooklyn,Coney Island,Boro Zone,4.44,2.0,5.0,2.44,-0.56,-11.2,80,0.0086,81,Latest chronological test-window forecast
2025-05-31 12:00:00,13,54,56,Queens,Corona,Boro Zone,0.809,3.0,1.0,2.191,-0.191,-19.1,176,0.0016,165,Latest chronological test-window forecast
2025-05-31 12:00:00,13,55,57,Queens,Corona,Boro Zone,0.0,0.0,0.0,0.0,0.0,,208,0.0,208,Latest chronological test-window forecast
2025-05-31 12:00:00,13,56,58,Bronx,Country Club,Boro Zone,0.0,0.0,0.0,0.0,0.0,,209,0.0,209,Latest chronological test-window forecast
2025-05-31 12:00:00,13,57,59,Bronx,Crotona Park,Boro Zone,0.0,0.0,0.0,0.0,0.0,,210,0.0,210,Latest chronological test-window forecast
2025-05-31 12:00:00,13,58,60,Bronx,Crotona Park East,Boro Zone,1.715,2.0,2.0,0.285,-0.285,-14.25,128,0.0033,123,Latest chronological test-window forecast
2025-05-31 12:00:00,13,59,61,Brooklyn,Crown Heights North,Boro Zone,8.935,12.0,10.0,3.065,-1.065,-10.65,61,0.0173,61,Latest chronological test-window forecast
2025-05-31 12:00:00,13,60,62,Brooklyn,Crown Heights South,Boro Zone,1.712,3.0,2.0,1.288,-0.288,-14.4,138,0.0033,124,Latest chronological test-window forecast
2025-05-31 12:00:00,13,61,63,Brooklyn,Cypress Hills,Boro Zone,1.712,3.0,2.0,1.288,-0.288,-14.4,139,0.0033,125,Latest chronological test-window forecast
2025-05-31 12:00:00,13,62,64,Queens,Douglaston,Boro Zone,0.0,0.0,0.0,0.0,0.0,,211,0.0,211,Latest chronological test-window forecast
2025-05-31 12:00:00,13,63,65,Brooklyn,Downtown Brooklyn/MetroTech,Boro Zone,8.011,6.0,9.0,2.011,-0.989,-10.99,64,0.0155,63,Latest chronological test-window forecast
2025-05-31 12:00:00,13,64,66,Brooklyn,DUMBO/Vinegar Hill,Boro Zone,4.405,7.0,5.0,2.595,-0.595,-11.9,89,0.0085,88,Latest chronological test-window forecast
2025-05-31 12:00:00,13,65,67,Brooklyn,Dyker Heights,Boro Zone,0.0,0.0,0.0,0.0,0.0,,212,0.0,212,Latest chronological test-window forecast
2025-05-31 12:00:00,13,66,68,Manhattan,East Chelsea,Yellow Zone,147.661,151.0,164.0,3.339,-16.339,-9.96,11,0.2862,11,Latest chronological test-window forecast
2025-05-31 12:00:00,13,67,69,Bronx,East Concourse/Concourse Village,Boro Zone,0.81,1.0,1.0,0.19,-0.19,-19.0,168,0.0016,166,Latest chronological test-window forecast
2025-05-31 12:00:00,13,68,70,Queens,East Elmhurst,Boro Zone,20.622,16.0,23.0,4.622,-2.378,-10.34,49,0.04,49,Latest chronological test-window forecast
2025-05-31 12:00:00,13,69,71,Brooklyn,East Flatbush/Farragut,Boro Zone,0.809,4.0,1.0,3.191,-0.191,-19.1,177,0.0016,167,Latest chronological test-window forecast
2025-05-31 12:00:00,13,70,72,Brooklyn,East Flatbush/Remsen Village,Boro Zone,7.139,9.0,8.0,1.861,-0.861,-10.76,67,0.0138,67,Latest chronological test-window forecast
2025-05-31 12:00:00,13,71,73,Queens,East Flushing,Boro Zone,0.0,0.0,0.0,0.0,0.0,,213,0.0,213,Latest chronological test-window forecast
2025-05-31 12:00:00,13,72,74,Manhattan,East Harlem North,Boro Zone,26.079,34.0,29.0,7.921,-2.921,-10.07,47,0.0505,47,Latest chronological test-window forecast
2025-05-31 12:00:00,13,73,75,Manhattan,East Harlem South,Boro Zone,52.211,54.0,58.0,1.789,-5.789,-9.98,36,0.1012,36,Latest chronological test-window forecast
2025-05-31 12:00:00,13,74,76,Brooklyn,East New York,Boro Zone,9.851,10.0,11.0,0.149,-1.149,-10.45,57,0.0191,57,Latest chronological test-window forecast
2025-05-31 12:00:00,13,75,77,Brooklyn,East New York/Pennsylvania Avenue,Boro Zone,4.425,3.0,5.0,1.425,-0.575,-11.5,83,0.0086,82,Latest chronological test-window forecast
2025-05-31 12:00:00,13,76,78,Bronx,East Tremont,Boro Zone,0.81,6.0,1.0,5.19,-0.19,-19.0,169,0.0016,168,Latest chronological test-window forecast
2025-05-31 12:00:00,13,77,79,Manhattan,East Village,Yellow Zone,64.774,108.0,72.0,43.226,-7.226,-10.04,34,0.1255,34,Latest chronological test-window forecast
2025-05-31 12:00:00,13,78,80,Brooklyn,East Williamsburg,Boro Zone,2.608,9.0,3.0,6.392,-0.392,-13.07,113,0.0051,102,Latest chronological test-window forecast
2025-05-31 12:00:00,13,79,81,Bronx,Eastchester,Boro Zone,1.718,3.0,2.0,1.282,-0.282,-14.1,121,0.0033,126,Latest chronological test-window forecast
2025-05-31 12:00:00,13,80,82,Queens,Elmhurst,Boro Zone,1.713,4.0,2.0,2.287,-0.287,-14.35,135,0.0033,127,Latest chronological test-window forecast
2025-05-31 12:00:00,13,81,83,Queens,Elmhurst/Maspeth,Boro Zone,2.612,3.0,3.0,0.388,-0.388,-12.93,110,0.0051,103,Latest chronological test-window forecast
2025-05-31 12:00:00,13,82,84,Staten Island,Eltingville/Annadale/Prince's Bay,Boro Zone,0.0,0.0,0.0,0.0,0.0,,214,0.0,214,Latest chronological test-window forecast
2025-05-31 12:00:00,13,83,85,Brooklyn,Erasmus,Boro Zone,0.808,1.0,1.0,0.192,-0.192,-19.2,185,0.0016,169,Latest chronological test-window forecast
2025-05-31 12:00:00,13,84,86,Queens,Far Rockaway,Boro Zone,0.809,1.0,1.0,0.191,-0.191,-19.1,178,0.0016,170,Latest chronological test-window forecast
2025-05-31 12:00:00,13,85,87,Manhattan,Financial District North,Yellow Zone,19.724,35.0,22.0,15.276,-2.276,-10.35,51,0.0382,50,Latest chronological test-window forecast
2025-05-31 12:00:00,13,86,88,Manhattan,Financial District South,Yellow Zone,19.725,12.0,22.0,7.725,-2.275,-10.34,50,0.0382,51,Latest chronological test-window forecast
2025-05-31 12:00:00,13,87,89,Brooklyn,Flatbush/Ditmas Park,Boro Zone,7.145,9.0,8.0,1.855,-0.855,-10.69,66,0.0138,68,Latest chronological test-window forecast
2025-05-31 12:00:00,13,88,90,Manhattan,Flatiron,Yellow Zone,83.716,89.0,93.0,5.284,-9.284,-9.98,26,0.1622,26,Latest chronological test-window forecast
2025-05-31 12:00:00,13,89,91,Brooklyn,Flatlands,Boro Zone,5.336,7.0,6.0,1.664,-0.664,-11.07,74,0.0103,78,Latest chronological test-window forecast
2025-05-31 12:00:00,13,90,92,Queens,Flushing,Boro Zone,1.716,2.0,2.0,0.284,-0.284,-14.2,126,0.0033,128,Latest chronological test-window forecast
2025-05-31 12:00:00,13,91,93,Queens,Flushing Meadows-Corona Park,Boro Zone,0.0,1.0,0.0,1.0,0.0,,215,0.0,215,Latest chronological test-window forecast
2025-05-31 12:00:00,13,92,94,Bronx,Fordham South,Boro Zone,1.712,1.0,2.0,0.712,-0.288,-14.4,140,0.0033,129,Latest chronological test-window forecast
2025-05-31 12:00:00,13,93,95,Queens,Forest Hills,Boro Zone,4.429,3.0,5.0,1.429,-0.571,-11.42,81,0.0086,83,Latest chronological test-window forecast
2025-05-31 12:00:00,13,94,96,Queens,Forest Park/Highland Park,Boro Zone,0.0,0.0,0.0,0.0,0.0,,216,0.0,216,Latest chronological test-window forecast
2025-05-31 12:00:00,13,95,97,Brooklyn,Fort Greene,Boro Zone,4.413,6.0,5.0,1.587,-0.587,-11.74,87,0.0086,84,Latest chronological test-window forecast
2025-05-31 12:00:00,13,96,98,Queens,Fresh Meadows,Boro Zone,0.0,0.0,0.0,0.0,0.0,,217,0.0,217,Latest chronological test-window forecast
2025-05-31 12:00:00,13,97,100,Manhattan,Garment District,Yellow Zone,64.784,74.0,72.0,9.216,-7.216,-10.02,33,0.1256,33,Latest chronological test-window forecast
2025-05-31 12:00:00,13,98,101,Queens,Glen Oaks,Boro Zone,0.0,0.0,0.0,0.0,0.0,,218,0.0,218,Latest chronological test-window forecast
2025-05-31 12:00:00,13,99,102,Queens,Glendale,Boro Zone,0.809,2.0,1.0,1.191,-0.191,-19.1,179,0.0016,171,Latest chronological test-window forecast
2025-05-31 12:00:00,13,100,106,Brooklyn,Gowanus,Boro Zone,0.0,1.0,0.0,1.0,0.0,,219,0.0,219,Latest chronological test-window forecast
2025-05-31 12:00:00,13,101,107,Manhattan,Gramercy,Yellow Zone,100.816,142.0,112.0,41.184,-11.184,-9.99,20,0.1954,20,Latest chronological test-window forecast
2025-05-31 12:00:00,13,102,108,Brooklyn,Gravesend,Boro Zone,0.814,0.0,1.0,0.814,-0.186,-18.6,155,0.0016,172,Latest chronological test-window forecast
2025-05-31 12:00:00,13,103,109,Staten Island,Great Kills,Boro Zone,0.0,0.0,0.0,0.0,0.0,,220,0.0,220,Latest chronological test-window forecast
2025-05-31 12:00:00,13,104,111,Brooklyn,Green-Wood Cemetery,Boro Zone,0.0,0.0,0.0,0.0,0.0,,221,0.0,221,Latest chronological test-window forecast
2025-05-31 12:00:00,13,105,112,Brooklyn,Greenpoint,Boro Zone,4.41,5.0,5.0,0.59,-0.59,-11.8,88,0.0085,89,Latest chronological test-window forecast
2025-05-31 12:00:00,13,106,113,Manhattan,Greenwich Village North,Yellow Zone,82.796,81.0,92.0,1.796,-9.204,-10.0,28,0.1605,28,Latest chronological test-window forecast
2025-05-31 12:00:00,13,107,114,Manhattan,Greenwich Village South,Yellow Zone,50.376,56.0,56.0,5.624,-5.624,-10.04,37,0.0976,37,Latest chronological test-window forecast
2025-05-31 12:00:00,13,108,115,Staten Island,Grymes Hill/Clifton,Boro Zone,0.0,0.0,0.0,0.0,0.0,,222,0.0,222,Latest chronological test-window forecast
2025-05-31 12:00:00,13,109,116,Manhattan,Hamilton Heights,Boro Zone,7.119,14.0,8.0,6.881,-0.881,-11.01,71,0.0138,69,Latest chronological test-window forecast
2025-05-31 12:00:00,13,110,117,Queens,Hammels/Arverne,Boro Zone,1.715,0.0,2.0,1.715,-0.285,-14.25,129,0.0033,130,Latest chronological test-window forecast
2025-05-31 12:00:00,13,111,118,Staten Island,Heartland Village/Todt Hill,Boro Zone,0.0,0.0,0.0,0.0,0.0,,223,0.0,223,Latest chronological test-window forecast
2025-05-31 12:00:00,13,112,119,Bronx,Highbridge,Boro Zone,1.711,0.0,2.0,1.711,-0.289,-14.45,143,0.0033,131,Latest chronological test-window forecast
2025-05-31 12:00:00,13,113,120,Manhattan,Highbridge Park,Boro Zone,1.704,0.0,2.0,1.704,-0.296,-14.8,151,0.0033,132,Latest chronological test-window forecast
2025-05-31 12:00:00,13,114,121,Queens,Hillcrest/Pomonok,Boro Zone,1.717,0.0,2.0,1.717,-0.283,-14.15,124,0.0033,133,Latest chronological test-window forecast
2025-05-31 12:00:00,13,115,122,Queens,Hollis,Boro Zone,1.718,1.0,2.0,0.718,-0.282,-14.1,122,0.0033,134,Latest chronological test-window forecast
2025-05-31 12:00:00,13,116,123,Brooklyn,Homecrest,Boro Zone,2.631,1.0,3.0,1.631,-0.369,-12.3,101,0.0051,104,Latest chronological test-window forecast
2025-05-31 12:00:00,13,117,124,Queens,Howard Beach,Boro Zone,0.0,1.0,0.0,1.0,0.0,,224,0.0,224,Latest chronological test-window forecast
2025-05-31 12:00:00,13,118,125,Manhattan,Hudson Sq,Yellow Zone,23.339,30.0,26.0,6.661,-2.661,-10.23,48,0.0452,48,Latest chronological test-window forecast
2025-05-31 12:00:00,13,119,126,Bronx,Hunts Point,Boro Zone,0.81,1.0,1.0,0.19,-0.19,-19.0,170,0.0016,173,Latest chronological test-window forecast
2025-05-31 12:00:00,13,120,127,Manhattan,Inwood,Boro Zone,0.806,0.0,1.0,0.806,-0.194,-19.4,187,0.0016,174,Latest chronological test-window forecast
2025-05-31 12:00:00,13,121,128,Manhattan,Inwood Hill Park,Boro Zone,0.0,0.0,0.0,0.0,0.0,,225,0.0,225,Latest chronological test-window forecast
2025-05-31 12:00:00,13,122,129,Queens,Jackson Heights,Boro Zone,7.133,6.0,8.0,1.133,-0.867,-10.84,68,0.0138,70,Latest chronological test-window forecast
2025-05-31 12:00:00,13,123,130,Queens,Jamaica,Boro Zone,8.955,5.0,10.0,3.955,-1.045,-10.45,60,0.0174,59,Latest chronological test-window forecast
2025-05-31 12:00:00,13,124,131,Queens,Jamaica Estates,Boro Zone,0.0,1.0,0.0,1.0,0.0,,226,0.0,226,Latest chronological test-window forecast
2025-05-31 12:00:00,13,125,132,Queens,JFK Airport,Airports,156.777,200.0,174.0,43.223,-17.223,-9.9,10,0.3038,10,Latest chronological test-window forecast
2025-05-31 12:00:00,13,126,133,Brooklyn,Kensington,Boro Zone,0.811,4.0,1.0,3.189,-0.189,-18.9,165,0.0016,175,Latest chronological test-window forecast
2025-05-31 12:00:00,13,127,134,Queens,Kew Gardens,Boro Zone,1.714,2.0,2.0,0.286,-0.286,-14.3,131,0.0033,135,Latest chronological test-window forecast
2025-05-31 12:00:00,13,128,135,Queens,Kew Gardens Hills,Boro Zone,0.81,0.0,1.0,0.81,-0.19,-19.0,171,0.0016,176,Latest chronological test-window forecast
2025-05-31 12:00:00,13,129,136,Bronx,Kingsbridge Heights,Boro Zone,1.713,2.0,2.0,0.287,-0.287,-14.35,136,0.0033,136,Latest chronological test-window forecast
2025-05-31 12:00:00,13,130,137,Manhattan,Kips Bay,Yellow Zone,69.269,54.0,77.0,15.269,-7.731,-10.04,30,0.1342,30,Latest chronological test-window forecast
2025-05-31 12:00:00,13,131,138,Queens,LaGuardia Airport,Airports,181.895,131.0,202.0,50.895,-20.105,-9.95,6,0.3525,6,Latest chronological test-window forecast
2025-05-31 12:00:00,13,132,139,Queens,Laurelton,Boro Zone,0.809,0.0,1.0,0.809,-0.191,-19.1,180,0.0016,177,Latest chronological test-window forecast
2025-05-31 12:00:00,13,133,140,Manhattan,Lenox Hill East,Yellow Zone,139.599,121.0,155.0,18.599,-15.401,-9.94,14,0.2706,14,Latest chronological test-window forecast
2025-05-31 12:00:00,13,134,141,Manhattan,Lenox Hill West,Yellow Zone,135.043,180.0,150.0,44.957,-14.957,-9.97,16,0.2617,16,Latest chronological test-window forecast
2025-05-31 12:00:00,13,135,142,Manhattan,Lincoln Square East,Yellow Zone,200.81,228.0,223.0,27.19,-22.19,-9.95,4,0.3892,4,Latest chronological test-window forecast
2025-05-31 12:00:00,13,136,143,Manhattan,Lincoln Square West,Yellow Zone,81.89,81.0,91.0,0.89,-9.11,-10.01,29,0.1587,29,Latest chronological test-window forecast
2025-05-31 12:00:00,13,137,144,Manhattan,Little Italy/NoLiTa,Yellow Zone,40.456,84.0,45.0,43.544,-4.544,-10.1,40,0.0784,40,Latest chronological test-window forecast
2025-05-31 12:00:00,13,138,145,Queens,Long Island City/Hunters Point,Boro Zone,5.315,5.0,6.0,0.315,-0.685,-11.42,77,0.0103,79,Latest chronological test-window forecast
2025-05-31 12:00:00,13,139,146,Queens,Long Island City/Queens Plaza,Boro Zone,3.506,5.0,4.0,1.494,-0.494,-12.35,100,0.0068,93,Latest chronological test-window forecast
2025-05-31 12:00:00,13,140,147,Bronx,Longwood,Boro Zone,0.809,1.0,1.0,0.191,-0.191,-19.1,181,0.0016,178,Latest chronological test-window forecast
2025-05-31 12:00:00,13,141,148,Manhattan,Lower East Side,Yellow Zone,29.635,43.0,33.0,13.365,-3.365,-10.2,45,0.0574,45,Latest chronological test-window forecast
2025-05-31 12:00:00,13,142,149,Brooklyn,Madison,Boro Zone,1.722,2.0,2.0,0.278,-0.278,-13.9,117,0.0033,137,Latest chronological test-window forecast
2025-05-31 12:00:00,13,143,150,Brooklyn,Manhattan Beach,Boro Zone,0.0,1.0,0.0,1.0,0.0,,227,0.0,227,Latest chronological test-window forecast
2025-05-31 12:00:00,13,144,151,Manhattan,Manhattan Valley,Yellow Zone,57.559,78.0,64.0,20.441,-6.441,-10.06,35,0.1116,35,Latest chronological test-window forecast
2025-05-31 12:00:00,13,145,152,Manhattan,Manhattanville,Boro Zone,8.015,4.0,9.0,4.015,-0.985,-10.94,63,0.0155,64,Latest chronological test-window forecast
2025-05-31 12:00:00,13,146,153,Manhattan,Marble Hill,Boro Zone,0.0,1.0,0.0,1.0,0.0,,228,0.0,228,Latest chronological test-window forecast
2025-05-31 12:00:00,13,147,154,Brooklyn,Marine Park/Floyd Bennett Field,Boro Zone,0.0,0.0,0.0,0.0,0.0,,229,0.0,229,Latest chronological test-window forecast
2025-05-31 12:00:00,13,148,155,Brooklyn,Marine Park/Mill Basin,Boro Zone,2.622,3.0,3.0,0.378,-0.378,-12.6,104,0.0051,105,Latest chronological test-window forecast
2025-05-31 12:00:00,13,149,156,Staten Island,Mariners Harbor,Boro Zone,0.0,0.0,0.0,0.0,0.0,,230,0.0,230,Latest chronological test-window forecast
2025-05-31 12:00:00,13,150,157,Queens,Maspeth,Boro Zone,0.806,3.0,1.0,2.194,-0.194,-19.4,188,0.0016,179,Latest chronological test-window forecast
2025-05-31 12:00:00,13,151,158,Manhattan,Meatpacking/West Village West,Yellow Zone,42.263,68.0,47.0,25.737,-4.737,-10.08,39,0.0819,39,Latest chronological test-window forecast
2025-05-31 12:00:00,13,152,159,Bronx,Melrose South,Boro Zone,0.809,9.0,1.0,8.191,-0.191,-19.1,182,0.0016,180,Latest chronological test-window forecast
2025-05-31 12:00:00,13,153,160,Queens,Middle Village,Boro Zone,1.712,1.0,2.0,0.712,-0.288,-14.4,141,0.0033,138,Latest chronological test-window forecast
2025-05-31 12:00:00,13,154,161,Manhattan,Midtown Center,Yellow Zone,271.129,265.0,301.0,6.129,-29.871,-9.92,3,0.5255,3,Latest chronological test-window forecast
2025-05-31 12:00:00,13,155,162,Manhattan,Midtown East,Yellow Zone,190.931,179.0,212.0,11.931,-21.069,-9.94,5,0.37,5,Latest chronological test-window forecast
2025-05-31 12:00:00,13,156,163,Manhattan,Midtown North,Yellow Zone,144.078,188.0,160.0,43.922,-15.922,-9.95,12,0.2792,12,Latest chronological test-window forecast
2025-05-31 12:00:00,13,157,164,Manhattan,Midtown South,Yellow Zone,83.697,118.0,93.0,34.303,-9.303,-10.0,27,0.1622,27,Latest chronological test-window forecast
2025-05-31 12:00:00,13,158,165,Brooklyn,Midwood,Boro Zone,2.628,0.0,3.0,2.628,-0.372,-12.4,102,0.0051,106,Latest chronological test-window forecast
2025-05-31 12:00:00,13,159,166,Manhattan,Morningside Heights,Boro Zone,45.871,42.0,51.0,3.871,-5.129,-10.06,38,0.0889,38,Latest chronological test-window forecast
2025-05-31 12:00:00,13,160,167,Bronx,Morrisania/Melrose,Boro Zone,2.619,2.0,3.0,0.619,-0.381,-12.7,106,0.0051,107,Latest chronological test-window forecast
2025-05-31 12:00:00,13,161,168,Bronx,Mott Haven/Port Morris,Boro Zone,1.714,12.0,2.0,10.286,-0.286,-14.3,132,0.0033,139,Latest chronological test-window forecast
2025-05-31 12:00:00,13,162,169,Bronx,Mount Hope,Boro Zone,1.715,4.0,2.0,2.285,-0.285,-14.25,130,0.0033,140,Latest chronological test-window forecast
2025-05-31 12:00:00,13,163,170,Manhattan,Murray Hill,Yellow Zone,178.31,173.0,198.0,5.31,-19.69,-9.94,7,0.3456,7,Latest chronological test-window forecast
2025-05-31 12:00:00,13,164,171,Queens,Murray Hill-Queens,Boro Zone,0.0,0.0,0.0,0.0,0.0,,231,0.0,231,Latest chronological test-window forecast
2025-05-31 12:00:00,13,165,172,Staten Island,New Dorp/Midland Beach,Boro Zone,0.0,0.0,0.0,0.0,0.0,,232,0.0,232,Latest chronological test-window forecast
2025-05-31 12:00:00,13,166,173,Queens,North Corona,Boro Zone,1.712,0.0,2.0,1.712,-0.288,-14.4,142,0.0033,141,Latest chronological test-window forecast
2025-05-31 12:00:00,13,167,174,Bronx,Norwood,Boro Zone,0.0,0.0,0.0,0.0,0.0,,233,0.0,233,Latest chronological test-window forecast
2025-05-31 12:00:00,13,168,175,Queens,Oakland Gardens,Boro Zone,0.812,0.0,1.0,0.812,-0.188,-18.8,158,0.0016,181,Latest chronological test-window forecast
2025-05-31 12:00:00,13,169,176,Staten Island,Oakwood,Boro Zone,0.0,0.0,0.0,0.0,0.0,,234,0.0,234,Latest chronological test-window forecast
2025-05-31 12:00:00,13,170,177,Brooklyn,Ocean Hill,Boro Zone,3.518,5.0,4.0,1.482,-0.482,-12.05,94,0.0068,94,Latest chronological test-window forecast
2025-05-31 12:00:00,13,171,178,Brooklyn,Ocean Parkway South,Boro Zone,0.814,0.0,1.0,0.814,-0.186,-18.6,156,0.0016,182,Latest chronological test-window forecast
2025-05-31 12:00:00,13,172,179,Queens,Old Astoria,Boro Zone,3.509,4.0,4.0,0.491,-0.491,-12.28,97,0.0068,95,Latest chronological test-window forecast
2025-05-31 12:00:00,13,173,180,Queens,Ozone Park,Boro Zone,3.525,3.0,4.0,0.525,-0.475,-11.88,92,0.0068,96,Latest chronological test-window forecast
2025-05-31 12:00:00,13,174,181,Brooklyn,Park Slope,Boro Zone,4.417,3.0,5.0,1.417,-0.583,-11.66,85,0.0086,85,Latest chronological test-window forecast
2025-05-31 12:00:00,13,175,182,Bronx,Parkchester,Boro Zone,2.613,1.0,3.0,1.613,-0.387,-12.9,109,0.0051,108,Latest chronological test-window forecast
2025-05-31 12:00:00,13,176,183,Bronx,Pelham Bay,Boro Zone,0.0,0.0,0.0,0.0,0.0,,235,0.0,235,Latest chronological test-window forecast
2025-05-31 12:00:00,13,177,184,Bronx,Pelham Bay Park,Boro Zone,0.0,0.0,0.0,0.0,0.0,,236,0.0,236,Latest chronological test-window forecast
2025-05-31 12:00:00,13,178,185,Bronx,Pelham Parkway,Boro Zone,0.0,2.0,0.0,2.0,0.0,,237,0.0,237,Latest chronological test-window forecast
2025-05-31 12:00:00,13,179,186,Manhattan,Penn Station/Madison Sq West,Yellow Zone,167.56,239.0,186.0,71.44,-18.44,-9.91,9,0.3247,9,Latest chronological test-window forecast
2025-05-31 12:00:00,13,180,187,Staten Island,Port Richmond,Boro Zone,0.0,0.0,0.0,0.0,0.0,,238,0.0,238,Latest chronological test-window forecast
2025-05-31 12:00:00,13,181,188,Brooklyn,Prospect-Lefferts Gardens,Boro Zone,8.038,8.0,9.0,0.038,-0.962,-10.69,62,0.0156,62,Latest chronological test-window forecast
2025-05-31 12:00:00,13,182,189,Brooklyn,Prospect Heights,Boro Zone,1.709,2.0,2.0,0.291,-0.291,-14.55,146,0.0033,142,Latest chronological test-window forecast
2025-05-31 12:00:00,13,183,190,Brooklyn,Prospect Park,Boro Zone,0.0,0.0,0.0,0.0,0.0,,239,0.0,239,Latest chronological test-window forecast
2025-05-31 12:00:00,13,184,191,Queens,Queens Village,Boro Zone,1.718,1.0,2.0,0.718,-0.282,-14.1,123,0.0033,143,Latest chronological test-window forecast
2025-05-31 12:00:00,13,185,192,Queens,Queensboro Hill,Boro Zone,0.812,0.0,1.0,0.812,-0.188,-18.8,159,0.0016,183,Latest chronological test-window forecast
2025-05-31 12:00:00,13,186,193,Queens,Queensbridge/Ravenswood,Boro Zone,3.508,5.0,4.0,1.492,-0.492,-12.3,98,0.0068,97,Latest chronological test-window forecast
2025-05-31 12:00:00,13,187,194,Manhattan,Randalls Island,Yellow Zone,0.0,0.0,0.0,0.0,0.0,,240,0.0,240,Latest chronological test-window forecast
2025-05-31 12:00:00,13,188,195,Brooklyn,Red Hook,Boro Zone,0.804,0.0,1.0,0.804,-0.196,-19.6,190,0.0016,184,Latest chronological test-window forecast
2025-05-31 12:00:00,13,189,196,Queens,Rego Park,Boro Zone,0.809,5.0,1.0,4.191,-0.191,-19.1,183,0.0016,185,Latest chronological test-window forecast
2025-05-31 12:00:00,13,190,197,Queens,Richmond Hill,Boro Zone,8.956,2.0,10.0,6.956,-1.044,-10.44,59,0.0174,60,Latest chronological test-window forecast
2025-05-31 12:00:00,13,191,198,Queens,Ridgewood,Boro Zone,1.71,3.0,2.0,1.29,-0.29,-14.5,145,0.0033,144,Latest chronological test-window forecast
2025-05-31 12:00:00,13,192,200,Bronx,Riverdale/North Riverdale/Fieldston,Boro Zone,0.0,1.0,0.0,1.0,0.0,,241,0.0,241,Latest chronological test-window forecast
2025-05-31 12:00:00,13,193,201,Queens,Rockaway Park,Boro Zone,0.0,0.0,0.0,0.0,0.0,,242,0.0,242,Latest chronological test-window forecast
2025-05-31 12:00:00,13,194,202,Manhattan,Roosevelt Island,Boro Zone,1.705,0.0,2.0,1.705,-0.295,-14.75,149,0.0033,145,Latest chronological test-window forecast
2025-05-31 12:00:00,13,195,203,Queens,Rosedale,Boro Zone,0.809,1.0,1.0,0.191,-0.191,-19.1,184,0.0016,186,Latest chronological test-window forecast
2025-05-31 12:00:00,13,196,204,Staten Island,Rossville/Woodrow,Boro Zone,0.0,0.0,0.0,0.0,0.0,,243,0.0,243,Latest chronological test-window forecast
2025-05-31 12:00:00,13,197,205,Queens,Saint Albans,Boro Zone,2.621,0.0,3.0,2.621,-0.379,-12.63,105,0.0051,109,Latest chronological test-window forecast
2025-05-31 12:00:00,13,198,206,Staten Island,Saint George/New Brighton,Boro Zone,0.0,0.0,0.0,0.0,0.0,,244,0.0,244,Latest chronological test-window forecast
2025-05-31 12:00:00,13,199,207,Queens,Saint Michaels Cemetery/Woodside,Boro Zone,0.0,1.0,0.0,1.0,0.0,,245,0.0,245,Latest chronological test-window forecast
2025-05-31 12:00:00,13,200,208,Bronx,Schuylerville/Edgewater Park,Boro Zone,0.0,1.0,0.0,1.0,0.0,,246,0.0,246,Latest chronological test-window forecast
2025-05-31 12:00:00,13,201,209,Manhattan,Seaport,Yellow Zone,13.416,7.0,15.0,6.416,-1.584,-10.56,54,0.026,54,Latest chronological test-window forecast
2025-05-31 12:00:00,13,202,210,Brooklyn,Sheepshead Bay,Boro Zone,0.814,1.0,1.0,0.186,-0.186,-18.6,157,0.0016,187,Latest chronological test-window forecast
2025-05-31 12:00:00,13,203,211,Manhattan,SoHo,Yellow Zone,31.444,56.0,35.0,24.556,-3.556,-10.16,43,0.0609,44,Latest chronological test-window forecast
2025-05-31 12:00:00,13,204,212,Bronx,Soundview/Bruckner,Boro Zone,0.0,0.0,0.0,0.0,0.0,,247,0.0,247,Latest chronological test-window forecast
2025-05-31 12:00:00,13,205,213,Bronx,Soundview/Castle Hill,Boro Zone,3.526,5.0,4.0,1.474,-0.474,-11.85,91,0.0068,98,Latest chronological test-window forecast
2025-05-31 12:00:00,13,206,214,Staten Island,South Beach/Dongan Hills,Boro Zone,0.0,0.0,0.0,0.0,0.0,,248,0.0,248,Latest chronological test-window forecast
2025-05-31 12:00:00,13,207,215,Queens,South Jamaica,Boro Zone,3.53,1.0,4.0,2.53,-0.47,-11.75,90,0.0068,99,Latest chronological test-window forecast
2025-05-31 12:00:00,13,208,216,Queens,South Ozone Park,Boro Zone,6.24,6.0,7.0,0.24,-0.76,-10.86,73,0.0121,73,Latest chronological test-window forecast
2025-05-31 12:00:00,13,209,217,Brooklyn,South Williamsburg,Boro Zone,2.612,1.0,3.0,1.612,-0.388,-12.93,111,0.0051,110,Latest chronological test-window forecast
2025-05-31 12:00:00,13,210,218,Queens,Springfield Gardens North,Boro Zone,2.623,1.0,3.0,1.623,-0.377,-12.57,103,0.0051,111,Latest chronological test-window forecast
2025-05-31 12:00:00,13,211,219,Queens,Springfield Gardens South,Boro Zone,2.619,0.0,3.0,2.619,-0.381,-12.7,107,0.0051,112,Latest chronological test-window forecast
2025-05-31 12:00:00,13,212,220,Bronx,Spuyten Duyvil/Kingsbridge,Boro Zone,0.0,1.0,0.0,1.0,0.0,,249,0.0,249,Latest chronological test-window forecast
2025-05-31 12:00:00,13,213,221,Staten Island,Stapleton,Boro Zone,0.0,0.0,0.0,0.0,0.0,,250,0.0,250,Latest chronological test-window forecast
2025-05-31 12:00:00,13,214,222,Brooklyn,Starrett City,Boro Zone,2.618,5.0,3.0,2.382,-0.382,-12.73,108,0.0051,113,Latest chronological test-window forecast
2025-05-31 12:00:00,13,215,223,Queens,Steinway,Boro Zone,2.608,4.0,3.0,1.392,-0.392,-13.07,114,0.0051,114,Latest chronological test-window forecast
2025-05-31 12:00:00,13,216,224,Manhattan,Stuy Town/Peter Cooper Village,Yellow Zone,7.111,16.0,8.0,8.889,-0.889,-11.11,72,0.0138,71,Latest chronological test-window forecast
2025-05-31 12:00:00,13,217,225,Brooklyn,Stuyvesant Heights,Boro Zone,4.418,12.0,5.0,7.582,-0.582,-11.64,84,0.0086,86,Latest chronological test-window forecast
2025-05-31 12:00:00,13,218,226,Queens,Sunnyside,Boro Zone,7.127,12.0,8.0,4.873,-0.873,-10.91,70,0.0138,72,Latest chronological test-window forecast
2025-05-31 12:00:00,13,219,227,Brooklyn,Sunset Park East,Boro Zone,1.72,0.0,2.0,1.72,-0.28,-14.0,119,0.0033,146,Latest chronological test-window forecast
2025-05-31 12:00:00,13,220,228,Brooklyn,Sunset Park West,Boro Zone,0.811,3.0,1.0,2.189,-0.189,-18.9,166,0.0016,188,Latest chronological test-window forecast
2025-05-31 12:00:00,13,221,229,Manhattan,Sutton Place/Turtle Bay North,Yellow Zone,91.814,133.0,102.0,41.186,-10.186,-9.99,23,0.1779,23,Latest chronological test-window forecast
2025-05-31 12:00:00,13,222,230,Manhattan,Times Sq/Theatre District,Yellow Zone,141.361,144.0,157.0,2.639,-15.639,-9.96,13,0.274,13,Latest chronological test-window forecast
2025-05-31 12:00:00,13,223,231,Manhattan,TriBeCa/Civic Center,Yellow Zone,87.287,77.0,97.0,10.287,-9.713,-10.01,24,0.1692,24,Latest chronological test-window forecast
2025-05-31 12:00:00,13,224,232,Manhattan,Two Bridges/Seward Park,Yellow Zone,8.01,11.0,9.0,2.99,-0.99,-11.0,65,0.0155,65,Latest chronological test-window forecast
2025-05-31 12:00:00,13,225,233,Manhattan,UN/Turtle Bay South,Yellow Zone,67.477,83.0,75.0,15.523,-7.523,-10.03,32,0.1308,32,Latest chronological test-window forecast
2025-05-31 12:00:00,13,226,234,Manhattan,Union Sq,Yellow Zone,136.902,159.0,152.0,22.098,-15.098,-9.93,15,0.2653,15,Latest chronological test-window forecast
2025-05-31 12:00:00,13,227,235,Bronx,University Heights/Morris Heights,Boro Zone,1.714,3.0,2.0,1.286,-0.286,-14.3,133,0.0033,147,Latest chronological test-window forecast
2025-05-31 12:00:00,13,228,236,Manhattan,Upper East Side North,Yellow Zone,339.553,346.0,377.0,6.447,-37.447,-9.93,2,0.6581,2,Latest chronological test-window forecast
2025-05-31 12:00:00,13,229,237,Manhattan,Upper East Side South,Yellow Zone,361.181,339.0,401.0,22.181,-39.819,-9.93,1,0.7,1,Latest chronological test-window forecast
2025-05-31 12:00:00,13,230,238,Manhattan,Upper West Side North,Yellow Zone,120.625,186.0,134.0,65.375,-13.375,-9.98,18,0.2338,18,Latest chronological test-window forecast
2025-05-31 12:00:00,13,231,239,Manhattan,Upper West Side South,Yellow Zone,171.081,190.0,190.0,18.919,-18.919,-9.96,8,0.3316,8,Latest chronological test-window forecast
2025-05-31 12:00:00,13,232,240,Bronx,Van Cortlandt Park,Boro Zone,0.806,0.0,1.0,0.806,-0.194,-19.4,189,0.0016,189,Latest chronological test-window forecast
2025-05-31 12:00:00,13,233,241,Bronx,Van Cortlandt Village,Boro Zone,0.0,0.0,0.0,0.0,0.0,,251,0.0,251,Latest chronological test-window forecast
2025-05-31 12:00:00,13,234,242,Bronx,Van Nest/Morris Park,Boro Zone,1.716,1.0,2.0,0.716,-0.284,-14.2,127,0.0033,148,Latest chronological test-window forecast
2025-05-31 12:00:00,13,235,243,Manhattan,Washington Heights North,Boro Zone,4.417,7.0,5.0,2.583,-0.583,-11.66,86,0.0086,87,Latest chronological test-window forecast
2025-05-31 12:00:00,13,236,244,Manhattan,Washington Heights South,Boro Zone,12.547,10.0,14.0,2.547,-1.453,-10.38,55,0.0243,55,Latest chronological test-window forecast
2025-05-31 12:00:00,13,237,245,Staten Island,West Brighton,Boro Zone,0.0,0.0,0.0,0.0,0.0,,252,0.0,252,Latest chronological test-window forecast
2025-05-31 12:00:00,13,238,246,Manhattan,West Chelsea/Hudson Yards,Yellow Zone,91.847,99.0,102.0,7.153,-10.153,-9.95,22,0.178,22,Latest chronological test-window forecast
2025-05-31 12:00:00,13,239,247,Bronx,West Concourse,Boro Zone,1.713,3.0,2.0,1.287,-0.287,-14.35,137,0.0033,149,Latest chronological test-window forecast
2025-05-31 12:00:00,13,240,248,Bronx,West Farms/Bronx River,Boro Zone,0.0,2.0,0.0,2.0,0.0,,253,0.0,253,Latest chronological test-window forecast
2025-05-31 12:00:00,13,241,249,Manhattan,West Village,Yellow Zone,68.413,86.0,76.0,17.587,-7.587,-9.98,31,0.1326,31,Latest chronological test-window forecast
2025-05-31 12:00:00,13,242,250,Bronx,Westchester Village/Unionport,Boro Zone,1.717,0.0,2.0,1.717,-0.283,-14.15,125,0.0033,150,Latest chronological test-window forecast
2025-05-31 12:00:00,13,243,251,Staten Island,Westerleigh,Boro Zone,0.0,0.0,0.0,0.0,0.0,,254,0.0,254,Latest chronological test-window forecast
2025-05-31 12:00:00,13,244,252,Queens,Whitestone,Boro Zone,0.0,0.0,0.0,0.0,0.0,,255,0.0,255,Latest chronological test-window forecast
2025-05-31 12:00:00,13,245,253,Queens,Willets Point,Boro Zone,0.0,0.0,0.0,0.0,0.0,,256,0.0,256,Latest chronological test-window forecast
2025-05-31 12:00:00,13,246,254,Bronx,Williamsbridge/Olinville,Boro Zone,0.81,4.0,1.0,3.19,-0.19,-19.0,172,0.0016,190,Latest chronological test-window forecast
2025-05-31 12:00:00,13,247,255,Brooklyn,Williamsburg (North Side),Boro Zone,2.607,4.0,3.0,1.393,-0.393,-13.1,115,0.0051,115,Latest chronological test-window forecast
2025-05-31 12:00:00,13,248,256,Brooklyn,Williamsburg (South Side),Boro Zone,3.508,3.0,4.0,0.508,-0.492,-12.3,99,0.0068,100,Latest chronological test-window forecast
2025-05-31 12:00:00,13,249,257,Brooklyn,Windsor Terrace,Boro Zone,0.807,1.0,1.0,0.193,-0.193,-19.3,186,0.0016,191,Latest chronological test-window forecast
2025-05-31 12:00:00,13,250,258,Queens,Woodhaven,Boro Zone,1.714,2.0,2.0,0.286,-0.286,-14.3,134,0.0033,151,Latest chronological test-window forecast
2025-05-31 12:00:00,13,251,259,Bronx,Woodlawn/Wakefield,Boro Zone,0.812,1.0,1.0,0.188,-0.188,-18.8,160,0.0016,192,Latest chronological test-window forecast
2025-05-31 12:00:00,13,252,260,Queens,Woodside,Boro Zone,2.611,2.0,3.0,0.611,-0.389,-12.97,112,0.0051,116,Latest chronological test-window forecast
2025-05-31 12:00:00,13,253,261,Manhattan,World Trade Center,Yellow Zone,38.642,48.0,43.0,9.358,-4.358,-10.13,41,0.0749,41,Latest chronological test-window forecast
2025-05-31 12:00:00,13,254,262,Manhattan,Yorkville East,Yellow Zone,105.319,93.0,117.0,12.319,-11.681,-9.98,19,0.2041,19,Latest chronological test-window forecast
2025-05-31 12:00:00,13,255,263,Manhattan,Yorkville West,Yellow Zone,127.843,126.0,142.0,1.843,-14.157,-9.97,17,0.2478,17,Latest chronological test-window forecast
2025-05-31 13:00:00,14,0,1,EWR,Newark Airport,EWR,0.0,0.0,0.0,0.0,0.0,,190,0.0,190,Latest chronological test-window forecast
2025-05-31 13:00:00,14,1,2,Queens,Jamaica Bay,Boro Zone,0.0,0.0,0.0,0.0,0.0,,191,0.0,191,Latest chronological test-window forecast
2025-05-31 13:00:00,14,2,3,Bronx,Allerton/Pelham Gardens,Boro Zone,0.792,1.0,1.0,0.208,-0.208,-20.8,156,0.0015,149,Latest chronological test-window forecast
2025-05-31 13:00:00,14,3,4,Manhattan,Alphabet City,Yellow Zone,9.747,13.0,11.0,3.253,-1.253,-11.39,65,0.0182,65,Latest chronological test-window forecast
2025-05-31 13:00:00,14,4,6,Staten Island,Arrochar/Fort Wadsworth,Boro Zone,0.0,0.0,0.0,0.0,0.0,,192,0.0,192,Latest chronological test-window forecast
2025-05-31 13:00:00,14,5,7,Queens,Astoria,Boro Zone,13.314,10.0,15.0,3.314,-1.686,-11.24,56,0.0248,56,Latest chronological test-window forecast
2025-05-31 13:00:00,14,6,8,Queens,Astoria Park,Boro Zone,0.0,0.0,0.0,0.0,0.0,,193,0.0,193,Latest chronological test-window forecast
2025-05-31 13:00:00,14,7,9,Queens,Auburndale,Boro Zone,0.0,0.0,0.0,0.0,0.0,,194,0.0,194,Latest chronological test-window forecast
2025-05-31 13:00:00,14,8,10,Queens,Baisley Park,Boro Zone,4.369,2.0,5.0,2.369,-0.631,-12.62,92,0.0081,92,Latest chronological test-window forecast
2025-05-31 13:00:00,14,9,11,Brooklyn,Bath Beach,Boro Zone,0.0,0.0,0.0,0.0,0.0,,195,0.0,195,Latest chronological test-window forecast
2025-05-31 13:00:00,14,10,12,Manhattan,Battery Park,Yellow Zone,3.476,5.0,4.0,1.524,-0.524,-13.1,102,0.0065,97,Latest chronological test-window forecast
2025-05-31 13:00:00,14,11,13,Manhattan,Battery Park City,Yellow Zone,42.825,50.0,48.0,7.175,-5.175,-10.78,42,0.0798,42,Latest chronological test-window forecast
2025-05-31 13:00:00,14,12,14,Brooklyn,Bay Ridge,Boro Zone,5.275,1.0,6.0,4.275,-0.725,-12.08,80,0.0098,80,Latest chronological test-window forecast
2025-05-31 13:00:00,14,13,15,Queens,Bay Terrace/Fort Totten,Boro Zone,0.0,0.0,0.0,0.0,0.0,,196,0.0,196,Latest chronological test-window forecast
2025-05-31 13:00:00,14,14,16,Queens,Bayside,Boro Zone,0.793,0.0,1.0,0.793,-0.207,-20.7,154,0.0015,150,Latest chronological test-window forecast
2025-05-31 13:00:00,14,15,17,Brooklyn,Bedford,Boro Zone,9.736,5.0,11.0,4.736,-1.264,-11.49,66,0.0181,66,Latest chronological test-window forecast
2025-05-31 13:00:00,14,16,18,Bronx,Bedford Park,Boro Zone,0.0,5.0,0.0,5.0,0.0,,197,0.0,197,Latest chronological test-window forecast
2025-05-31 13:00:00,14,17,19,Queens,Bellerose,Boro Zone,0.0,0.0,0.0,0.0,0.0,,198,0.0,198,Latest chronological test-window forecast
2025-05-31 13:00:00,14,18,20,Bronx,Belmont,Boro Zone,0.791,1.0,1.0,0.209,-0.209,-20.9,167,0.0015,151,Latest chronological test-window forecast
2025-05-31 13:00:00,14,19,21,Brooklyn,Bensonhurst East,Boro Zone,2.591,3.0,3.0,0.409,-0.409,-13.63,110,0.0048,110,Latest chronological test-window forecast
2025-05-31 13:00:00,14,20,22,Brooklyn,Bensonhurst West,Boro Zone,0.795,1.0,1.0,0.205,-0.205,-20.5,149,0.0015,152,Latest chronological test-window forecast
2025-05-31 13:00:00,14,21,23,Staten Island,Bloomfield/Emerson Hill,Boro Zone,0.0,0.0,0.0,0.0,0.0,,199,0.0,199,Latest chronological test-window forecast
2025-05-31 13:00:00,14,22,24,Manhattan,Bloomingdale,Yellow Zone,18.667,24.0,21.0,5.333,-2.333,-11.11,51,0.0348,51,Latest chronological test-window forecast
2025-05-31 13:00:00,14,23,25,Brooklyn,Boerum Hill,Boro Zone,1.683,4.0,2.0,2.317,-0.317,-15.85,143,0.0031,135,Latest chronological test-window forecast
2025-05-31 13:00:00,14,24,26,Brooklyn,Borough Park,Boro Zone,1.69,0.0,2.0,1.69,-0.31,-15.5,132,0.0032,130,Latest chronological test-window forecast
2025-05-31 13:00:00,14,25,27,Queens,Breezy Point/Fort Tilden/Riis Beach,Boro Zone,0.0,0.0,0.0,0.0,0.0,,200,0.0,200,Latest chronological test-window forecast
2025-05-31 13:00:00,14,26,28,Queens,Briarwood/Jamaica Hills,Boro Zone,2.583,4.0,3.0,1.417,-0.417,-13.9,115,0.0048,111,Latest chronological test-window forecast
2025-05-31 13:00:00,14,27,29,Brooklyn,Brighton Beach,Boro Zone,0.795,0.0,1.0,0.795,-0.205,-20.5,150,0.0015,153,Latest chronological test-window forecast
2025-05-31 13:00:00,14,28,30,Queens,Broad Channel,Boro Zone,0.0,0.0,0.0,0.0,0.0,,201,0.0,201,Latest chronological test-window forecast
2025-05-31 13:00:00,14,29,31,Bronx,Bronx Park,Boro Zone,0.0,1.0,0.0,1.0,0.0,,202,0.0,202,Latest chronological test-window forecast
2025-05-31 13:00:00,14,30,32,Bronx,Bronxdale,Boro Zone,0.792,0.0,1.0,0.792,-0.208,-20.8,157,0.0015,154,Latest chronological test-window forecast
2025-05-31 13:00:00,14,31,33,Brooklyn,Brooklyn Heights,Boro Zone,7.938,10.0,9.0,2.062,-1.062,-11.8,73,0.0148,71,Latest chronological test-window forecast
2025-05-31 13:00:00,14,32,34,Brooklyn,Brooklyn Navy Yard,Boro Zone,0.788,1.0,1.0,0.212,-0.212,-21.2,184,0.0015,155,Latest chronological test-window forecast
2025-05-31 13:00:00,14,33,35,Brooklyn,Brownsville,Boro Zone,6.165,7.0,7.0,0.835,-0.835,-11.93,76,0.0115,75,Latest chronological test-window forecast
2025-05-31 13:00:00,14,34,36,Brooklyn,Bushwick North,Boro Zone,1.683,1.0,2.0,0.683,-0.317,-15.85,144,0.0031,136,Latest chronological test-window forecast
2025-05-31 13:00:00,14,35,37,Brooklyn,Bushwick South,Boro Zone,4.366,10.0,5.0,5.634,-0.634,-12.68,95,0.0081,93,Latest chronological test-window forecast
2025-05-31 13:00:00,14,36,38,Queens,Cambria Heights,Boro Zone,3.474,1.0,4.0,2.474,-0.526,-13.15,106,0.0065,98,Latest chronological test-window forecast
2025-05-31 13:00:00,14,37,39,Brooklyn,Canarsie,Boro Zone,12.434,8.0,14.0,4.434,-1.566,-11.19,59,0.0232,58,Latest chronological test-window forecast
2025-05-31 13:00:00,14,38,40,Brooklyn,Carroll Gardens,Boro Zone,0.0,1.0,0.0,1.0,0.0,,203,0.0,203,Latest chronological test-window forecast
2025-05-31 13:00:00,14,39,41,Manhattan,Central Harlem,Boro Zone,23.146,35.0,26.0,11.854,-2.854,-10.98,48,0.0431,48,Latest chronological test-window forecast
2025-05-31 13:00:00,14,40,42,Manhattan,Central Harlem North,Boro Zone,16.001,26.0,18.0,9.999,-1.999,-11.11,53,0.0298,52,Latest chronological test-window forecast
2025-05-31 13:00:00,14,41,43,Manhattan,Central Park,Yellow Zone,117.155,123.0,131.0,5.845,-13.845,-10.57,19,0.2184,19,Latest chronological test-window forecast
2025-05-31 13:00:00,14,42,44,Staten Island,Charleston/Tottenville,Boro Zone,0.0,0.0,0.0,0.0,0.0,,204,0.0,204,Latest chronological test-window forecast
2025-05-31 13:00:00,14,43,45,Manhattan,Chinatown,Yellow Zone,7.942,20.0,9.0,12.058,-1.058,-11.76,72,0.0148,72,Latest chronological test-window forecast
2025-05-31 13:00:00,14,44,46,Bronx,City Island,Boro Zone,0.0,0.0,0.0,0.0,0.0,,205,0.0,205,Latest chronological test-window forecast
2025-05-31 13:00:00,14,45,47,Bronx,Claremont/Bathgate,Boro Zone,0.0,0.0,0.0,0.0,0.0,,206,0.0,206,Latest chronological test-window forecast
2025-05-31 13:00:00,14,46,48,Manhattan,Clinton East,Yellow Zone,106.301,149.0,119.0,42.699,-12.699,-10.67,21,0.1982,21,Latest chronological test-window forecast
2025-05-31 13:00:00,14,47,49,Brooklyn,Clinton Hill,Boro Zone,5.259,5.0,6.0,0.259,-0.741,-12.35,84,0.0098,81,Latest chronological test-window forecast
2025-05-31 13:00:00,14,48,50,Manhattan,Clinton West,Yellow Zone,47.328,47.0,53.0,0.328,-5.672,-10.7,39,0.0882,39,Latest chronological test-window forecast
2025-05-31 13:00:00,14,49,51,Bronx,Co-Op City,Boro Zone,0.0,1.0,0.0,1.0,0.0,,207,0.0,207,Latest chronological test-window forecast
2025-05-31 13:00:00,14,50,52,Brooklyn,Cobble Hill,Boro Zone,1.681,4.0,2.0,2.319,-0.319,-15.95,148,0.0031,137,Latest chronological test-window forecast
2025-05-31 13:00:00,14,51,53,Queens,College Point,Boro Zone,0.0,0.0,0.0,0.0,0.0,,208,0.0,208,Latest chronological test-window forecast
2025-05-31 13:00:00,14,52,54,Brooklyn,Columbia Street,Boro Zone,0.0,0.0,0.0,0.0,0.0,,209,0.0,209,Latest chronological test-window forecast
2025-05-31 13:00:00,14,53,55,Brooklyn,Coney Island,Boro Zone,3.486,0.0,4.0,3.486,-0.514,-12.85,98,0.0065,99,Latest chronological test-window forecast
2025-05-31 13:00:00,14,54,56,Queens,Corona,Boro Zone,0.791,2.0,1.0,1.209,-0.209,-20.9,168,0.0015,156,Latest chronological test-window forecast
2025-05-31 13:00:00,14,55,57,Queens,Corona,Boro Zone,0.0,0.0,0.0,0.0,0.0,,210,0.0,210,Latest chronological test-window forecast
2025-05-31 13:00:00,14,56,58,Bronx,Country Club,Boro Zone,0.0,0.0,0.0,0.0,0.0,,211,0.0,211,Latest chronological test-window forecast
2025-05-31 13:00:00,14,57,59,Bronx,Crotona Park,Boro Zone,0.0,0.0,0.0,0.0,0.0,,212,0.0,212,Latest chronological test-window forecast
2025-05-31 13:00:00,14,58,60,Bronx,Crotona Park East,Boro Zone,0.792,0.0,1.0,0.792,-0.208,-20.8,158,0.0015,157,Latest chronological test-window forecast
2025-05-31 13:00:00,14,59,61,Brooklyn,Crown Heights North,Boro Zone,4.368,19.0,5.0,14.632,-0.632,-12.64,94,0.0081,94,Latest chronological test-window forecast
2025-05-31 13:00:00,14,60,62,Brooklyn,Crown Heights South,Boro Zone,0.79,2.0,1.0,1.21,-0.21,-21.0,176,0.0015,158,Latest chronological test-window forecast
2025-05-31 13:00:00,14,61,63,Brooklyn,Cypress Hills,Boro Zone,1.686,1.0,2.0,0.686,-0.314,-15.7,141,0.0031,138,Latest chronological test-window forecast
2025-05-31 13:00:00,14,62,64,Queens,Douglaston,Boro Zone,0.793,0.0,1.0,0.793,-0.207,-20.7,155,0.0015,159,Latest chronological test-window forecast
2025-05-31 13:00:00,14,63,65,Brooklyn,Downtown Brooklyn/MetroTech,Boro Zone,8.832,9.0,10.0,0.168,-1.168,-11.68,69,0.0165,68,Latest chronological test-window forecast
2025-05-31 13:00:00,14,64,66,Brooklyn,DUMBO/Vinegar Hill,Boro Zone,9.734,6.0,11.0,3.734,-1.266,-11.51,67,0.0181,67,Latest chronological test-window forecast
2025-05-31 13:00:00,14,65,67,Brooklyn,Dyker Heights,Boro Zone,1.69,0.0,2.0,1.69,-0.31,-15.5,133,0.0032,131,Latest chronological test-window forecast
2025-05-31 13:00:00,14,66,68,Manhattan,East Chelsea,Yellow Zone,154.685,168.0,173.0,13.315,-18.315,-10.59,11,0.2883,11,Latest chronological test-window forecast
2025-05-31 13:00:00,14,67,69,Bronx,East Concourse/Concourse Village,Boro Zone,2.583,2.0,3.0,0.583,-0.417,-13.9,116,0.0048,112,Latest chronological test-window forecast
2025-05-31 13:00:00,14,68,70,Queens,East Elmhurst,Boro Zone,20.458,15.0,23.0,5.458,-2.542,-11.05,50,0.0381,50,Latest chronological test-window forecast
2025-05-31 13:00:00,14,69,71,Brooklyn,East Flatbush/Farragut,Boro Zone,1.686,2.0,2.0,0.314,-0.314,-15.7,142,0.0031,139,Latest chronological test-window forecast
2025-05-31 13:00:00,14,70,72,Brooklyn,East Flatbush/Remsen Village,Boro Zone,5.268,4.0,6.0,1.268,-0.732,-12.2,81,0.0098,82,Latest chronological test-window forecast
2025-05-31 13:00:00,14,71,73,Queens,East Flushing,Boro Zone,0.0,0.0,0.0,0.0,0.0,,213,0.0,213,Latest chronological test-window forecast
2025-05-31 13:00:00,14,72,74,Manhattan,East Harlem North,Boro Zone,22.251,37.0,25.0,14.749,-2.749,-11.0,49,0.0415,49,Latest chronological test-window forecast
2025-05-31 13:00:00,14,73,75,Manhattan,East Harlem South,Boro Zone,55.316,59.0,62.0,3.684,-6.684,-10.78,36,0.1031,36,Latest chronological test-window forecast
2025-05-31 13:00:00,14,74,76,Brooklyn,East New York,Boro Zone,7.954,10.0,9.0,2.046,-1.046,-11.62,71,0.0148,73,Latest chronological test-window forecast
2025-05-31 13:00:00,14,75,77,Brooklyn,East New York/Pennsylvania Avenue,Boro Zone,2.581,2.0,3.0,0.581,-0.419,-13.97,122,0.0048,113,Latest chronological test-window forecast
2025-05-31 13:00:00,14,76,78,Bronx,East Tremont,Boro Zone,1.688,3.0,2.0,1.312,-0.312,-15.6,136,0.0031,140,Latest chronological test-window forecast
2025-05-31 13:00:00,14,77,79,Manhattan,East Village,Yellow Zone,86.709,114.0,97.0,27.291,-10.291,-10.61,27,0.1616,27,Latest chronological test-window forecast
2025-05-31 13:00:00,14,78,80,Brooklyn,East Williamsburg,Boro Zone,1.682,5.0,2.0,3.318,-0.318,-15.9,145,0.0031,141,Latest chronological test-window forecast
2025-05-31 13:00:00,14,79,81,Bronx,Eastchester,Boro Zone,0.0,2.0,0.0,2.0,0.0,,214,0.0,214,Latest chronological test-window forecast
2025-05-31 13:00:00,14,80,82,Queens,Elmhurst,Boro Zone,5.268,4.0,6.0,1.268,-0.732,-12.2,82,0.0098,83,Latest chronological test-window forecast
2025-05-31 13:00:00,14,81,83,Queens,Elmhurst/Maspeth,Boro Zone,2.578,2.0,3.0,0.578,-0.422,-14.07,126,0.0048,114,Latest chronological test-window forecast
2025-05-31 13:00:00,14,82,84,Staten Island,Eltingville/Annadale/Prince's Bay,Boro Zone,0.0,0.0,0.0,0.0,0.0,,215,0.0,215,Latest chronological test-window forecast
2025-05-31 13:00:00,14,83,85,Brooklyn,Erasmus,Boro Zone,3.475,3.0,4.0,0.475,-0.525,-13.12,103,0.0065,100,Latest chronological test-window forecast
2025-05-31 13:00:00,14,84,86,Queens,Far Rockaway,Boro Zone,2.582,1.0,3.0,1.582,-0.418,-13.93,120,0.0048,115,Latest chronological test-window forecast
2025-05-31 13:00:00,14,85,87,Manhattan,Financial District North,Yellow Zone,26.746,41.0,30.0,14.254,-3.254,-10.85,47,0.0499,46,Latest chronological test-window forecast
2025-05-31 13:00:00,14,86,88,Manhattan,Financial District South,Yellow Zone,16.009,20.0,18.0,3.991,-1.991,-11.06,52,0.0298,53,Latest chronological test-window forecast
2025-05-31 13:00:00,14,87,89,Brooklyn,Flatbush/Ditmas Park,Boro Zone,4.376,6.0,5.0,1.624,-0.624,-12.48,88,0.0082,87,Latest chronological test-window forecast
2025-05-31 13:00:00,14,88,90,Manhattan,Flatiron,Yellow Zone,78.701,124.0,88.0,45.299,-9.299,-10.57,29,0.1467,29,Latest chronological test-window forecast
2025-05-31 13:00:00,14,89,91,Brooklyn,Flatlands,Boro Zone,6.168,3.0,7.0,3.168,-0.832,-11.89,75,0.0115,76,Latest chronological test-window forecast
2025-05-31 13:00:00,14,90,92,Queens,Flushing,Boro Zone,2.584,2.0,3.0,0.584,-0.416,-13.87,113,0.0048,116,Latest chronological test-window forecast
2025-05-31 13:00:00,14,91,93,Queens,Flushing Meadows-Corona Park,Boro Zone,1.682,1.0,2.0,0.682,-0.318,-15.9,146,0.0031,142,Latest chronological test-window forecast
2025-05-31 13:00:00,14,92,94,Bronx,Fordham South,Boro Zone,0.79,2.0,1.0,1.21,-0.21,-21.0,177,0.0015,160,Latest chronological test-window forecast
2025-05-31 13:00:00,14,93,95,Queens,Forest Hills,Boro Zone,7.062,8.0,8.0,0.938,-0.938,-11.72,74,0.0132,74,Latest chronological test-window forecast
2025-05-31 13:00:00,14,94,96,Queens,Forest Park/Highland Park,Boro Zone,0.0,0.0,0.0,0.0,0.0,,216,0.0,216,Latest chronological test-window forecast
2025-05-31 13:00:00,14,95,97,Brooklyn,Fort Greene,Boro Zone,5.258,16.0,6.0,10.742,-0.742,-12.37,85,0.0098,84,Latest chronological test-window forecast
2025-05-31 13:00:00,14,96,98,Queens,Fresh Meadows,Boro Zone,0.0,0.0,0.0,0.0,0.0,,217,0.0,217,Latest chronological test-window forecast
2025-05-31 13:00:00,14,97,100,Manhattan,Garment District,Yellow Zone,71.515,88.0,80.0,16.485,-8.485,-10.61,31,0.1333,31,Latest chronological test-window forecast
2025-05-31 13:00:00,14,98,101,Queens,Glen Oaks,Boro Zone,0.0,0.0,0.0,0.0,0.0,,218,0.0,218,Latest chronological test-window forecast
2025-05-31 13:00:00,14,99,102,Queens,Glendale,Boro Zone,0.791,1.0,1.0,0.209,-0.209,-20.9,169,0.0015,161,Latest chronological test-window forecast
2025-05-31 13:00:00,14,100,106,Brooklyn,Gowanus,Boro Zone,0.791,3.0,1.0,2.209,-0.209,-20.9,170,0.0015,162,Latest chronological test-window forecast
2025-05-31 13:00:00,14,101,107,Manhattan,Gramercy,Yellow Zone,92.972,130.0,104.0,37.028,-11.028,-10.6,25,0.1733,25,Latest chronological test-window forecast
2025-05-31 13:00:00,14,102,108,Brooklyn,Gravesend,Boro Zone,0.0,0.0,0.0,0.0,0.0,,219,0.0,219,Latest chronological test-window forecast
2025-05-31 13:00:00,14,103,109,Staten Island,Great Kills,Boro Zone,0.0,0.0,0.0,0.0,0.0,,220,0.0,220,Latest chronological test-window forecast
2025-05-31 13:00:00,14,104,111,Brooklyn,Green-Wood Cemetery,Boro Zone,0.0,0.0,0.0,0.0,0.0,,221,0.0,221,Latest chronological test-window forecast
2025-05-31 13:00:00,14,105,112,Brooklyn,Greenpoint,Boro Zone,2.575,10.0,3.0,7.425,-0.425,-14.17,128,0.0048,117,Latest chronological test-window forecast
2025-05-31 13:00:00,14,106,113,Manhattan,Greenwich Village North,Yellow Zone,67.91,101.0,76.0,33.09,-8.09,-10.64,32,0.1266,32,Latest chronological test-window forecast
2025-05-31 13:00:00,14,107,114,Manhattan,Greenwich Village South,Yellow Zone,37.518,69.0,42.0,31.482,-4.482,-10.67,43,0.0699,43,Latest chronological test-window forecast
2025-05-31 13:00:00,14,108,115,Staten Island,Grymes Hill/Clifton,Boro Zone,0.0,0.0,0.0,0.0,0.0,,222,0.0,222,Latest chronological test-window forecast
2025-05-31 13:00:00,14,109,116,Manhattan,Hamilton Heights,Boro Zone,10.623,16.0,12.0,5.377,-1.377,-11.48,64,0.0198,62,Latest chronological test-window forecast
2025-05-31 13:00:00,14,110,117,Queens,Hammels/Arverne,Boro Zone,2.584,0.0,3.0,2.584,-0.416,-13.87,114,0.0048,118,Latest chronological test-window forecast
2025-05-31 13:00:00,14,111,118,Staten Island,Heartland Village/Todt Hill,Boro Zone,0.0,0.0,0.0,0.0,0.0,,223,0.0,223,Latest chronological test-window forecast
2025-05-31 13:00:00,14,112,119,Bronx,Highbridge,Boro Zone,0.79,1.0,1.0,0.21,-0.21,-21.0,178,0.0015,163,Latest chronological test-window forecast
2025-05-31 13:00:00,14,113,120,Manhattan,Highbridge Park,Boro Zone,0.0,0.0,0.0,0.0,0.0,,224,0.0,224,Latest chronological test-window forecast
2025-05-31 13:00:00,14,114,121,Queens,Hillcrest/Pomonok,Boro Zone,1.69,4.0,2.0,2.31,-0.31,-15.5,134,0.0032,132,Latest chronological test-window forecast
2025-05-31 13:00:00,14,115,122,Queens,Hollis,Boro Zone,0.0,0.0,0.0,0.0,0.0,,225,0.0,225,Latest chronological test-window forecast
2025-05-31 13:00:00,14,116,123,Brooklyn,Homecrest,Boro Zone,4.388,3.0,5.0,1.388,-0.612,-12.24,87,0.0082,88,Latest chronological test-window forecast
2025-05-31 13:00:00,14,117,124,Queens,Howard Beach,Boro Zone,0.792,2.0,1.0,1.208,-0.208,-20.8,159,0.0015,164,Latest chronological test-window forecast
2025-05-31 13:00:00,14,118,125,Manhattan,Hudson Sq,Yellow Zone,26.774,37.0,30.0,10.226,-3.226,-10.75,46,0.0499,47,Latest chronological test-window forecast
2025-05-31 13:00:00,14,119,126,Bronx,Hunts Point,Boro Zone,4.374,1.0,5.0,3.374,-0.626,-12.52,90,0.0082,89,Latest chronological test-window forecast
2025-05-31 13:00:00,14,120,127,Manhattan,Inwood,Boro Zone,3.472,4.0,4.0,0.528,-0.528,-13.2,107,0.0065,101,Latest chronological test-window forecast
2025-05-31 13:00:00,14,121,128,Manhattan,Inwood Hill Park,Boro Zone,0.788,0.0,1.0,0.788,-0.212,-21.2,185,0.0015,165,Latest chronological test-window forecast
2025-05-31 13:00:00,14,122,129,Queens,Jackson Heights,Boro Zone,3.475,8.0,4.0,4.525,-0.525,-13.12,104,0.0065,102,Latest chronological test-window forecast
2025-05-31 13:00:00,14,123,130,Queens,Jamaica,Boro Zone,10.647,10.0,12.0,0.647,-1.353,-11.28,62,0.0198,63,Latest chronological test-window forecast
2025-05-31 13:00:00,14,124,131,Queens,Jamaica Estates,Boro Zone,0.794,1.0,1.0,0.206,-0.206,-20.6,152,0.0015,166,Latest chronological test-window forecast
2025-05-31 13:00:00,14,125,132,Queens,JFK Airport,Airports,186.715,228.0,209.0,41.285,-22.285,-10.66,6,0.348,6,Latest chronological test-window forecast
2025-05-31 13:00:00,14,126,133,Brooklyn,Kensington,Boro Zone,1.689,0.0,2.0,1.689,-0.311,-15.55,135,0.0031,143,Latest chronological test-window forecast
2025-05-31 13:00:00,14,127,134,Queens,Kew Gardens,Boro Zone,0.791,2.0,1.0,1.209,-0.209,-20.9,171,0.0015,167,Latest chronological test-window forecast
2025-05-31 13:00:00,14,128,135,Queens,Kew Gardens Hills,Boro Zone,0.0,0.0,0.0,0.0,0.0,,226,0.0,226,Latest chronological test-window forecast
2025-05-31 13:00:00,14,129,136,Bronx,Kingsbridge Heights,Boro Zone,0.0,2.0,0.0,2.0,0.0,,227,0.0,227,Latest chronological test-window forecast
2025-05-31 13:00:00,14,130,137,Manhattan,Kips Bay,Yellow Zone,65.16,69.0,73.0,3.84,-7.84,-10.74,33,0.1215,33,Latest chronological test-window forecast
2025-05-31 13:00:00,14,131,138,Queens,LaGuardia Airport,Airports,224.291,184.0,251.0,40.291,-26.709,-10.64,4,0.4181,4,Latest chronological test-window forecast
2025-05-31 13:00:00,14,132,139,Queens,Laurelton,Boro Zone,0.0,1.0,0.0,1.0,0.0,,228,0.0,228,Latest chronological test-window forecast
2025-05-31 13:00:00,14,133,140,Manhattan,Lenox Hill East,Yellow Zone,137.536,119.0,154.0,18.536,-16.464,-10.69,16,0.2564,16,Latest chronological test-window forecast
2025-05-31 13:00:00,14,134,141,Manhattan,Lenox Hill West,Yellow Zone,120.657,160.0,135.0,39.343,-14.343,-10.62,17,0.2249,17,Latest chronological test-window forecast
2025-05-31 13:00:00,14,135,142,Manhattan,Lincoln Square East,Yellow Zone,192.181,218.0,215.0,25.819,-22.819,-10.61,5,0.3582,5,Latest chronological test-window forecast
2025-05-31 13:00:00,14,136,143,Manhattan,Lincoln Square West,Yellow Zone,89.364,100.0,100.0,10.636,-10.636,-10.64,26,0.1666,26,Latest chronological test-window forecast
2025-05-31 13:00:00,14,137,144,Manhattan,Little Italy/NoLiTa,Yellow Zone,56.313,67.0,63.0,10.687,-6.687,-10.61,34,0.105,34,Latest chronological test-window forecast
2025-05-31 13:00:00,14,138,145,Queens,Long Island City/Hunters Point,Boro Zone,8.834,14.0,10.0,5.166,-1.166,-11.66,68,0.0165,69,Latest chronological test-window forecast
2025-05-31 13:00:00,14,139,146,Queens,Long Island City/Queens Plaza,Boro Zone,6.151,9.0,7.0,2.849,-0.849,-12.13,79,0.0115,77,Latest chronological test-window forecast
2025-05-31 13:00:00,14,140,147,Bronx,Longwood,Boro Zone,0.791,3.0,1.0,2.209,-0.209,-20.9,172,0.0015,168,Latest chronological test-window forecast
2025-05-31 13:00:00,14,141,148,Manhattan,Lower East Side,Yellow Zone,32.117,35.0,36.0,2.883,-3.883,-10.79,45,0.0599,45,Latest chronological test-window forecast
2025-05-31 13:00:00,14,142,149,Brooklyn,Madison,Boro Zone,1.693,1.0,2.0,0.693,-0.307,-15.35,130,0.0032,133,Latest chronological test-window forecast
2025-05-31 13:00:00,14,143,150,Brooklyn,Manhattan Beach,Boro Zone,0.0,0.0,0.0,0.0,0.0,,229,0.0,229,Latest chronological test-window forecast
2025-05-31 13:00:00,14,144,151,Manhattan,Manhattan Valley,Yellow Zone,56.219,88.0,63.0,31.781,-6.781,-10.76,35,0.1048,35,Latest chronological test-window forecast
2025-05-31 13:00:00,14,145,152,Manhattan,Manhattanville,Boro Zone,8.832,7.0,10.0,1.832,-1.168,-11.68,70,0.0165,70,Latest chronological test-window forecast
2025-05-31 13:00:00,14,146,153,Manhattan,Marble Hill,Boro Zone,0.788,1.0,1.0,0.212,-0.212,-21.2,186,0.0015,169,Latest chronological test-window forecast
2025-05-31 13:00:00,14,147,154,Brooklyn,Marine Park/Floyd Bennett Field,Boro Zone,0.0,0.0,0.0,0.0,0.0,,230,0.0,230,Latest chronological test-window forecast
2025-05-31 13:00:00,14,148,155,Brooklyn,Marine Park/Mill Basin,Boro Zone,2.585,2.0,3.0,0.585,-0.415,-13.83,112,0.0048,119,Latest chronological test-window forecast
2025-05-31 13:00:00,14,149,156,Staten Island,Mariners Harbor,Boro Zone,0.0,0.0,0.0,0.0,0.0,,231,0.0,231,Latest chronological test-window forecast
2025-05-31 13:00:00,14,150,157,Queens,Maspeth,Boro Zone,0.789,1.0,1.0,0.211,-0.211,-21.1,180,0.0015,170,Latest chronological test-window forecast
2025-05-31 13:00:00,14,151,158,Manhattan,Meatpacking/West Village West,Yellow Zone,44.68,57.0,50.0,12.32,-5.32,-10.64,41,0.0833,41,Latest chronological test-window forecast
2025-05-31 13:00:00,14,152,159,Bronx,Melrose South,Boro Zone,0.791,5.0,1.0,4.209,-0.209,-20.9,173,0.0015,171,Latest chronological test-window forecast
2025-05-31 13:00:00,14,153,160,Queens,Middle Village,Boro Zone,0.0,1.0,0.0,1.0,0.0,,232,0.0,232,Latest chronological test-window forecast
2025-05-31 13:00:00,14,154,161,Manhattan,Midtown Center,Yellow Zone,254.989,268.0,285.0,13.011,-30.011,-10.53,3,0.4753,3,Latest chronological test-window forecast
2025-05-31 13:00:00,14,155,162,Manhattan,Midtown East,Yellow Zone,156.533,182.0,175.0,25.467,-18.467,-10.55,10,0.2918,10,Latest chronological test-window forecast
2025-05-31 13:00:00,14,156,163,Manhattan,Midtown North,Yellow Zone,171.744,165.0,192.0,6.744,-20.256,-10.55,8,0.3201,8,Latest chronological test-window forecast
2025-05-31 13:00:00,14,157,164,Manhattan,Midtown South,Yellow Zone,118.027,136.0,132.0,17.973,-13.973,-10.59,18,0.22,18,Latest chronological test-window forecast
2025-05-31 13:00:00,14,158,165,Brooklyn,Midwood,Boro Zone,2.589,1.0,3.0,1.589,-0.411,-13.7,111,0.0048,120,Latest chronological test-window forecast
2025-05-31 13:00:00,14,159,166,Manhattan,Morningside Heights,Boro Zone,46.372,30.0,52.0,16.372,-5.628,-10.82,40,0.0864,40,Latest chronological test-window forecast
2025-05-31 13:00:00,14,160,167,Bronx,Morrisania/Melrose,Boro Zone,1.687,2.0,2.0,0.313,-0.313,-15.65,139,0.0031,144,Latest chronological test-window forecast
2025-05-31 13:00:00,14,161,168,Bronx,Mott Haven/Port Morris,Boro Zone,2.583,4.0,3.0,1.417,-0.417,-13.9,117,0.0048,121,Latest chronological test-window forecast
2025-05-31 13:00:00,14,162,169,Bronx,Mount Hope,Boro Zone,1.688,2.0,2.0,0.312,-0.312,-15.6,137,0.0031,145,Latest chronological test-window forecast
2025-05-31 13:00:00,14,163,170,Manhattan,Murray Hill,Yellow Zone,143.995,158.0,161.0,14.005,-17.005,-10.56,13,0.2684,13,Latest chronological test-window forecast
2025-05-31 13:00:00,14,164,171,Queens,Murray Hill-Queens,Boro Zone,0.792,0.0,1.0,0.792,-0.208,-20.8,160,0.0015,172,Latest chronological test-window forecast
2025-05-31 13:00:00,14,165,172,Staten Island,New Dorp/Midland Beach,Boro Zone,0.0,0.0,0.0,0.0,0.0,,233,0.0,233,Latest chronological test-window forecast
2025-05-31 13:00:00,14,166,173,Queens,North Corona,Boro Zone,2.581,0.0,3.0,2.581,-0.419,-13.97,123,0.0048,122,Latest chronological test-window forecast
2025-05-31 13:00:00,14,167,174,Bronx,Norwood,Boro Zone,0.0,1.0,0.0,1.0,0.0,,234,0.0,234,Latest chronological test-window forecast
2025-05-31 13:00:00,14,168,175,Queens,Oakland Gardens,Boro Zone,0.794,0.0,1.0,0.794,-0.206,-20.6,153,0.0015,173,Latest chronological test-window forecast
2025-05-31 13:00:00,14,169,176,Staten Island,Oakwood,Boro Zone,0.0,0.0,0.0,0.0,0.0,,235,0.0,235,Latest chronological test-window forecast
2025-05-31 13:00:00,14,170,177,Brooklyn,Ocean Hill,Boro Zone,4.369,5.0,5.0,0.631,-0.631,-12.62,93,0.0081,95,Latest chronological test-window forecast
2025-05-31 13:00:00,14,171,178,Brooklyn,Ocean Parkway South,Boro Zone,0.795,0.0,1.0,0.795,-0.205,-20.5,151,0.0015,174,Latest chronological test-window forecast
2025-05-31 13:00:00,14,172,179,Queens,Old Astoria,Boro Zone,5.258,7.0,6.0,1.742,-0.742,-12.37,86,0.0098,85,Latest chronological test-window forecast
2025-05-31 13:00:00,14,173,180,Queens,Ozone Park,Boro Zone,0.792,2.0,1.0,1.208,-0.208,-20.8,161,0.0015,175,Latest chronological test-window forecast
2025-05-31 13:00:00,14,174,181,Brooklyn,Park Slope,Boro Zone,3.472,6.0,4.0,2.528,-0.528,-13.2,108,0.0065,103,Latest chronological test-window forecast
2025-05-31 13:00:00,14,175,182,Bronx,Parkchester,Boro Zone,2.579,3.0,3.0,0.421,-0.421,-14.03,124,0.0048,123,Latest chronological test-window forecast
2025-05-31 13:00:00,14,176,183,Bronx,Pelham Bay,Boro Zone,0.0,0.0,0.0,0.0,0.0,,236,0.0,236,Latest chronological test-window forecast
2025-05-31 13:00:00,14,177,184,Bronx,Pelham Bay Park,Boro Zone,0.0,1.0,0.0,1.0,0.0,,237,0.0,237,Latest chronological test-window forecast
2025-05-31 13:00:00,14,178,185,Bronx,Pelham Parkway,Boro Zone,0.0,1.0,0.0,1.0,0.0,,238,0.0,238,Latest chronological test-window forecast
2025-05-31 13:00:00,14,179,186,Manhattan,Penn Station/Madison Sq West,Yellow Zone,172.793,210.0,193.0,37.207,-20.207,-10.47,7,0.3221,7,Latest chronological test-window forecast
2025-05-31 13:00:00,14,180,187,Staten Island,Port Richmond,Boro Zone,0.0,0.0,0.0,0.0,0.0,,239,0.0,239,Latest chronological test-window forecast
2025-05-31 13:00:00,14,181,188,Brooklyn,Prospect-Lefferts Gardens,Boro Zone,5.265,9.0,6.0,3.735,-0.735,-12.25,83,0.0098,86,Latest chronological test-window forecast
2025-05-31 13:00:00,14,182,189,Brooklyn,Prospect Heights,Boro Zone,0.789,3.0,1.0,2.211,-0.211,-21.1,181,0.0015,176,Latest chronological test-window forecast
2025-05-31 13:00:00,14,183,190,Brooklyn,Prospect Park,Boro Zone,0.789,2.0,1.0,1.211,-0.211,-21.1,182,0.0015,177,Latest chronological test-window forecast
2025-05-31 13:00:00,14,184,191,Queens,Queens Village,Boro Zone,0.0,1.0,0.0,1.0,0.0,,240,0.0,240,Latest chronological test-window forecast
2025-05-31 13:00:00,14,185,192,Queens,Queensboro Hill,Boro Zone,0.0,0.0,0.0,0.0,0.0,,241,0.0,241,Latest chronological test-window forecast
2025-05-31 13:00:00,14,186,193,Queens,Queensbridge/Ravenswood,Boro Zone,4.363,1.0,5.0,3.363,-0.637,-12.74,96,0.0081,96,Latest chronological test-window forecast
2025-05-31 13:00:00,14,187,194,Manhattan,Randalls Island,Yellow Zone,0.788,1.0,1.0,0.212,-0.212,-21.2,187,0.0015,178,Latest chronological test-window forecast
2025-05-31 13:00:00,14,188,195,Brooklyn,Red Hook,Boro Zone,2.577,2.0,3.0,0.577,-0.423,-14.1,127,0.0048,124,Latest chronological test-window forecast
2025-05-31 13:00:00,14,189,196,Queens,Rego Park,Boro Zone,0.791,2.0,1.0,1.209,-0.209,-20.9,174,0.0015,179,Latest chronological test-window forecast
2025-05-31 13:00:00,14,190,197,Queens,Richmond Hill,Boro Zone,12.439,9.0,14.0,3.439,-1.561,-11.15,58,0.0232,59,Latest chronological test-window forecast
2025-05-31 13:00:00,14,191,198,Queens,Ridgewood,Boro Zone,2.579,2.0,3.0,0.579,-0.421,-14.03,125,0.0048,125,Latest chronological test-window forecast
2025-05-31 13:00:00,14,192,200,Bronx,Riverdale/North Riverdale/Fieldston,Boro Zone,0.0,1.0,0.0,1.0,0.0,,242,0.0,242,Latest chronological test-window forecast
2025-05-31 13:00:00,14,193,201,Queens,Rockaway Park,Boro Zone,1.687,0.0,2.0,1.687,-0.313,-15.65,140,0.0031,146,Latest chronological test-window forecast
2025-05-31 13:00:00,14,194,202,Manhattan,Roosevelt Island,Boro Zone,0.788,0.0,1.0,0.788,-0.212,-21.2,188,0.0015,180,Latest chronological test-window forecast
2025-05-31 13:00:00,14,195,203,Queens,Rosedale,Boro Zone,0.0,2.0,0.0,2.0,0.0,,243,0.0,243,Latest chronological test-window forecast
2025-05-31 13:00:00,14,196,204,Staten Island,Rossville/Woodrow,Boro Zone,0.0,0.0,0.0,0.0,0.0,,244,0.0,244,Latest chronological test-window forecast
2025-05-31 13:00:00,14,197,205,Queens,Saint Albans,Boro Zone,4.376,2.0,5.0,2.376,-0.624,-12.48,89,0.0082,90,Latest chronological test-window forecast
2025-05-31 13:00:00,14,198,206,Staten Island,Saint George/New Brighton,Boro Zone,0.0,0.0,0.0,0.0,0.0,,245,0.0,245,Latest chronological test-window forecast
2025-05-31 13:00:00,14,199,207,Queens,Saint Michaels Cemetery/Woodside,Boro Zone,0.0,0.0,0.0,0.0,0.0,,246,0.0,246,Latest chronological test-window forecast
2025-05-31 13:00:00,14,200,208,Bronx,Schuylerville/Edgewater Park,Boro Zone,0.792,0.0,1.0,0.792,-0.208,-20.8,162,0.0015,181,Latest chronological test-window forecast
2025-05-31 13:00:00,14,201,209,Manhattan,Seaport,Yellow Zone,12.423,7.0,14.0,5.423,-1.577,-11.26,60,0.0232,60,Latest chronological test-window forecast
2025-05-31 13:00:00,14,202,210,Brooklyn,Sheepshead Bay,Boro Zone,3.488,0.0,4.0,3.488,-0.512,-12.8,97,0.0065,104,Latest chronological test-window forecast
2025-05-31 13:00:00,14,203,211,Manhattan,SoHo,Yellow Zone,49.151,51.0,55.0,1.849,-5.849,-10.63,38,0.0916,38,Latest chronological test-window forecast
2025-05-31 13:00:00,14,204,212,Bronx,Soundview/Bruckner,Boro Zone,1.688,3.0,2.0,1.312,-0.312,-15.6,138,0.0031,147,Latest chronological test-window forecast
2025-05-31 13:00:00,14,205,213,Bronx,Soundview/Castle Hill,Boro Zone,0.792,2.0,1.0,1.208,-0.208,-20.8,163,0.0015,182,Latest chronological test-window forecast
2025-05-31 13:00:00,14,206,214,Staten Island,South Beach/Dongan Hills,Boro Zone,0.0,0.0,0.0,0.0,0.0,,247,0.0,247,Latest chronological test-window forecast
2025-05-31 13:00:00,14,207,215,Queens,South Jamaica,Boro Zone,3.483,4.0,4.0,0.517,-0.517,-12.92,99,0.0065,105,Latest chronological test-window forecast
2025-05-31 13:00:00,14,208,216,Queens,South Ozone Park,Boro Zone,10.647,7.0,12.0,3.647,-1.353,-11.28,63,0.0198,64,Latest chronological test-window forecast
2025-05-31 13:00:00,14,209,217,Brooklyn,South Williamsburg,Boro Zone,0.0,0.0,0.0,0.0,0.0,,248,0.0,248,Latest chronological test-window forecast
2025-05-31 13:00:00,14,210,218,Queens,Springfield Gardens North,Boro Zone,3.482,0.0,4.0,3.482,-0.518,-12.95,100,0.0065,106,Latest chronological test-window forecast
2025-05-31 13:00:00,14,211,219,Queens,Springfield Gardens South,Boro Zone,2.583,2.0,3.0,0.583,-0.417,-13.9,118,0.0048,126,Latest chronological test-window forecast
2025-05-31 13:00:00,14,212,220,Bronx,Spuyten Duyvil/Kingsbridge,Boro Zone,0.789,0.0,1.0,0.789,-0.211,-21.1,183,0.0015,183,Latest chronological test-window forecast
2025-05-31 13:00:00,14,213,221,Staten Island,Stapleton,Boro Zone,0.0,0.0,0.0,0.0,0.0,,249,0.0,249,Latest chronological test-window forecast
2025-05-31 13:00:00,14,214,222,Brooklyn,Starrett City,Boro Zone,0.791,4.0,1.0,3.209,-0.209,-20.9,175,0.0015,184,Latest chronological test-window forecast
2025-05-31 13:00:00,14,215,223,Queens,Steinway,Boro Zone,1.682,3.0,2.0,1.318,-0.318,-15.9,147,0.0031,148,Latest chronological test-window forecast
2025-05-31 13:00:00,14,216,224,Manhattan,Stuy Town/Peter Cooper Village,Yellow Zone,11.537,16.0,13.0,4.463,-1.463,-11.25,61,0.0215,61,Latest chronological test-window forecast
2025-05-31 13:00:00,14,217,225,Brooklyn,Stuyvesant Heights,Boro Zone,6.156,12.0,7.0,5.844,-0.844,-12.06,77,0.0115,78,Latest chronological test-window forecast
2025-05-31 13:00:00,14,218,226,Queens,Sunnyside,Boro Zone,13.312,13.0,15.0,0.312,-1.688,-11.25,57,0.0248,57,Latest chronological test-window forecast
2025-05-31 13:00:00,14,219,227,Brooklyn,Sunset Park East,Boro Zone,1.692,2.0,2.0,0.308,-0.308,-15.4,131,0.0032,134,Latest chronological test-window forecast
2025-05-31 13:00:00,14,220,228,Brooklyn,Sunset Park West,Boro Zone,3.481,1.0,4.0,2.481,-0.519,-12.98,101,0.0065,107,Latest chronological test-window forecast
2025-05-31 13:00:00,14,221,229,Manhattan,Sutton Place/Turtle Bay North,Yellow Zone,104.624,121.0,117.0,16.376,-12.376,-10.58,22,0.195,22,Latest chronological test-window forecast
2025-05-31 13:00:00,14,222,230,Manhattan,Times Sq/Theatre District,Yellow Zone,142.168,171.0,159.0,28.832,-16.832,-10.59,15,0.265,15,Latest chronological test-window forecast
2025-05-31 13:00:00,14,223,231,Manhattan,TriBeCa/Civic Center,Yellow Zone,80.402,93.0,90.0,12.598,-9.598,-10.66,28,0.1499,28,Latest chronological test-window forecast
2025-05-31 13:00:00,14,224,232,Manhattan,Two Bridges/Seward Park,Yellow Zone,14.215,13.0,16.0,1.215,-1.785,-11.16,55,0.0265,55,Latest chronological test-window forecast
2025-05-31 13:00:00,14,225,233,Manhattan,UN/Turtle Bay South,Yellow Zone,53.588,54.0,60.0,0.412,-6.412,-10.69,37,0.0999,37,Latest chronological test-window forecast
2025-05-31 13:00:00,14,226,234,Manhattan,Union Sq,Yellow Zone,144.103,194.0,161.0,49.897,-16.897,-10.5,12,0.2686,12,Latest chronological test-window forecast
2025-05-31 13:00:00,14,227,235,Bronx,University Heights/Morris Heights,Boro Zone,2.583,3.0,3.0,0.417,-0.417,-13.9,119,0.0048,127,Latest chronological test-window forecast
2025-05-31 13:00:00,14,228,236,Manhattan,Upper East Side North,Yellow Zone,375.525,353.0,420.0,22.525,-44.475,-10.59,1,0.7,1,Latest chronological test-window forecast
2025-05-31 13:00:00,14,229,237,Manhattan,Upper East Side South,Yellow Zone,348.758,355.0,390.0,6.242,-41.242,-10.57,2,0.6501,2,Latest chronological test-window forecast
2025-05-31 13:00:00,14,230,238,Manhattan,Upper West Side North,Yellow Zone,143.835,156.0,161.0,12.165,-17.165,-10.66,14,0.2681,14,Latest chronological test-window forecast
2025-05-31 13:00:00,14,231,239,Manhattan,Upper West Side South,Yellow Zone,169.79,222.0,190.0,52.21,-20.21,-10.64,9,0.3165,9,Latest chronological test-window forecast
2025-05-31 13:00:00,14,232,240,Bronx,Van Cortlandt Park,Boro Zone,0.0,1.0,0.0,1.0,0.0,,250,0.0,250,Latest chronological test-window forecast
2025-05-31 13:00:00,14,233,241,Bronx,Van Cortlandt Village,Boro Zone,3.475,0.0,4.0,3.475,-0.525,-13.12,105,0.0065,108,Latest chronological test-window forecast
2025-05-31 13:00:00,14,234,242,Bronx,Van Nest/Morris Park,Boro Zone,0.792,0.0,1.0,0.792,-0.208,-20.8,164,0.0015,185,Latest chronological test-window forecast
2025-05-31 13:00:00,14,235,243,Manhattan,Washington Heights North,Boro Zone,6.155,4.0,7.0,2.155,-0.845,-12.07,78,0.0115,79,Latest chronological test-window forecast
2025-05-31 13:00:00,14,236,244,Manhattan,Washington Heights South,Boro Zone,15.997,6.0,18.0,9.997,-2.003,-11.13,54,0.0298,54,Latest chronological test-window forecast
2025-05-31 13:00:00,14,237,245,Staten Island,West Brighton,Boro Zone,0.0,0.0,0.0,0.0,0.0,,251,0.0,251,Latest chronological test-window forecast
2025-05-31 13:00:00,14,238,246,Manhattan,West Chelsea/Hudson Yards,Yellow Zone,102.024,153.0,114.0,50.976,-11.976,-10.51,23,0.1902,23,Latest chronological test-window forecast
2025-05-31 13:00:00,14,239,247,Bronx,West Concourse,Boro Zone,2.582,1.0,3.0,1.582,-0.418,-13.93,121,0.0048,128,Latest chronological test-window forecast
2025-05-31 13:00:00,14,240,248,Bronx,West Farms/Bronx River,Boro Zone,0.0,0.0,0.0,0.0,0.0,,252,0.0,252,Latest chronological test-window forecast
2025-05-31 13:00:00,14,241,249,Manhattan,West Village,Yellow Zone,72.474,97.0,81.0,24.526,-8.526,-10.53,30,0.1351,30,Latest chronological test-window forecast
2025-05-31 13:00:00,14,242,250,Bronx,Westchester Village/Unionport,Boro Zone,0.0,1.0,0.0,1.0,0.0,,253,0.0,253,Latest chronological test-window forecast
2025-05-31 13:00:00,14,243,251,Staten Island,Westerleigh,Boro Zone,0.0,0.0,0.0,0.0,0.0,,254,0.0,254,Latest chronological test-window forecast
2025-05-31 13:00:00,14,244,252,Queens,Whitestone,Boro Zone,0.792,1.0,1.0,0.208,-0.208,-20.8,165,0.0015,186,Latest chronological test-window forecast
2025-05-31 13:00:00,14,245,253,Queens,Willets Point,Boro Zone,0.0,0.0,0.0,0.0,0.0,,255,0.0,255,Latest chronological test-window forecast
2025-05-31 13:00:00,14,246,254,Bronx,Williamsbridge/Olinville,Boro Zone,0.792,1.0,1.0,0.208,-0.208,-20.8,166,0.0015,187,Latest chronological test-window forecast
2025-05-31 13:00:00,14,247,255,Brooklyn,Williamsburg (North Side),Boro Zone,0.788,5.0,1.0,4.212,-0.212,-21.2,189,0.0015,188,Latest chronological test-window forecast
2025-05-31 13:00:00,14,248,256,Brooklyn,Williamsburg (South Side),Boro Zone,2.575,6.0,3.0,3.425,-0.425,-14.17,129,0.0048,129,Latest chronological test-window forecast
2025-05-31 13:00:00,14,249,257,Brooklyn,Windsor Terrace,Boro Zone,0.79,0.0,1.0,0.79,-0.21,-21.0,179,0.0015,189,Latest chronological test-window forecast
2025-05-31 13:00:00,14,250,258,Queens,Woodhaven,Boro Zone,4.374,0.0,5.0,4.374,-0.626,-12.52,91,0.0082,91,Latest chronological test-window forecast
2025-05-31 13:00:00,14,251,259,Bronx,Woodlawn/Wakefield,Boro Zone,0.0,1.0,0.0,1.0,0.0,,256,0.0,256,Latest chronological test-window forecast
2025-05-31 13:00:00,14,252,260,Queens,Woodside,Boro Zone,3.472,3.0,4.0,0.472,-0.528,-13.2,109,0.0065,109,Latest chronological test-window forecast
2025-05-31 13:00:00,14,253,261,Manhattan,World Trade Center,Yellow Zone,33.897,43.0,38.0,9.103,-4.103,-10.8,44,0.0632,44,Latest chronological test-window forecast
2025-05-31 13:00:00,14,254,262,Manhattan,Yorkville East,Yellow Zone,99.213,110.0,111.0,10.787,-11.787,-10.62,24,0.1849,24,Latest chronological test-window forecast
2025-05-31 13:00:00,14,255,263,Manhattan,Yorkville West,Yellow Zone,113.438,155.0,127.0,41.562,-13.562,-10.68,20,0.2115,20,Latest chronological test-window forecast
2025-05-31 14:00:00,15,0,1,EWR,Newark Airport,EWR,0.761,0.0,1.0,0.761,-0.239,-23.9,195,0.0013,165,Latest chronological test-window forecast
2025-05-31 14:00:00,15,1,2,Queens,Jamaica Bay,Boro Zone,0.0,0.0,0.0,0.0,0.0,,199,0.0,199,Latest chronological test-window forecast
2025-05-31 14:00:00,15,2,3,Bronx,Allerton/Pelham Gardens,Boro Zone,0.0,0.0,0.0,0.0,0.0,,200,0.0,200,Latest chronological test-window forecast
2025-05-31 14:00:00,15,3,4,Manhattan,Alphabet City,Yellow Zone,7.816,21.0,9.0,13.184,-1.184,-13.16,69,0.013,69,Latest chronological test-window forecast
2025-05-31 14:00:00,15,4,6,Staten Island,Arrochar/Fort Wadsworth,Boro Zone,0.0,0.0,0.0,0.0,0.0,,201,0.0,201,Latest chronological test-window forecast
2025-05-31 14:00:00,15,5,7,Queens,Astoria,Boro Zone,10.463,20.0,12.0,9.537,-1.537,-12.81,62,0.0174,60,Latest chronological test-window forecast
2025-05-31 14:00:00,15,6,8,Queens,Astoria Park,Boro Zone,0.0,0.0,0.0,0.0,0.0,,202,0.0,202,Latest chronological test-window forecast
2025-05-31 14:00:00,15,7,9,Queens,Auburndale,Boro Zone,1.651,0.0,2.0,1.651,-0.349,-17.45,135,0.0027,130,Latest chronological test-window forecast
2025-05-31 14:00:00,15,8,10,Queens,Baisley Park,Boro Zone,2.528,7.0,3.0,4.472,-0.472,-15.73,122,0.0042,115,Latest chronological test-window forecast
2025-05-31 14:00:00,15,9,11,Brooklyn,Bath Beach,Boro Zone,1.656,0.0,2.0,1.656,-0.344,-17.2,127,0.0028,126,Latest chronological test-window forecast
2025-05-31 14:00:00,15,10,12,Manhattan,Battery Park,Yellow Zone,3.406,8.0,4.0,4.594,-0.594,-14.85,110,0.0057,102,Latest chronological test-window forecast
2025-05-31 14:00:00,15,11,13,Manhattan,Battery Park City,Yellow Zone,43.909,42.0,50.0,1.909,-6.091,-12.18,43,0.073,43,Latest chronological test-window forecast
2025-05-31 14:00:00,15,12,14,Brooklyn,Bay Ridge,Boro Zone,1.652,4.0,2.0,2.348,-0.348,-17.4,131,0.0027,131,Latest chronological test-window forecast
2025-05-31 14:00:00,15,13,15,Queens,Bay Terrace/Fort Totten,Boro Zone,0.767,0.0,1.0,0.767,-0.233,-23.3,174,0.0013,166,Latest chronological test-window forecast
2025-05-31 14:00:00,15,14,16,Queens,Bayside,Boro Zone,0.769,0.0,1.0,0.769,-0.231,-23.1,166,0.0013,167,Latest chronological test-window forecast
2025-05-31 14:00:00,15,15,17,Brooklyn,Bedford,Boro Zone,6.055,10.0,7.0,3.945,-0.945,-13.5,79,0.0101,79,Latest chronological test-window forecast
2025-05-31 14:00:00,15,16,18,Bronx,Bedford Park,Boro Zone,1.649,0.0,2.0,1.649,-0.351,-17.55,142,0.0027,132,Latest chronological test-window forecast
2025-05-31 14:00:00,15,17,19,Queens,Bellerose,Boro Zone,1.654,2.0,2.0,0.346,-0.346,-17.3,129,0.0028,127,Latest chronological test-window forecast
2025-05-31 14:00:00,15,18,20,Bronx,Belmont,Boro Zone,0.766,1.0,1.0,0.234,-0.234,-23.4,182,0.0013,168,Latest chronological test-window forecast
2025-05-31 14:00:00,15,19,21,Brooklyn,Bensonhurst East,Boro Zone,1.657,0.0,2.0,1.657,-0.343,-17.15,126,0.0028,128,Latest chronological test-window forecast
2025-05-31 14:00:00,15,20,22,Brooklyn,Bensonhurst West,Boro Zone,3.426,1.0,4.0,2.426,-0.574,-14.35,103,0.0057,103,Latest chronological test-window forecast
2025-05-31 14:00:00,15,21,23,Staten Island,Bloomfield/Emerson Hill,Boro Zone,0.0,0.0,0.0,0.0,0.0,,203,0.0,203,Latest chronological test-window forecast
2025-05-31 14:00:00,15,22,24,Manhattan,Bloomingdale,Yellow Zone,20.127,26.0,23.0,5.873,-2.873,-12.49,52,0.0335,52,Latest chronological test-window forecast
2025-05-31 14:00:00,15,23,25,Brooklyn,Boerum Hill,Boro Zone,7.815,7.0,9.0,0.815,-1.185,-13.17,70,0.013,70,Latest chronological test-window forecast
2025-05-31 14:00:00,15,24,26,Brooklyn,Borough Park,Boro Zone,0.769,0.0,1.0,0.769,-0.231,-23.1,167,0.0013,169,Latest chronological test-window forecast
2025-05-31 14:00:00,15,25,27,Queens,Breezy Point/Fort Tilden/Riis Beach,Boro Zone,0.0,0.0,0.0,0.0,0.0,,204,0.0,204,Latest chronological test-window forecast
2025-05-31 14:00:00,15,26,28,Queens,Briarwood/Jamaica Hills,Boro Zone,0.0,2.0,0.0,2.0,0.0,,205,0.0,205,Latest chronological test-window forecast
2025-05-31 14:00:00,15,27,29,Brooklyn,Brighton Beach,Boro Zone,1.656,2.0,2.0,0.344,-0.344,-17.2,128,0.0028,129,Latest chronological test-window forecast
2025-05-31 14:00:00,15,28,30,Queens,Broad Channel,Boro Zone,0.0,0.0,0.0,0.0,0.0,,206,0.0,206,Latest chronological test-window forecast
2025-05-31 14:00:00,15,29,31,Bronx,Bronx Park,Boro Zone,0.0,0.0,0.0,0.0,0.0,,207,0.0,207,Latest chronological test-window forecast
2025-05-31 14:00:00,15,30,32,Bronx,Bronxdale,Boro Zone,1.651,0.0,2.0,1.651,-0.349,-17.45,136,0.0027,133,Latest chronological test-window forecast
2025-05-31 14:00:00,15,31,33,Brooklyn,Brooklyn Heights,Boro Zone,6.043,9.0,7.0,2.957,-0.957,-13.67,81,0.0101,80,Latest chronological test-window forecast
2025-05-31 14:00:00,15,32,34,Brooklyn,Brooklyn Navy Yard,Boro Zone,0.0,0.0,0.0,0.0,0.0,,208,0.0,208,Latest chronological test-window forecast
2025-05-31 14:00:00,15,33,35,Brooklyn,Brownsville,Boro Zone,4.298,5.0,5.0,0.702,-0.702,-14.04,96,0.0071,96,Latest chronological test-window forecast
2025-05-31 14:00:00,15,34,36,Brooklyn,Bushwick North,Boro Zone,1.644,4.0,2.0,2.356,-0.356,-17.8,160,0.0027,134,Latest chronological test-window forecast
2025-05-31 14:00:00,15,35,37,Brooklyn,Bushwick South,Boro Zone,6.933,8.0,8.0,1.067,-1.067,-13.34,75,0.0115,74,Latest chronological test-window forecast
2025-05-31 14:00:00,15,36,38,Queens,Cambria Heights,Boro Zone,0.764,0.0,1.0,0.764,-0.236,-23.6,190,0.0013,170,Latest chronological test-window forecast
2025-05-31 14:00:00,15,37,39,Brooklyn,Canarsie,Boro Zone,2.532,9.0,3.0,6.468,-0.468,-15.6,118,0.0042,116,Latest chronological test-window forecast
2025-05-31 14:00:00,15,38,40,Brooklyn,Carroll Gardens,Boro Zone,1.642,0.0,2.0,1.642,-0.358,-17.9,161,0.0027,135,Latest chronological test-window forecast
2025-05-31 14:00:00,15,39,41,Manhattan,Central Harlem,Boro Zone,36.014,46.0,41.0,9.986,-4.986,-12.16,45,0.0599,45,Latest chronological test-window forecast
2025-05-31 14:00:00,15,40,42,Manhattan,Central Harlem North,Boro Zone,19.285,29.0,22.0,9.715,-2.715,-12.34,53,0.0321,53,Latest chronological test-window forecast
2025-05-31 14:00:00,15,41,43,Manhattan,Central Park,Yellow Zone,143.499,174.0,163.0,30.501,-19.501,-11.96,18,0.2387,18,Latest chronological test-window forecast
2025-05-31 14:00:00,15,42,44,Staten Island,Charleston/Tottenville,Boro Zone,0.0,0.0,0.0,0.0,0.0,,209,0.0,209,Latest chronological test-window forecast
2025-05-31 14:00:00,15,43,45,Manhattan,Chinatown,Yellow Zone,13.968,17.0,16.0,3.032,-2.032,-12.7,56,0.0232,56,Latest chronological test-window forecast
2025-05-31 14:00:00,15,44,46,Bronx,City Island,Boro Zone,0.0,0.0,0.0,0.0,0.0,,210,0.0,210,Latest chronological test-window forecast
2025-05-31 14:00:00,15,45,47,Bronx,Claremont/Bathgate,Boro Zone,0.0,4.0,0.0,4.0,0.0,,211,0.0,211,Latest chronological test-window forecast
2025-05-31 14:00:00,15,46,48,Manhattan,Clinton East,Yellow Zone,107.295,142.0,122.0,34.705,-14.705,-12.05,22,0.1785,22,Latest chronological test-window forecast
2025-05-31 14:00:00,15,47,49,Brooklyn,Clinton Hill,Boro Zone,3.406,6.0,4.0,2.594,-0.594,-14.85,111,0.0057,104,Latest chronological test-window forecast
2025-05-31 14:00:00,15,48,50,Manhattan,Clinton West,Yellow Zone,42.168,60.0,48.0,17.832,-5.832,-12.15,44,0.0701,44,Latest chronological test-window forecast
2025-05-31 14:00:00,15,49,51,Bronx,Co-Op City,Boro Zone,0.0,4.0,0.0,4.0,0.0,,212,0.0,212,Latest chronological test-window forecast
2025-05-31 14:00:00,15,50,52,Brooklyn,Cobble Hill,Boro Zone,0.761,3.0,1.0,2.239,-0.239,-23.9,196,0.0013,171,Latest chronological test-window forecast
2025-05-31 14:00:00,15,51,53,Queens,College Point,Boro Zone,0.0,0.0,0.0,0.0,0.0,,213,0.0,213,Latest chronological test-window forecast
2025-05-31 14:00:00,15,52,54,Brooklyn,Columbia Street,Boro Zone,0.0,0.0,0.0,0.0,0.0,,214,0.0,214,Latest chronological test-window forecast
2025-05-31 14:00:00,15,53,55,Brooklyn,Coney Island,Boro Zone,4.309,2.0,5.0,2.309,-0.691,-13.82,93,0.0072,93,Latest chronological test-window forecast
2025-05-31 14:00:00,15,54,56,Queens,Corona,Boro Zone,0.766,0.0,1.0,0.766,-0.234,-23.4,183,0.0013,172,Latest chronological test-window forecast
2025-05-31 14:00:00,15,55,57,Queens,Corona,Boro Zone,0.0,0.0,0.0,0.0,0.0,,215,0.0,215,Latest chronological test-window forecast
2025-05-31 14:00:00,15,56,58,Bronx,Country Club,Boro Zone,0.0,0.0,0.0,0.0,0.0,,216,0.0,216,Latest chronological test-window forecast
2025-05-31 14:00:00,15,57,59,Bronx,Crotona Park,Boro Zone,0.0,0.0,0.0,0.0,0.0,,217,0.0,217,Latest chronological test-window forecast
2025-05-31 14:00:00,15,58,60,Bronx,Crotona Park East,Boro Zone,0.767,2.0,1.0,1.233,-0.233,-23.3,175,0.0013,173,Latest chronological test-window forecast
2025-05-31 14:00:00,15,59,61,Brooklyn,Crown Heights North,Boro Zone,13.99,17.0,16.0,3.01,-2.01,-12.56,55,0.0233,55,Latest chronological test-window forecast
2025-05-31 14:00:00,15,60,62,Brooklyn,Crown Heights South,Boro Zone,2.53,4.0,3.0,1.47,-0.47,-15.67,121,0.0042,117,Latest chronological test-window forecast
2025-05-31 14:00:00,15,61,63,Brooklyn,Cypress Hills,Boro Zone,0.765,4.0,1.0,3.235,-0.235,-23.5,187,0.0013,174,Latest chronological test-window forecast
2025-05-31 14:00:00,15,62,64,Queens,Douglaston,Boro Zone,0.0,1.0,0.0,1.0,0.0,,218,0.0,218,Latest chronological test-window forecast
2025-05-31 14:00:00,15,63,65,Brooklyn,Downtown Brooklyn/MetroTech,Boro Zone,7.804,19.0,9.0,11.196,-1.196,-13.29,71,0.013,71,Latest chronological test-window forecast
2025-05-31 14:00:00,15,64,66,Brooklyn,DUMBO/Vinegar Hill,Boro Zone,4.284,10.0,5.0,5.716,-0.716,-14.32,100,0.0071,97,Latest chronological test-window forecast
2025-05-31 14:00:00,15,65,67,Brooklyn,Dyker Heights,Boro Zone,0.768,1.0,1.0,0.232,-0.232,-23.2,170,0.0013,175,Latest chronological test-window forecast
2025-05-31 14:00:00,15,66,68,Manhattan,East Chelsea,Yellow Zone,168.123,210.0,191.0,41.877,-22.877,-11.98,13,0.2797,13,Latest chronological test-window forecast
2025-05-31 14:00:00,15,67,69,Bronx,East Concourse/Concourse Village,Boro Zone,1.649,0.0,2.0,1.649,-0.351,-17.55,143,0.0027,136,Latest chronological test-window forecast
2025-05-31 14:00:00,15,68,70,Queens,East Elmhurst,Boro Zone,24.531,16.0,28.0,8.531,-3.469,-12.39,50,0.0408,50,Latest chronological test-window forecast
2025-05-31 14:00:00,15,69,71,Brooklyn,East Flatbush/Farragut,Boro Zone,6.945,5.0,8.0,1.945,-1.055,-13.19,73,0.0116,72,Latest chronological test-window forecast
2025-05-31 14:00:00,15,70,72,Brooklyn,East Flatbush/Remsen Village,Boro Zone,5.179,6.0,6.0,0.821,-0.821,-13.68,87,0.0086,82,Latest chronological test-window forecast
2025-05-31 14:00:00,15,71,73,Queens,East Flushing,Boro Zone,1.652,0.0,2.0,1.652,-0.348,-17.4,132,0.0027,137,Latest chronological test-window forecast
2025-05-31 14:00:00,15,72,74,Manhattan,East Harlem North,Boro Zone,27.2,42.0,31.0,14.8,-3.8,-12.26,49,0.0452,49,Latest chronological test-window forecast
2025-05-31 14:00:00,15,73,75,Manhattan,East Harlem South,Boro Zone,75.62,55.0,86.0,20.62,-10.38,-12.07,31,0.1258,30,Latest chronological test-window forecast
2025-05-31 14:00:00,15,74,76,Brooklyn,East New York,Boro Zone,8.71,6.0,10.0,2.71,-1.29,-12.9,67,0.0145,65,Latest chronological test-window forecast
2025-05-31 14:00:00,15,75,77,Brooklyn,East New York/Pennsylvania Avenue,Boro Zone,1.648,1.0,2.0,0.648,-0.352,-17.6,154,0.0027,138,Latest chronological test-window forecast
2025-05-31 14:00:00,15,76,78,Bronx,East Tremont,Boro Zone,0.767,6.0,1.0,5.233,-0.233,-23.3,176,0.0013,176,Latest chronological test-window forecast
2025-05-31 14:00:00,15,77,79,Manhattan,East Village,Yellow Zone,85.344,127.0,97.0,41.656,-11.656,-12.02,27,0.142,27,Latest chronological test-window forecast
2025-05-31 14:00:00,15,78,80,Brooklyn,East Williamsburg,Boro Zone,2.524,8.0,3.0,5.476,-0.476,-15.87,125,0.0042,118,Latest chronological test-window forecast
2025-05-31 14:00:00,15,79,81,Bronx,Eastchester,Boro Zone,0.768,2.0,1.0,1.232,-0.232,-23.2,171,0.0013,177,Latest chronological test-window forecast
2025-05-31 14:00:00,15,80,82,Queens,Elmhurst,Boro Zone,5.18,2.0,6.0,3.18,-0.82,-13.67,86,0.0086,83,Latest chronological test-window forecast
2025-05-31 14:00:00,15,81,83,Queens,Elmhurst/Maspeth,Boro Zone,0.763,3.0,1.0,2.237,-0.237,-23.7,193,0.0013,178,Latest chronological test-window forecast
2025-05-31 14:00:00,15,82,84,Staten Island,Eltingville/Annadale/Prince's Bay,Boro Zone,0.0,0.0,0.0,0.0,0.0,,219,0.0,219,Latest chronological test-window forecast
2025-05-31 14:00:00,15,83,85,Brooklyn,Erasmus,Boro Zone,3.412,3.0,4.0,0.412,-0.588,-14.7,109,0.0057,105,Latest chronological test-window forecast
2025-05-31 14:00:00,15,84,86,Queens,Far Rockaway,Boro Zone,1.649,0.0,2.0,1.649,-0.351,-17.55,144,0.0027,139,Latest chronological test-window forecast
2025-05-31 14:00:00,15,85,87,Manhattan,Financial District North,Yellow Zone,36.006,37.0,41.0,0.994,-4.994,-12.18,46,0.0599,46,Latest chronological test-window forecast
2025-05-31 14:00:00,15,86,88,Manhattan,Financial District South,Yellow Zone,21.912,12.0,25.0,9.912,-3.088,-12.35,51,0.0364,51,Latest chronological test-window forecast
2025-05-31 14:00:00,15,87,89,Brooklyn,Flatbush/Ditmas Park,Boro Zone,10.484,7.0,12.0,3.484,-1.516,-12.63,60,0.0174,61,Latest chronological test-window forecast
2025-05-31 14:00:00,15,88,90,Manhattan,Flatiron,Yellow Zone,90.672,126.0,103.0,35.328,-12.328,-11.97,24,0.1508,24,Latest chronological test-window forecast
2025-05-31 14:00:00,15,89,91,Brooklyn,Flatlands,Boro Zone,5.184,3.0,6.0,2.184,-0.816,-13.6,84,0.0086,84,Latest chronological test-window forecast
2025-05-31 14:00:00,15,90,92,Queens,Flushing,Boro Zone,0.767,3.0,1.0,2.233,-0.233,-23.3,177,0.0013,179,Latest chronological test-window forecast
2025-05-31 14:00:00,15,91,93,Queens,Flushing Meadows-Corona Park,Boro Zone,1.641,0.0,2.0,1.641,-0.359,-17.95,164,0.0027,140,Latest chronological test-window forecast
2025-05-31 14:00:00,15,92,94,Bronx,Fordham South,Boro Zone,0.765,1.0,1.0,0.235,-0.235,-23.5,188,0.0013,180,Latest chronological test-window forecast
2025-05-31 14:00:00,15,93,95,Queens,Forest Hills,Boro Zone,3.416,5.0,4.0,1.584,-0.584,-14.6,107,0.0057,106,Latest chronological test-window forecast
2025-05-31 14:00:00,15,94,96,Queens,Forest Park/Highland Park,Boro Zone,0.0,0.0,0.0,0.0,0.0,,220,0.0,220,Latest chronological test-window forecast
2025-05-31 14:00:00,15,95,97,Brooklyn,Fort Greene,Boro Zone,8.691,3.0,10.0,5.691,-1.309,-13.09,68,0.0145,66,Latest chronological test-window forecast
2025-05-31 14:00:00,15,96,98,Queens,Fresh Meadows,Boro Zone,0.0,0.0,0.0,0.0,0.0,,221,0.0,221,Latest chronological test-window forecast
2025-05-31 14:00:00,15,97,100,Manhattan,Garment District,Yellow Zone,74.785,68.0,85.0,6.785,-10.215,-12.02,32,0.1244,32,Latest chronological test-window forecast
2025-05-31 14:00:00,15,98,101,Queens,Glen Oaks,Boro Zone,0.768,0.0,1.0,0.768,-0.232,-23.2,172,0.0013,181,Latest chronological test-window forecast
2025-05-31 14:00:00,15,99,102,Queens,Glendale,Boro Zone,2.531,1.0,3.0,1.531,-0.469,-15.63,120,0.0042,119,Latest chronological test-window forecast
2025-05-31 14:00:00,15,100,106,Brooklyn,Gowanus,Boro Zone,1.649,4.0,2.0,2.351,-0.351,-17.55,145,0.0027,141,Latest chronological test-window forecast
2025-05-31 14:00:00,15,101,107,Manhattan,Gramercy,Yellow Zone,86.221,142.0,98.0,55.779,-11.779,-12.02,26,0.1434,26,Latest chronological test-window forecast
2025-05-31 14:00:00,15,102,108,Brooklyn,Gravesend,Boro Zone,0.0,1.0,0.0,1.0,0.0,,222,0.0,222,Latest chronological test-window forecast
2025-05-31 14:00:00,15,103,109,Staten Island,Great Kills,Boro Zone,0.0,0.0,0.0,0.0,0.0,,223,0.0,223,Latest chronological test-window forecast
2025-05-31 14:00:00,15,104,111,Brooklyn,Green-Wood Cemetery,Boro Zone,0.0,0.0,0.0,0.0,0.0,,224,0.0,224,Latest chronological test-window forecast
2025-05-31 14:00:00,15,105,112,Brooklyn,Greenpoint,Boro Zone,3.403,18.0,4.0,14.597,-0.597,-14.92,112,0.0057,107,Latest chronological test-window forecast
2025-05-31 14:00:00,15,106,113,Manhattan,Greenwich Village North,Yellow Zone,75.647,111.0,86.0,35.353,-10.353,-12.04,30,0.1258,31,Latest chronological test-window forecast
2025-05-31 14:00:00,15,107,114,Manhattan,Greenwich Village South,Yellow Zone,60.719,86.0,69.0,25.281,-8.281,-12.0,36,0.101,36,Latest chronological test-window forecast
2025-05-31 14:00:00,15,108,115,Staten Island,Grymes Hill/Clifton,Boro Zone,0.764,0.0,1.0,0.764,-0.236,-23.6,191,0.0013,182,Latest chronological test-window forecast
2025-05-31 14:00:00,15,109,116,Manhattan,Hamilton Heights,Boro Zone,13.095,15.0,15.0,1.905,-1.905,-12.7,57,0.0218,57,Latest chronological test-window forecast
2025-05-31 14:00:00,15,110,117,Queens,Hammels/Arverne,Boro Zone,0.0,0.0,0.0,0.0,0.0,,225,0.0,225,Latest chronological test-window forecast
2025-05-31 14:00:00,15,111,118,Staten Island,Heartland Village/Todt Hill,Boro Zone,0.0,0.0,0.0,0.0,0.0,,226,0.0,226,Latest chronological test-window forecast
2025-05-31 14:00:00,15,112,119,Bronx,Highbridge,Boro Zone,0.764,1.0,1.0,0.236,-0.236,-23.6,192,0.0013,183,Latest chronological test-window forecast
2025-05-31 14:00:00,15,113,120,Manhattan,Highbridge Park,Boro Zone,0.0,0.0,0.0,0.0,0.0,,227,0.0,227,Latest chronological test-window forecast
2025-05-31 14:00:00,15,114,121,Queens,Hillcrest/Pomonok,Boro Zone,3.421,1.0,4.0,2.421,-0.579,-14.48,104,0.0057,108,Latest chronological test-window forecast
2025-05-31 14:00:00,15,115,122,Queens,Hollis,Boro Zone,1.653,0.0,2.0,1.653,-0.347,-17.35,130,0.0027,142,Latest chronological test-window forecast
2025-05-31 14:00:00,15,116,123,Brooklyn,Homecrest,Boro Zone,3.43,1.0,4.0,2.43,-0.57,-14.25,102,0.0057,109,Latest chronological test-window forecast
2025-05-31 14:00:00,15,117,124,Queens,Howard Beach,Boro Zone,1.65,0.0,2.0,1.65,-0.35,-17.5,139,0.0027,143,Latest chronological test-window forecast
2025-05-31 14:00:00,15,118,125,Manhattan,Hudson Sq,Yellow Zone,28.101,29.0,32.0,0.899,-3.899,-12.18,48,0.0467,48,Latest chronological test-window forecast
2025-05-31 14:00:00,15,119,126,Bronx,Hunts Point,Boro Zone,0.766,2.0,1.0,1.234,-0.234,-23.4,184,0.0013,184,Latest chronological test-window forecast
2025-05-31 14:00:00,15,120,127,Manhattan,Inwood,Boro Zone,4.289,4.0,5.0,0.289,-0.711,-14.22,99,0.0071,98,Latest chronological test-window forecast
2025-05-31 14:00:00,15,121,128,Manhattan,Inwood Hill Park,Boro Zone,1.642,0.0,2.0,1.642,-0.358,-17.9,162,0.0027,144,Latest chronological test-window forecast
2025-05-31 14:00:00,15,122,129,Queens,Jackson Heights,Boro Zone,5.175,5.0,6.0,0.175,-0.825,-13.75,89,0.0086,85,Latest chronological test-window forecast
2025-05-31 14:00:00,15,123,130,Queens,Jamaica,Boro Zone,10.484,14.0,12.0,3.516,-1.516,-12.63,61,0.0174,62,Latest chronological test-window forecast
2025-05-31 14:00:00,15,124,131,Queens,Jamaica Estates,Boro Zone,0.769,2.0,1.0,1.231,-0.231,-23.1,168,0.0013,185,Latest chronological test-window forecast
2025-05-31 14:00:00,15,125,132,Queens,JFK Airport,Airports,282.538,287.0,321.0,4.462,-38.462,-11.98,5,0.47,5,Latest chronological test-window forecast
2025-05-31 14:00:00,15,126,133,Brooklyn,Kensington,Boro Zone,1.652,2.0,2.0,0.348,-0.348,-17.4,133,0.0027,145,Latest chronological test-window forecast
2025-05-31 14:00:00,15,127,134,Queens,Kew Gardens,Boro Zone,1.649,4.0,2.0,2.351,-0.351,-17.55,146,0.0027,146,Latest chronological test-window forecast
2025-05-31 14:00:00,15,128,135,Queens,Kew Gardens Hills,Boro Zone,2.533,1.0,3.0,1.533,-0.467,-15.57,117,0.0042,120,Latest chronological test-window forecast
2025-05-31 14:00:00,15,129,136,Bronx,Kingsbridge Heights,Boro Zone,1.648,0.0,2.0,1.648,-0.352,-17.6,155,0.0027,147,Latest chronological test-window forecast
2025-05-31 14:00:00,15,130,137,Manhattan,Kips Bay,Yellow Zone,76.47,61.0,87.0,15.47,-10.53,-12.1,29,0.1272,29,Latest chronological test-window forecast
2025-05-31 14:00:00,15,131,138,Queens,LaGuardia Airport,Airports,332.654,170.0,378.0,162.654,-45.346,-12.0,3,0.5533,3,Latest chronological test-window forecast
2025-05-31 14:00:00,15,132,139,Queens,Laurelton,Boro Zone,2.532,2.0,3.0,0.532,-0.468,-15.6,119,0.0042,121,Latest chronological test-window forecast
2025-05-31 14:00:00,15,133,140,Manhattan,Lenox Hill East,Yellow Zone,164.502,133.0,187.0,31.502,-22.498,-12.03,14,0.2736,14,Latest chronological test-window forecast
2025-05-31 14:00:00,15,134,141,Manhattan,Lenox Hill West,Yellow Zone,145.187,141.0,165.0,4.187,-19.813,-12.01,17,0.2415,17,Latest chronological test-window forecast
2025-05-31 14:00:00,15,135,142,Manhattan,Lincoln Square East,Yellow Zone,179.508,220.0,204.0,40.492,-24.492,-12.01,11,0.2986,11,Latest chronological test-window forecast
2025-05-31 14:00:00,15,136,143,Manhattan,Lincoln Square West,Yellow Zone,90.599,96.0,103.0,5.401,-12.401,-12.04,25,0.1507,25,Latest chronological test-window forecast
2025-05-31 14:00:00,15,137,144,Manhattan,Little Italy/NoLiTa,Yellow Zone,66.875,99.0,76.0,32.125,-9.125,-12.01,35,0.1112,35,Latest chronological test-window forecast
2025-05-31 14:00:00,15,138,145,Queens,Long Island City/Hunters Point,Boro Zone,6.928,5.0,8.0,1.928,-1.072,-13.4,76,0.0115,75,Latest chronological test-window forecast
2025-05-31 14:00:00,15,139,146,Queens,Long Island City/Queens Plaza,Boro Zone,4.282,5.0,5.0,0.718,-0.718,-14.36,101,0.0071,99,Latest chronological test-window forecast
2025-05-31 14:00:00,15,140,147,Bronx,Longwood,Boro Zone,0.766,3.0,1.0,2.234,-0.234,-23.4,185,0.0013,186,Latest chronological test-window forecast
2025-05-31 14:00:00,15,141,148,Manhattan,Lower East Side,Yellow Zone,34.245,63.0,39.0,28.755,-4.755,-12.19,47,0.057,47,Latest chronological test-window forecast
2025-05-31 14:00:00,15,142,149,Brooklyn,Madison,Boro Zone,5.199,1.0,6.0,4.199,-0.801,-13.35,82,0.0086,86,Latest chronological test-window forecast
2025-05-31 14:00:00,15,143,150,Brooklyn,Manhattan Beach,Boro Zone,0.0,0.0,0.0,0.0,0.0,,228,0.0,228,Latest chronological test-window forecast
2025-05-31 14:00:00,15,144,151,Manhattan,Manhattan Valley,Yellow Zone,60.623,86.0,69.0,25.377,-8.377,-12.14,37,0.1008,37,Latest chronological test-window forecast
2025-05-31 14:00:00,15,145,152,Manhattan,Manhattanville,Boro Zone,6.924,6.0,8.0,0.924,-1.076,-13.45,78,0.0115,76,Latest chronological test-window forecast
2025-05-31 14:00:00,15,146,153,Manhattan,Marble Hill,Boro Zone,0.0,0.0,0.0,0.0,0.0,,229,0.0,229,Latest chronological test-window forecast
2025-05-31 14:00:00,15,147,154,Brooklyn,Marine Park/Floyd Bennett Field,Boro Zone,0.767,0.0,1.0,0.767,-0.233,-23.3,178,0.0013,187,Latest chronological test-window forecast
2025-05-31 14:00:00,15,148,155,Brooklyn,Marine Park/Mill Basin,Boro Zone,4.303,2.0,5.0,2.303,-0.697,-13.94,95,0.0072,94,Latest chronological test-window forecast
2025-05-31 14:00:00,15,149,156,Staten Island,Mariners Harbor,Boro Zone,0.0,0.0,0.0,0.0,0.0,,230,0.0,230,Latest chronological test-window forecast
2025-05-31 14:00:00,15,150,157,Queens,Maspeth,Boro Zone,2.527,2.0,3.0,0.527,-0.473,-15.77,123,0.0042,122,Latest chronological test-window forecast
2025-05-31 14:00:00,15,151,158,Manhattan,Meatpacking/West Village West,Yellow Zone,52.78,78.0,60.0,25.22,-7.22,-12.03,41,0.0878,41,Latest chronological test-window forecast
2025-05-31 14:00:00,15,152,159,Bronx,Melrose South,Boro Zone,3.415,9.0,4.0,5.585,-0.585,-14.62,108,0.0057,110,Latest chronological test-window forecast
2025-05-31 14:00:00,15,153,160,Queens,Middle Village,Boro Zone,5.177,3.0,6.0,2.177,-0.823,-13.72,88,0.0086,87,Latest chronological test-window forecast
2025-05-31 14:00:00,15,154,161,Manhattan,Midtown Center,Yellow Zone,289.755,241.0,329.0,48.755,-39.245,-11.93,4,0.482,4,Latest chronological test-window forecast
2025-05-31 14:00:00,15,155,162,Manhattan,Midtown East,Yellow Zone,201.648,179.0,229.0,22.648,-27.352,-11.94,7,0.3354,7,Latest chronological test-window forecast
2025-05-31 14:00:00,15,156,163,Manhattan,Midtown North,Yellow Zone,191.95,216.0,218.0,24.05,-26.05,-11.95,9,0.3193,9,Latest chronological test-window forecast
2025-05-31 14:00:00,15,157,164,Manhattan,Midtown South,Yellow Zone,132.03,137.0,150.0,4.97,-17.97,-11.98,19,0.2196,19,Latest chronological test-window forecast
2025-05-31 14:00:00,15,158,165,Brooklyn,Midwood,Boro Zone,2.54,1.0,3.0,1.54,-0.46,-15.33,115,0.0042,123,Latest chronological test-window forecast
2025-05-31 14:00:00,15,159,166,Manhattan,Morningside Heights,Boro Zone,57.986,42.0,66.0,15.986,-8.014,-12.14,39,0.0965,39,Latest chronological test-window forecast
2025-05-31 14:00:00,15,160,167,Bronx,Morrisania/Melrose,Boro Zone,1.649,2.0,2.0,0.351,-0.351,-17.55,147,0.0027,148,Latest chronological test-window forecast
2025-05-31 14:00:00,15,161,168,Bronx,Mott Haven/Port Morris,Boro Zone,5.182,9.0,6.0,3.818,-0.818,-13.63,85,0.0086,88,Latest chronological test-window forecast
2025-05-31 14:00:00,15,162,169,Bronx,Mount Hope,Boro Zone,0.767,1.0,1.0,0.233,-0.233,-23.3,179,0.0013,188,Latest chronological test-window forecast
2025-05-31 14:00:00,15,163,170,Manhattan,Murray Hill,Yellow Zone,148.78,177.0,169.0,28.22,-20.22,-11.96,16,0.2475,16,Latest chronological test-window forecast
2025-05-31 14:00:00,15,164,171,Queens,Murray Hill-Queens,Boro Zone,0.767,1.0,1.0,0.233,-0.233,-23.3,180,0.0013,189,Latest chronological test-window forecast
2025-05-31 14:00:00,15,165,172,Staten Island,New Dorp/Midland Beach,Boro Zone,0.0,0.0,0.0,0.0,0.0,,231,0.0,231,Latest chronological test-window forecast
2025-05-31 14:00:00,15,166,173,Queens,North Corona,Boro Zone,1.647,2.0,2.0,0.353,-0.353,-17.65,156,0.0027,149,Latest chronological test-window forecast
2025-05-31 14:00:00,15,167,174,Bronx,Norwood,Boro Zone,0.0,1.0,0.0,1.0,0.0,,232,0.0,232,Latest chronological test-window forecast
2025-05-31 14:00:00,15,168,175,Queens,Oakland Gardens,Boro Zone,0.0,2.0,0.0,2.0,0.0,,233,0.0,233,Latest chronological test-window forecast
2025-05-31 14:00:00,15,169,176,Staten Island,Oakwood,Boro Zone,0.0,0.0,0.0,0.0,0.0,,234,0.0,234,Latest chronological test-window forecast
2025-05-31 14:00:00,15,170,177,Brooklyn,Ocean Hill,Boro Zone,5.175,5.0,6.0,0.175,-0.825,-13.75,90,0.0086,89,Latest chronological test-window forecast
2025-05-31 14:00:00,15,171,178,Brooklyn,Ocean Parkway South,Boro Zone,0.0,0.0,0.0,0.0,0.0,,235,0.0,235,Latest chronological test-window forecast
2025-05-31 14:00:00,15,172,179,Queens,Old Astoria,Boro Zone,6.046,5.0,7.0,1.046,-0.954,-13.63,80,0.0101,81,Latest chronological test-window forecast
2025-05-31 14:00:00,15,173,180,Queens,Ozone Park,Boro Zone,1.65,0.0,2.0,1.65,-0.35,-17.5,140,0.0027,150,Latest chronological test-window forecast
2025-05-31 14:00:00,15,174,181,Brooklyn,Park Slope,Boro Zone,2.526,8.0,3.0,5.474,-0.474,-15.8,124,0.0042,124,Latest chronological test-window forecast
2025-05-31 14:00:00,15,175,182,Bronx,Parkchester,Boro Zone,0.0,2.0,0.0,2.0,0.0,,236,0.0,236,Latest chronological test-window forecast
2025-05-31 14:00:00,15,176,183,Bronx,Pelham Bay,Boro Zone,1.649,0.0,2.0,1.649,-0.351,-17.55,148,0.0027,151,Latest chronological test-window forecast
2025-05-31 14:00:00,15,177,184,Bronx,Pelham Bay Park,Boro Zone,0.0,0.0,0.0,0.0,0.0,,237,0.0,237,Latest chronological test-window forecast
2025-05-31 14:00:00,15,178,185,Bronx,Pelham Parkway,Boro Zone,1.649,0.0,2.0,1.649,-0.351,-17.55,149,0.0027,152,Latest chronological test-window forecast
2025-05-31 14:00:00,15,179,186,Manhattan,Penn Station/Madison Sq West,Yellow Zone,194.747,239.0,221.0,44.253,-26.253,-11.88,8,0.3239,8,Latest chronological test-window forecast
2025-05-31 14:00:00,15,180,187,Staten Island,Port Richmond,Boro Zone,0.0,0.0,0.0,0.0,0.0,,238,0.0,238,Latest chronological test-window forecast
2025-05-31 14:00:00,15,181,188,Brooklyn,Prospect-Lefferts Gardens,Boro Zone,6.941,9.0,8.0,2.059,-1.059,-13.24,74,0.0115,77,Latest chronological test-window forecast
2025-05-31 14:00:00,15,182,189,Brooklyn,Prospect Heights,Boro Zone,1.645,5.0,2.0,3.355,-0.355,-17.75,157,0.0027,153,Latest chronological test-window forecast
2025-05-31 14:00:00,15,183,190,Brooklyn,Prospect Park,Boro Zone,0.0,1.0,0.0,1.0,0.0,,239,0.0,239,Latest chronological test-window forecast
2025-05-31 14:00:00,15,184,191,Queens,Queens Village,Boro Zone,4.306,2.0,5.0,2.306,-0.694,-13.88,94,0.0072,95,Latest chronological test-window forecast
2025-05-31 14:00:00,15,185,192,Queens,Queensboro Hill,Boro Zone,0.0,1.0,0.0,1.0,0.0,,240,0.0,240,Latest chronological test-window forecast
2025-05-31 14:00:00,15,186,193,Queens,Queensbridge/Ravenswood,Boro Zone,1.642,4.0,2.0,2.358,-0.358,-17.9,163,0.0027,154,Latest chronological test-window forecast
2025-05-31 14:00:00,15,187,194,Manhattan,Randalls Island,Yellow Zone,0.761,1.0,1.0,0.239,-0.239,-23.9,197,0.0013,190,Latest chronological test-window forecast
2025-05-31 14:00:00,15,188,195,Brooklyn,Red Hook,Boro Zone,0.0,4.0,0.0,4.0,0.0,,241,0.0,241,Latest chronological test-window forecast
2025-05-31 14:00:00,15,189,196,Queens,Rego Park,Boro Zone,1.649,2.0,2.0,0.351,-0.351,-17.55,150,0.0027,155,Latest chronological test-window forecast
2025-05-31 14:00:00,15,190,197,Queens,Richmond Hill,Boro Zone,6.951,7.0,8.0,0.049,-1.049,-13.11,72,0.0116,73,Latest chronological test-window forecast
2025-05-31 14:00:00,15,191,198,Queens,Ridgewood,Boro Zone,5.173,3.0,6.0,2.173,-0.827,-13.78,91,0.0086,90,Latest chronological test-window forecast
2025-05-31 14:00:00,15,192,200,Bronx,Riverdale/North Riverdale/Fieldston,Boro Zone,0.761,0.0,1.0,0.761,-0.239,-23.9,198,0.0013,191,Latest chronological test-window forecast
2025-05-31 14:00:00,15,193,201,Queens,Rockaway Park,Boro Zone,0.0,0.0,0.0,0.0,0.0,,242,0.0,242,Latest chronological test-window forecast
2025-05-31 14:00:00,15,194,202,Manhattan,Roosevelt Island,Boro Zone,0.0,0.0,0.0,0.0,0.0,,243,0.0,243,Latest chronological test-window forecast
2025-05-31 14:00:00,15,195,203,Queens,Rosedale,Boro Zone,1.649,0.0,2.0,1.649,-0.351,-17.55,151,0.0027,156,Latest chronological test-window forecast
2025-05-31 14:00:00,15,196,204,Staten Island,Rossville/Woodrow,Boro Zone,0.0,0.0,0.0,0.0,0.0,,244,0.0,244,Latest chronological test-window forecast
2025-05-31 14:00:00,15,197,205,Queens,Saint Albans,Boro Zone,3.418,7.0,4.0,3.582,-0.582,-14.55,105,0.0057,111,Latest chronological test-window forecast
2025-05-31 14:00:00,15,198,206,Staten Island,Saint George/New Brighton,Boro Zone,0.0,0.0,0.0,0.0,0.0,,245,0.0,245,Latest chronological test-window forecast
2025-05-31 14:00:00,15,199,207,Queens,Saint Michaels Cemetery/Woodside,Boro Zone,0.0,0.0,0.0,0.0,0.0,,246,0.0,246,Latest chronological test-window forecast
2025-05-31 14:00:00,15,200,208,Bronx,Schuylerville/Edgewater Park,Boro Zone,1.65,0.0,2.0,1.65,-0.35,-17.5,141,0.0027,157,Latest chronological test-window forecast
2025-05-31 14:00:00,15,201,209,Manhattan,Seaport,Yellow Zone,9.572,12.0,11.0,2.428,-1.428,-12.98,64,0.0159,64,Latest chronological test-window forecast
2025-05-31 14:00:00,15,202,210,Brooklyn,Sheepshead Bay,Boro Zone,5.197,3.0,6.0,2.197,-0.803,-13.38,83,0.0086,91,Latest chronological test-window forecast
2025-05-31 14:00:00,15,203,211,Manhattan,SoHo,Yellow Zone,58.061,105.0,66.0,46.939,-7.939,-12.03,38,0.0966,38,Latest chronological test-window forecast
2025-05-31 14:00:00,15,204,212,Bronx,Soundview/Bruckner,Boro Zone,0.767,1.0,1.0,0.233,-0.233,-23.3,181,0.0013,192,Latest chronological test-window forecast
2025-05-31 14:00:00,15,205,213,Bronx,Soundview/Castle Hill,Boro Zone,0.0,2.0,0.0,2.0,0.0,,247,0.0,247,Latest chronological test-window forecast
2025-05-31 14:00:00,15,206,214,Staten Island,South Beach/Dongan Hills,Boro Zone,0.0,0.0,0.0,0.0,0.0,,248,0.0,248,Latest chronological test-window forecast
2025-05-31 14:00:00,15,207,215,Queens,South Jamaica,Boro Zone,2.537,2.0,3.0,0.537,-0.463,-15.43,116,0.0042,125,Latest chronological test-window forecast
2025-05-31 14:00:00,15,208,216,Queens,South Ozone Park,Boro Zone,8.717,11.0,10.0,2.283,-1.283,-12.83,65,0.0145,67,Latest chronological test-window forecast
2025-05-31 14:00:00,15,209,217,Brooklyn,South Williamsburg,Boro Zone,1.645,1.0,2.0,0.645,-0.355,-17.75,158,0.0027,158,Latest chronological test-window forecast
2025-05-31 14:00:00,15,210,218,Queens,Springfield Gardens North,Boro Zone,1.652,3.0,2.0,1.348,-0.348,-17.4,134,0.0027,159,Latest chronological test-window forecast
2025-05-31 14:00:00,15,211,219,Queens,Springfield Gardens South,Boro Zone,1.649,3.0,2.0,1.351,-0.351,-17.55,152,0.0027,160,Latest chronological test-window forecast
2025-05-31 14:00:00,15,212,220,Bronx,Spuyten Duyvil/Kingsbridge,Boro Zone,1.645,0.0,2.0,1.645,-0.355,-17.75,159,0.0027,161,Latest chronological test-window forecast
2025-05-31 14:00:00,15,213,221,Staten Island,Stapleton,Boro Zone,0.0,0.0,0.0,0.0,0.0,,249,0.0,249,Latest chronological test-window forecast
2025-05-31 14:00:00,15,214,222,Brooklyn,Starrett City,Boro Zone,1.649,0.0,2.0,1.649,-0.351,-17.55,153,0.0027,162,Latest chronological test-window forecast
2025-05-31 14:00:00,15,215,223,Queens,Steinway,Boro Zone,6.928,4.0,8.0,2.928,-1.072,-13.4,77,0.0115,78,Latest chronological test-window forecast
2025-05-31 14:00:00,15,216,224,Manhattan,Stuy Town/Peter Cooper Village,Yellow Zone,11.341,12.0,13.0,0.659,-1.659,-12.76,58,0.0189,58,Latest chronological test-window forecast
2025-05-31 14:00:00,15,217,225,Brooklyn,Stuyvesant Heights,Boro Zone,4.29,16.0,5.0,11.71,-0.71,-14.2,98,0.0071,100,Latest chronological test-window forecast
2025-05-31 14:00:00,15,218,226,Queens,Sunnyside,Boro Zone,10.46,12.0,12.0,1.54,-1.54,-12.83,63,0.0174,63,Latest chronological test-window forecast
2025-05-31 14:00:00,15,219,227,Brooklyn,Sunset Park East,Boro Zone,0.77,1.0,1.0,0.23,-0.23,-23.0,165,0.0013,193,Latest chronological test-window forecast
2025-05-31 14:00:00,15,220,228,Brooklyn,Sunset Park West,Boro Zone,3.418,2.0,4.0,1.418,-0.582,-14.55,106,0.0057,112,Latest chronological test-window forecast
2025-05-31 14:00:00,15,221,229,Manhattan,Sutton Place/Turtle Bay North,Yellow Zone,105.611,103.0,120.0,2.611,-14.389,-11.99,23,0.1757,23,Latest chronological test-window forecast
2025-05-31 14:00:00,15,222,230,Manhattan,Times Sq/Theatre District,Yellow Zone,169.89,150.0,193.0,19.89,-23.11,-11.97,12,0.2826,12,Latest chronological test-window forecast
2025-05-31 14:00:00,15,223,231,Manhattan,TriBeCa/Civic Center,Yellow Zone,74.738,109.0,85.0,34.262,-10.262,-12.07,33,0.1243,33,Latest chronological test-window forecast
2025-05-31 14:00:00,15,224,232,Manhattan,Two Bridges/Seward Park,Yellow Zone,11.335,15.0,13.0,3.665,-1.665,-12.81,59,0.0189,59,Latest chronological test-window forecast
2025-05-31 14:00:00,15,225,233,Manhattan,UN/Turtle Bay South,Yellow Zone,53.617,72.0,61.0,18.383,-7.383,-12.1,40,0.0892,40,Latest chronological test-window forecast
2025-05-31 14:00:00,15,226,234,Manhattan,Union Sq,Yellow Zone,184.142,194.0,209.0,9.858,-24.858,-11.89,10,0.3063,10,Latest chronological test-window forecast
2025-05-31 14:00:00,15,227,235,Bronx,University Heights/Morris Heights,Boro Zone,0.766,1.0,1.0,0.234,-0.234,-23.4,186,0.0013,194,Latest chronological test-window forecast
2025-05-31 14:00:00,15,228,236,Manhattan,Upper East Side North,Yellow Zone,390.833,320.0,444.0,70.833,-53.167,-11.97,2,0.6501,2,Latest chronological test-window forecast
2025-05-31 14:00:00,15,229,237,Manhattan,Upper East Side South,Yellow Zone,420.828,389.0,478.0,31.828,-57.172,-11.96,1,0.7,1,Latest chronological test-window forecast
2025-05-31 14:00:00,15,230,238,Manhattan,Upper West Side North,Yellow Zone,150.417,139.0,171.0,11.417,-20.583,-12.04,15,0.2502,15,Latest chronological test-window forecast
2025-05-31 14:00:00,15,231,239,Manhattan,Upper West Side South,Yellow Zone,203.261,205.0,231.0,1.739,-27.739,-12.01,6,0.3381,6,Latest chronological test-window forecast
2025-05-31 14:00:00,15,232,240,Bronx,Van Cortlandt Park,Boro Zone,0.0,0.0,0.0,0.0,0.0,,250,0.0,250,Latest chronological test-window forecast
2025-05-31 14:00:00,15,233,241,Bronx,Van Cortlandt Village,Boro Zone,0.765,0.0,1.0,0.765,-0.235,-23.5,189,0.0013,195,Latest chronological test-window forecast
2025-05-31 14:00:00,15,234,242,Bronx,Van Nest/Morris Park,Boro Zone,1.651,1.0,2.0,0.651,-0.349,-17.45,137,0.0027,163,Latest chronological test-window forecast
2025-05-31 14:00:00,15,235,243,Manhattan,Washington Heights North,Boro Zone,5.17,5.0,6.0,0.17,-0.83,-13.83,92,0.0086,92,Latest chronological test-window forecast
2025-05-31 14:00:00,15,236,244,Manhattan,Washington Heights South,Boro Zone,18.397,20.0,21.0,1.603,-2.603,-12.4,54,0.0306,54,Latest chronological test-window forecast
2025-05-31 14:00:00,15,237,245,Staten Island,West Brighton,Boro Zone,0.0,0.0,0.0,0.0,0.0,,251,0.0,251,Latest chronological test-window forecast
2025-05-31 14:00:00,15,238,246,Manhattan,West Chelsea/Hudson Yards,Yellow Zone,114.51,168.0,130.0,53.49,-15.49,-11.92,21,0.1905,21,Latest chronological test-window forecast
2025-05-31 14:00:00,15,239,247,Bronx,West Concourse,Boro Zone,4.297,5.0,5.0,0.703,-0.703,-14.06,97,0.0071,101,Latest chronological test-window forecast
2025-05-31 14:00:00,15,240,248,Bronx,West Farms/Bronx River,Boro Zone,0.0,1.0,0.0,1.0,0.0,,252,0.0,252,Latest chronological test-window forecast
2025-05-31 14:00:00,15,241,249,Manhattan,West Village,Yellow Zone,71.318,116.0,81.0,44.682,-9.682,-11.95,34,0.1186,34,Latest chronological test-window forecast
2025-05-31 14:00:00,15,242,250,Bronx,Westchester Village/Unionport,Boro Zone,0.768,1.0,1.0,0.232,-0.232,-23.2,173,0.0013,196,Latest chronological test-window forecast
2025-05-31 14:00:00,15,243,251,Staten Island,Westerleigh,Boro Zone,0.0,0.0,0.0,0.0,0.0,,253,0.0,253,Latest chronological test-window forecast
2025-05-31 14:00:00,15,244,252,Queens,Whitestone,Boro Zone,0.0,0.0,0.0,0.0,0.0,,254,0.0,254,Latest chronological test-window forecast
2025-05-31 14:00:00,15,245,253,Queens,Willets Point,Boro Zone,0.0,0.0,0.0,0.0,0.0,,255,0.0,255,Latest chronological test-window forecast
2025-05-31 14:00:00,15,246,254,Bronx,Williamsbridge/Olinville,Boro Zone,1.651,0.0,2.0,1.651,-0.349,-17.45,138,0.0027,164,Latest chronological test-window forecast
2025-05-31 14:00:00,15,247,255,Brooklyn,Williamsburg (North Side),Boro Zone,3.403,10.0,4.0,6.597,-0.597,-14.92,113,0.0057,113,Latest chronological test-window forecast
2025-05-31 14:00:00,15,248,256,Brooklyn,Williamsburg (South Side),Boro Zone,3.403,7.0,4.0,3.597,-0.597,-14.92,114,0.0057,114,Latest chronological test-window forecast
2025-05-31 14:00:00,15,249,257,Brooklyn,Windsor Terrace,Boro Zone,0.0,1.0,0.0,1.0,0.0,,256,0.0,256,Latest chronological test-window forecast
2025-05-31 14:00:00,15,250,258,Queens,Woodhaven,Boro Zone,8.714,5.0,10.0,3.714,-1.286,-12.86,66,0.0145,68,Latest chronological test-window forecast
2025-05-31 14:00:00,15,251,259,Bronx,Woodlawn/Wakefield,Boro Zone,0.769,1.0,1.0,0.231,-0.231,-23.1,169,0.0013,197,Latest chronological test-window forecast
2025-05-31 14:00:00,15,252,260,Queens,Woodside,Boro Zone,0.763,5.0,1.0,4.237,-0.237,-23.7,194,0.0013,198,Latest chronological test-window forecast
2025-05-31 14:00:00,15,253,261,Manhattan,World Trade Center,Yellow Zone,44.806,53.0,51.0,8.194,-6.194,-12.15,42,0.0745,42,Latest chronological test-window forecast
2025-05-31 14:00:00,15,254,262,Manhattan,Yorkville East,Yellow Zone,78.272,100.0,89.0,21.728,-10.728,-12.05,28,0.1302,28,Latest chronological test-window forecast
2025-05-31 14:00:00,15,255,263,Manhattan,Yorkville West,Yellow Zone,131.933,118.0,150.0,13.933,-18.067,-12.04,20,0.2195,20,Latest chronological test-window forecast
2025-05-31 15:00:00,16,0,1,EWR,Newark Airport,EWR,0.0,0.0,0.0,0.0,0.0,,190,0.0,190,Latest chronological test-window forecast
2025-05-31 15:00:00,16,1,2,Queens,Jamaica Bay,Boro Zone,0.0,0.0,0.0,0.0,0.0,,191,0.0,191,Latest chronological test-window forecast
2025-05-31 15:00:00,16,2,3,Bronx,Allerton/Pelham Gardens,Boro Zone,0.747,1.0,1.0,0.253,-0.253,-25.3,164,0.0012,148,Latest chronological test-window forecast
2025-05-31 15:00:00,16,3,4,Manhattan,Alphabet City,Yellow Zone,12.904,22.0,15.0,9.096,-2.096,-13.97,60,0.0199,60,Latest chronological test-window forecast
2025-05-31 15:00:00,16,4,6,Staten Island,Arrochar/Fort Wadsworth,Boro Zone,0.0,0.0,0.0,0.0,0.0,,192,0.0,192,Latest chronological test-window forecast
2025-05-31 15:00:00,16,5,7,Queens,Astoria,Boro Zone,10.327,18.0,12.0,7.673,-1.673,-13.94,62,0.016,62,Latest chronological test-window forecast
2025-05-31 15:00:00,16,6,8,Queens,Astoria Park,Boro Zone,0.0,0.0,0.0,0.0,0.0,,193,0.0,193,Latest chronological test-window forecast
2025-05-31 15:00:00,16,7,9,Queens,Auburndale,Boro Zone,0.0,1.0,0.0,1.0,0.0,,194,0.0,194,Latest chronological test-window forecast
2025-05-31 15:00:00,16,8,10,Queens,Baisley Park,Boro Zone,1.615,3.0,2.0,1.385,-0.385,-19.25,143,0.0025,123,Latest chronological test-window forecast
2025-05-31 15:00:00,16,9,11,Brooklyn,Bath Beach,Boro Zone,0.0,0.0,0.0,0.0,0.0,,195,0.0,195,Latest chronological test-window forecast
2025-05-31 15:00:00,16,10,12,Manhattan,Battery Park,Yellow Zone,5.951,7.0,7.0,1.049,-1.049,-14.99,83,0.0092,79,Latest chronological test-window forecast
2025-05-31 15:00:00,16,11,13,Manhattan,Battery Park City,Yellow Zone,41.555,42.0,48.0,0.445,-6.445,-13.43,44,0.0642,44,Latest chronological test-window forecast
2025-05-31 15:00:00,16,12,14,Brooklyn,Bay Ridge,Boro Zone,1.623,7.0,2.0,5.377,-0.377,-18.85,129,0.0025,124,Latest chronological test-window forecast
2025-05-31 15:00:00,16,13,15,Queens,Bay Terrace/Fort Totten,Boro Zone,0.748,0.0,1.0,0.748,-0.252,-25.2,162,0.0012,149,Latest chronological test-window forecast
2025-05-31 15:00:00,16,14,16,Queens,Bayside,Boro Zone,0.749,0.0,1.0,0.749,-0.251,-25.1,155,0.0012,150,Latest chronological test-window forecast
2025-05-31 15:00:00,16,15,17,Brooklyn,Bedford,Boro Zone,7.714,7.0,9.0,0.714,-1.286,-14.29,70,0.0119,69,Latest chronological test-window forecast
2025-05-31 15:00:00,16,16,18,Bronx,Bedford Park,Boro Zone,1.62,2.0,2.0,0.38,-0.38,-19.0,135,0.0025,125,Latest chronological test-window forecast
2025-05-31 15:00:00,16,17,19,Queens,Bellerose,Boro Zone,1.626,1.0,2.0,0.626,-0.374,-18.7,125,0.0025,126,Latest chronological test-window forecast
2025-05-31 15:00:00,16,18,20,Bronx,Belmont,Boro Zone,0.746,0.0,1.0,0.746,-0.254,-25.4,170,0.0012,151,Latest chronological test-window forecast
2025-05-31 15:00:00,16,19,21,Brooklyn,Bensonhurst East,Boro Zone,0.0,2.0,0.0,2.0,0.0,,196,0.0,196,Latest chronological test-window forecast
2025-05-31 15:00:00,16,20,22,Brooklyn,Bensonhurst West,Boro Zone,2.504,1.0,3.0,1.504,-0.496,-16.53,108,0.0039,108,Latest chronological test-window forecast
2025-05-31 15:00:00,16,21,23,Staten Island,Bloomfield/Emerson Hill,Boro Zone,0.0,1.0,0.0,1.0,0.0,,197,0.0,197,Latest chronological test-window forecast
2025-05-31 15:00:00,16,22,24,Manhattan,Bloomingdale,Yellow Zone,20.711,20.0,24.0,0.711,-3.289,-13.7,50,0.032,50,Latest chronological test-window forecast
2025-05-31 15:00:00,16,23,25,Brooklyn,Boerum Hill,Boro Zone,6.838,4.0,8.0,2.838,-1.162,-14.52,75,0.0106,73,Latest chronological test-window forecast
2025-05-31 15:00:00,16,24,26,Brooklyn,Borough Park,Boro Zone,1.624,1.0,2.0,0.624,-0.376,-18.8,126,0.0025,127,Latest chronological test-window forecast
2025-05-31 15:00:00,16,25,27,Queens,Breezy Point/Fort Tilden/Riis Beach,Boro Zone,0.0,0.0,0.0,0.0,0.0,,198,0.0,198,Latest chronological test-window forecast
2025-05-31 15:00:00,16,26,28,Queens,Briarwood/Jamaica Hills,Boro Zone,4.241,4.0,5.0,0.241,-0.759,-15.18,91,0.0066,91,Latest chronological test-window forecast
2025-05-31 15:00:00,16,27,29,Brooklyn,Brighton Beach,Boro Zone,0.753,0.0,1.0,0.753,-0.247,-24.7,148,0.0012,152,Latest chronological test-window forecast
2025-05-31 15:00:00,16,28,30,Queens,Broad Channel,Boro Zone,0.0,0.0,0.0,0.0,0.0,,199,0.0,199,Latest chronological test-window forecast
2025-05-31 15:00:00,16,29,31,Bronx,Bronx Park,Boro Zone,0.0,0.0,0.0,0.0,0.0,,200,0.0,200,Latest chronological test-window forecast
2025-05-31 15:00:00,16,30,32,Bronx,Bronxdale,Boro Zone,0.0,0.0,0.0,0.0,0.0,,201,0.0,201,Latest chronological test-window forecast
2025-05-31 15:00:00,16,31,33,Brooklyn,Brooklyn Heights,Boro Zone,7.689,10.0,9.0,2.311,-1.311,-14.57,72,0.0119,70,Latest chronological test-window forecast
2025-05-31 15:00:00,16,32,34,Brooklyn,Brooklyn Navy Yard,Boro Zone,0.0,0.0,0.0,0.0,0.0,,202,0.0,202,Latest chronological test-window forecast
2025-05-31 15:00:00,16,33,35,Brooklyn,Brownsville,Boro Zone,5.984,4.0,7.0,1.984,-1.016,-14.51,80,0.0092,80,Latest chronological test-window forecast
2025-05-31 15:00:00,16,34,36,Brooklyn,Bushwick North,Boro Zone,5.095,6.0,6.0,0.905,-0.905,-15.08,89,0.0079,85,Latest chronological test-window forecast
2025-05-31 15:00:00,16,35,37,Brooklyn,Bushwick South,Boro Zone,8.578,6.0,10.0,2.578,-1.422,-14.22,66,0.0132,66,Latest chronological test-window forecast
2025-05-31 15:00:00,16,36,38,Queens,Cambria Heights,Boro Zone,2.486,0.0,3.0,2.486,-0.514,-17.13,118,0.0038,116,Latest chronological test-window forecast
2025-05-31 15:00:00,16,37,39,Brooklyn,Canarsie,Boro Zone,6.858,9.0,8.0,2.142,-1.142,-14.28,73,0.0106,74,Latest chronological test-window forecast
2025-05-31 15:00:00,16,38,40,Brooklyn,Carroll Gardens,Boro Zone,0.738,3.0,1.0,2.262,-0.262,-26.2,188,0.0011,181,Latest chronological test-window forecast
2025-05-31 15:00:00,16,39,41,Manhattan,Central Harlem,Boro Zone,45.142,34.0,52.0,11.142,-6.858,-13.19,42,0.0697,42,Latest chronological test-window forecast
2025-05-31 15:00:00,16,40,42,Manhattan,Central Harlem North,Boro Zone,12.946,26.0,15.0,13.054,-2.054,-13.69,57,0.02,57,Latest chronological test-window forecast
2025-05-31 15:00:00,16,41,43,Manhattan,Central Park,Yellow Zone,157.973,128.0,182.0,29.973,-24.027,-13.2,15,0.244,15,Latest chronological test-window forecast
2025-05-31 15:00:00,16,42,44,Staten Island,Charleston/Tottenville,Boro Zone,0.0,0.0,0.0,0.0,0.0,,203,0.0,203,Latest chronological test-window forecast
2025-05-31 15:00:00,16,43,45,Manhattan,Chinatown,Yellow Zone,18.109,19.0,21.0,0.891,-2.891,-13.77,51,0.028,51,Latest chronological test-window forecast
2025-05-31 15:00:00,16,44,46,Bronx,City Island,Boro Zone,0.0,0.0,0.0,0.0,0.0,,204,0.0,204,Latest chronological test-window forecast
2025-05-31 15:00:00,16,45,47,Bronx,Claremont/Bathgate,Boro Zone,0.0,0.0,0.0,0.0,0.0,,205,0.0,205,Latest chronological test-window forecast
2025-05-31 15:00:00,16,46,48,Manhattan,Clinton East,Yellow Zone,100.621,148.0,116.0,47.379,-15.379,-13.26,24,0.1554,24,Latest chronological test-window forecast
2025-05-31 15:00:00,16,47,49,Brooklyn,Clinton Hill,Boro Zone,4.222,8.0,5.0,3.778,-0.778,-15.56,95,0.0065,94,Latest chronological test-window forecast
2025-05-31 15:00:00,16,48,50,Manhattan,Clinton West,Yellow Zone,40.695,45.0,47.0,4.305,-6.305,-13.41,45,0.0629,45,Latest chronological test-window forecast
2025-05-31 15:00:00,16,49,51,Bronx,Co-Op City,Boro Zone,0.0,1.0,0.0,1.0,0.0,,206,0.0,206,Latest chronological test-window forecast
2025-05-31 15:00:00,16,50,52,Brooklyn,Cobble Hill,Boro Zone,3.345,1.0,4.0,2.345,-0.655,-16.38,106,0.0052,98,Latest chronological test-window forecast
2025-05-31 15:00:00,16,51,53,Queens,College Point,Boro Zone,2.494,0.0,3.0,2.494,-0.506,-16.87,112,0.0039,109,Latest chronological test-window forecast
2025-05-31 15:00:00,16,52,54,Brooklyn,Columbia Street,Boro Zone,0.0,0.0,0.0,0.0,0.0,,207,0.0,207,Latest chronological test-window forecast
2025-05-31 15:00:00,16,53,55,Brooklyn,Coney Island,Boro Zone,0.0,2.0,0.0,2.0,0.0,,208,0.0,208,Latest chronological test-window forecast
2025-05-31 15:00:00,16,54,56,Queens,Corona,Boro Zone,1.619,3.0,2.0,1.381,-0.381,-19.05,139,0.0025,128,Latest chronological test-window forecast
2025-05-31 15:00:00,16,55,57,Queens,Corona,Boro Zone,0.0,0.0,0.0,0.0,0.0,,209,0.0,209,Latest chronological test-window forecast
2025-05-31 15:00:00,16,56,58,Bronx,Country Club,Boro Zone,0.0,0.0,0.0,0.0,0.0,,210,0.0,210,Latest chronological test-window forecast
2025-05-31 15:00:00,16,57,59,Bronx,Crotona Park,Boro Zone,0.0,0.0,0.0,0.0,0.0,,211,0.0,211,Latest chronological test-window forecast
2025-05-31 15:00:00,16,58,60,Bronx,Crotona Park East,Boro Zone,0.0,0.0,0.0,0.0,0.0,,212,0.0,212,Latest chronological test-window forecast
2025-05-31 15:00:00,16,59,61,Brooklyn,Crown Heights North,Boro Zone,14.682,11.0,17.0,3.682,-2.318,-13.64,55,0.0227,55,Latest chronological test-window forecast
2025-05-31 15:00:00,16,60,62,Brooklyn,Crown Heights South,Boro Zone,0.745,5.0,1.0,4.255,-0.255,-25.5,179,0.0012,153,Latest chronological test-window forecast
2025-05-31 15:00:00,16,61,63,Brooklyn,Cypress Hills,Boro Zone,3.362,1.0,4.0,2.362,-0.638,-15.95,102,0.0052,99,Latest chronological test-window forecast
2025-05-31 15:00:00,16,62,64,Queens,Douglaston,Boro Zone,0.749,0.0,1.0,0.749,-0.251,-25.1,156,0.0012,154,Latest chronological test-window forecast
2025-05-31 15:00:00,16,63,65,Brooklyn,Downtown Brooklyn/MetroTech,Boro Zone,8.557,14.0,10.0,5.443,-1.443,-14.43,68,0.0132,67,Latest chronological test-window forecast
2025-05-31 15:00:00,16,64,66,Brooklyn,DUMBO/Vinegar Hill,Boro Zone,3.342,16.0,4.0,12.658,-0.658,-16.45,107,0.0052,100,Latest chronological test-window forecast
2025-05-31 15:00:00,16,65,67,Brooklyn,Dyker Heights,Boro Zone,0.749,1.0,1.0,0.251,-0.251,-25.1,157,0.0012,155,Latest chronological test-window forecast
2025-05-31 15:00:00,16,66,68,Manhattan,East Chelsea,Yellow Zone,152.746,191.0,176.0,38.254,-23.254,-13.21,17,0.2359,16,Latest chronological test-window forecast
2025-05-31 15:00:00,16,67,69,Bronx,East Concourse/Concourse Village,Boro Zone,0.746,4.0,1.0,3.254,-0.254,-25.4,171,0.0012,156,Latest chronological test-window forecast
2025-05-31 15:00:00,16,68,70,Queens,East Elmhurst,Boro Zone,21.58,17.0,25.0,4.58,-3.42,-13.68,49,0.0333,49,Latest chronological test-window forecast
2025-05-31 15:00:00,16,69,71,Brooklyn,East Flatbush/Farragut,Boro Zone,3.363,3.0,4.0,0.363,-0.637,-15.92,101,0.0052,101,Latest chronological test-window forecast
2025-05-31 15:00:00,16,70,72,Brooklyn,East Flatbush/Remsen Village,Boro Zone,8.6,5.0,10.0,3.6,-1.4,-14.0,65,0.0133,65,Latest chronological test-window forecast
2025-05-31 15:00:00,16,71,73,Queens,East Flushing,Boro Zone,0.749,1.0,1.0,0.251,-0.251,-25.1,158,0.0012,157,Latest chronological test-window forecast
2025-05-31 15:00:00,16,72,74,Manhattan,East Harlem North,Boro Zone,34.693,40.0,40.0,5.307,-5.307,-13.27,47,0.0536,47,Latest chronological test-window forecast
2025-05-31 15:00:00,16,73,75,Manhattan,East Harlem South,Boro Zone,80.747,46.0,93.0,34.747,-12.253,-13.18,30,0.1247,30,Latest chronological test-window forecast
2025-05-31 15:00:00,16,74,76,Brooklyn,East New York,Boro Zone,9.472,5.0,11.0,4.472,-1.528,-13.89,63,0.0146,63,Latest chronological test-window forecast
2025-05-31 15:00:00,16,75,77,Brooklyn,East New York/Pennsylvania Avenue,Boro Zone,5.107,5.0,6.0,0.107,-0.893,-14.88,88,0.0079,86,Latest chronological test-window forecast
2025-05-31 15:00:00,16,76,78,Bronx,East Tremont,Boro Zone,0.747,1.0,1.0,0.253,-0.253,-25.3,165,0.0012,158,Latest chronological test-window forecast
2025-05-31 15:00:00,16,77,79,Manhattan,East Village,Yellow Zone,85.869,162.0,99.0,76.131,-13.131,-13.26,27,0.1326,27,Latest chronological test-window forecast
2025-05-31 15:00:00,16,78,80,Brooklyn,East Williamsburg,Boro Zone,3.35,7.0,4.0,3.65,-0.65,-16.25,104,0.0052,102,Latest chronological test-window forecast
2025-05-31 15:00:00,16,79,81,Bronx,Eastchester,Boro Zone,1.624,1.0,2.0,0.624,-0.376,-18.8,127,0.0025,129,Latest chronological test-window forecast
2025-05-31 15:00:00,16,80,82,Queens,Elmhurst,Boro Zone,5.11,8.0,6.0,2.89,-0.89,-14.83,87,0.0079,87,Latest chronological test-window forecast
2025-05-31 15:00:00,16,81,83,Queens,Elmhurst/Maspeth,Boro Zone,2.484,2.0,3.0,0.484,-0.516,-17.2,120,0.0038,117,Latest chronological test-window forecast
2025-05-31 15:00:00,16,82,84,Staten Island,Eltingville/Annadale/Prince's Bay,Boro Zone,0.0,0.0,0.0,0.0,0.0,,213,0.0,213,Latest chronological test-window forecast
2025-05-31 15:00:00,16,83,85,Brooklyn,Erasmus,Boro Zone,0.0,8.0,0.0,8.0,0.0,,214,0.0,214,Latest chronological test-window forecast
2025-05-31 15:00:00,16,84,86,Queens,Far Rockaway,Boro Zone,0.0,0.0,0.0,0.0,0.0,,215,0.0,215,Latest chronological test-window forecast
2025-05-31 15:00:00,16,85,87,Manhattan,Financial District North,Yellow Zone,28.537,34.0,33.0,5.463,-4.463,-13.52,48,0.0441,48,Latest chronological test-window forecast
2025-05-31 15:00:00,16,86,88,Manhattan,Financial District South,Yellow Zone,17.244,20.0,20.0,2.756,-2.756,-13.78,53,0.0266,52,Latest chronological test-window forecast
2025-05-31 15:00:00,16,87,89,Brooklyn,Flatbush/Ditmas Park,Boro Zone,5.989,4.0,7.0,1.989,-1.011,-14.44,77,0.0093,77,Latest chronological test-window forecast
2025-05-31 15:00:00,16,88,90,Manhattan,Flatiron,Yellow Zone,80.683,110.0,93.0,29.317,-12.317,-13.24,31,0.1246,31,Latest chronological test-window forecast
2025-05-31 15:00:00,16,89,91,Brooklyn,Flatlands,Boro Zone,5.989,5.0,7.0,0.989,-1.011,-14.44,78,0.0093,78,Latest chronological test-window forecast
2025-05-31 15:00:00,16,90,92,Queens,Flushing,Boro Zone,1.621,1.0,2.0,0.621,-0.379,-18.95,131,0.0025,130,Latest chronological test-window forecast
2025-05-31 15:00:00,16,91,93,Queens,Flushing Meadows-Corona Park,Boro Zone,0.737,0.0,1.0,0.737,-0.263,-26.3,189,0.0011,182,Latest chronological test-window forecast
2025-05-31 15:00:00,16,92,94,Bronx,Fordham South,Boro Zone,0.0,0.0,0.0,0.0,0.0,,216,0.0,216,Latest chronological test-window forecast
2025-05-31 15:00:00,16,93,95,Queens,Forest Hills,Boro Zone,3.366,5.0,4.0,1.634,-0.634,-15.85,99,0.0052,103,Latest chronological test-window forecast
2025-05-31 15:00:00,16,94,96,Queens,Forest Park/Highland Park,Boro Zone,0.0,0.0,0.0,0.0,0.0,,217,0.0,217,Latest chronological test-window forecast
2025-05-31 15:00:00,16,95,97,Brooklyn,Fort Greene,Boro Zone,5.96,8.0,7.0,2.04,-1.04,-14.86,82,0.0092,81,Latest chronological test-window forecast
2025-05-31 15:00:00,16,96,98,Queens,Fresh Meadows,Boro Zone,0.0,0.0,0.0,0.0,0.0,,218,0.0,218,Latest chronological test-window forecast
2025-05-31 15:00:00,16,97,100,Manhattan,Garment District,Yellow Zone,76.322,81.0,88.0,4.678,-11.678,-13.27,32,0.1179,32,Latest chronological test-window forecast
2025-05-31 15:00:00,16,98,101,Queens,Glen Oaks,Boro Zone,0.0,1.0,0.0,1.0,0.0,,219,0.0,219,Latest chronological test-window forecast
2025-05-31 15:00:00,16,99,102,Queens,Glendale,Boro Zone,0.746,1.0,1.0,0.254,-0.254,-25.4,172,0.0012,159,Latest chronological test-window forecast
2025-05-31 15:00:00,16,100,106,Brooklyn,Gowanus,Boro Zone,0.0,2.0,0.0,2.0,0.0,,220,0.0,220,Latest chronological test-window forecast
2025-05-31 15:00:00,16,101,107,Manhattan,Gramercy,Yellow Zone,110.194,112.0,127.0,1.806,-16.806,-13.23,23,0.1702,23,Latest chronological test-window forecast
2025-05-31 15:00:00,16,102,108,Brooklyn,Gravesend,Boro Zone,0.0,1.0,0.0,1.0,0.0,,221,0.0,221,Latest chronological test-window forecast
2025-05-31 15:00:00,16,103,109,Staten Island,Great Kills,Boro Zone,0.0,1.0,0.0,1.0,0.0,,222,0.0,222,Latest chronological test-window forecast
2025-05-31 15:00:00,16,104,111,Brooklyn,Green-Wood Cemetery,Boro Zone,0.0,0.0,0.0,0.0,0.0,,223,0.0,223,Latest chronological test-window forecast
2025-05-31 15:00:00,16,105,112,Brooklyn,Greenpoint,Boro Zone,1.608,5.0,2.0,3.392,-0.392,-19.6,146,0.0025,131,Latest chronological test-window forecast
2025-05-31 15:00:00,16,106,113,Manhattan,Greenwich Village North,Yellow Zone,68.497,94.0,79.0,25.503,-10.503,-13.29,33,0.1058,33,Latest chronological test-window forecast
2025-05-31 15:00:00,16,107,114,Manhattan,Greenwich Village South,Yellow Zone,54.624,105.0,63.0,50.376,-8.376,-13.3,39,0.0844,39,Latest chronological test-window forecast
2025-05-31 15:00:00,16,108,115,Staten Island,Grymes Hill/Clifton,Boro Zone,0.0,0.0,0.0,0.0,0.0,,224,0.0,224,Latest chronological test-window forecast
2025-05-31 15:00:00,16,109,116,Manhattan,Hamilton Heights,Boro Zone,12.919,12.0,15.0,0.919,-2.081,-13.87,59,0.02,58,Latest chronological test-window forecast
2025-05-31 15:00:00,16,110,117,Queens,Hammels/Arverne,Boro Zone,2.494,0.0,3.0,2.494,-0.506,-16.87,113,0.0039,110,Latest chronological test-window forecast
2025-05-31 15:00:00,16,111,118,Staten Island,Heartland Village/Todt Hill,Boro Zone,0.0,0.0,0.0,0.0,0.0,,225,0.0,225,Latest chronological test-window forecast
2025-05-31 15:00:00,16,112,119,Bronx,Highbridge,Boro Zone,1.616,1.0,2.0,0.616,-0.384,-19.2,142,0.0025,132,Latest chronological test-window forecast
2025-05-31 15:00:00,16,113,120,Manhattan,Highbridge Park,Boro Zone,0.0,0.0,0.0,0.0,0.0,,226,0.0,226,Latest chronological test-window forecast
2025-05-31 15:00:00,16,114,121,Queens,Hillcrest/Pomonok,Boro Zone,1.624,4.0,2.0,2.376,-0.376,-18.8,128,0.0025,133,Latest chronological test-window forecast
2025-05-31 15:00:00,16,115,122,Queens,Hollis,Boro Zone,0.75,2.0,1.0,1.25,-0.25,-25.0,151,0.0012,160,Latest chronological test-window forecast
2025-05-31 15:00:00,16,116,123,Brooklyn,Homecrest,Boro Zone,0.0,1.0,0.0,1.0,0.0,,227,0.0,227,Latest chronological test-window forecast
2025-05-31 15:00:00,16,117,124,Queens,Howard Beach,Boro Zone,0.747,2.0,1.0,1.253,-0.253,-25.3,166,0.0012,161,Latest chronological test-window forecast
2025-05-31 15:00:00,16,118,125,Manhattan,Hudson Sq,Yellow Zone,17.254,35.0,20.0,17.746,-2.746,-13.73,52,0.0266,53,Latest chronological test-window forecast
2025-05-31 15:00:00,16,119,126,Bronx,Hunts Point,Boro Zone,3.366,1.0,4.0,2.366,-0.634,-15.85,100,0.0052,104,Latest chronological test-window forecast
2025-05-31 15:00:00,16,120,127,Manhattan,Inwood,Boro Zone,1.613,3.0,2.0,1.387,-0.387,-19.35,144,0.0025,134,Latest chronological test-window forecast
2025-05-31 15:00:00,16,121,128,Manhattan,Inwood Hill Park,Boro Zone,0.0,0.0,0.0,0.0,0.0,,228,0.0,228,Latest chronological test-window forecast
2025-05-31 15:00:00,16,122,129,Queens,Jackson Heights,Boro Zone,6.847,6.0,8.0,0.847,-1.153,-14.41,74,0.0106,75,Latest chronological test-window forecast
2025-05-31 15:00:00,16,123,130,Queens,Jamaica,Boro Zone,4.241,15.0,5.0,10.759,-0.759,-15.18,92,0.0066,92,Latest chronological test-window forecast
2025-05-31 15:00:00,16,124,131,Queens,Jamaica Estates,Boro Zone,0.75,1.0,1.0,0.25,-0.25,-25.0,152,0.0012,162,Latest chronological test-window forecast
2025-05-31 15:00:00,16,125,132,Queens,JFK Airport,Airports,295.435,375.0,340.0,79.565,-44.565,-13.11,4,0.4563,4,Latest chronological test-window forecast
2025-05-31 15:00:00,16,126,133,Brooklyn,Kensington,Boro Zone,0.0,5.0,0.0,5.0,0.0,,229,0.0,229,Latest chronological test-window forecast
2025-05-31 15:00:00,16,127,134,Queens,Kew Gardens,Boro Zone,2.492,2.0,3.0,0.492,-0.508,-16.93,116,0.0038,118,Latest chronological test-window forecast
2025-05-31 15:00:00,16,128,135,Queens,Kew Gardens Hills,Boro Zone,2.493,2.0,3.0,0.493,-0.507,-16.9,114,0.0039,111,Latest chronological test-window forecast
2025-05-31 15:00:00,16,129,136,Bronx,Kingsbridge Heights,Boro Zone,0.0,0.0,0.0,0.0,0.0,,230,0.0,230,Latest chronological test-window forecast
2025-05-31 15:00:00,16,130,137,Manhattan,Kips Bay,Yellow Zone,86.714,66.0,100.0,20.714,-13.286,-13.29,26,0.1339,26,Latest chronological test-window forecast
2025-05-31 15:00:00,16,131,138,Queens,LaGuardia Airport,Airports,235.238,131.0,271.0,104.238,-35.762,-13.2,5,0.3633,5,Latest chronological test-window forecast
2025-05-31 15:00:00,16,132,139,Queens,Laurelton,Boro Zone,0.746,1.0,1.0,0.254,-0.254,-25.4,173,0.0012,163,Latest chronological test-window forecast
2025-05-31 15:00:00,16,133,140,Manhattan,Lenox Hill East,Yellow Zone,182.338,122.0,210.0,60.338,-27.662,-13.17,11,0.2816,11,Latest chronological test-window forecast
2025-05-31 15:00:00,16,134,141,Manhattan,Lenox Hill West,Yellow Zone,144.039,161.0,166.0,16.961,-21.961,-13.23,18,0.2225,18,Latest chronological test-window forecast
2025-05-31 15:00:00,16,135,142,Manhattan,Lincoln Square East,Yellow Zone,178.774,209.0,206.0,30.226,-27.226,-13.22,12,0.2761,12,Latest chronological test-window forecast
2025-05-31 15:00:00,16,136,143,Manhattan,Lincoln Square West,Yellow Zone,88.459,71.0,102.0,17.459,-13.541,-13.28,25,0.1366,25,Latest chronological test-window forecast
2025-05-31 15:00:00,16,137,144,Manhattan,Little Italy/NoLiTa,Yellow Zone,67.649,118.0,78.0,50.351,-10.351,-13.27,35,0.1045,35,Latest chronological test-window forecast
2025-05-31 15:00:00,16,138,145,Queens,Long Island City/Hunters Point,Boro Zone,8.569,13.0,10.0,4.431,-1.431,-14.31,67,0.0132,68,Latest chronological test-window forecast
2025-05-31 15:00:00,16,139,146,Queens,Long Island City/Queens Plaza,Boro Zone,4.213,5.0,5.0,0.787,-0.787,-15.74,97,0.0065,95,Latest chronological test-window forecast
2025-05-31 15:00:00,16,140,147,Bronx,Longwood,Boro Zone,2.493,1.0,3.0,1.493,-0.507,-16.9,115,0.0039,112,Latest chronological test-window forecast
2025-05-31 15:00:00,16,141,148,Manhattan,Lower East Side,Yellow Zone,39.83,64.0,46.0,24.17,-6.17,-13.41,46,0.0615,46,Latest chronological test-window forecast
2025-05-31 15:00:00,16,142,149,Brooklyn,Madison,Boro Zone,0.753,2.0,1.0,1.247,-0.247,-24.7,149,0.0012,164,Latest chronological test-window forecast
2025-05-31 15:00:00,16,143,150,Brooklyn,Manhattan Beach,Boro Zone,1.63,0.0,2.0,1.63,-0.37,-18.5,123,0.0025,135,Latest chronological test-window forecast
2025-05-31 15:00:00,16,144,151,Manhattan,Manhattan Valley,Yellow Zone,55.447,62.0,64.0,6.553,-8.553,-13.36,38,0.0856,38,Latest chronological test-window forecast
2025-05-31 15:00:00,16,145,152,Manhattan,Manhattanville,Boro Zone,13.776,12.0,16.0,1.776,-2.224,-13.9,56,0.0213,56,Latest chronological test-window forecast
2025-05-31 15:00:00,16,146,153,Manhattan,Marble Hill,Boro Zone,0.0,0.0,0.0,0.0,0.0,,231,0.0,231,Latest chronological test-window forecast
2025-05-31 15:00:00,16,147,154,Brooklyn,Marine Park/Floyd Bennett Field,Boro Zone,0.0,0.0,0.0,0.0,0.0,,232,0.0,232,Latest chronological test-window forecast
2025-05-31 15:00:00,16,148,155,Brooklyn,Marine Park/Mill Basin,Boro Zone,0.748,2.0,1.0,1.252,-0.252,-25.2,163,0.0012,165,Latest chronological test-window forecast
2025-05-31 15:00:00,16,149,156,Staten Island,Mariners Harbor,Boro Zone,0.0,0.0,0.0,0.0,0.0,,233,0.0,233,Latest chronological test-window forecast
2025-05-31 15:00:00,16,150,157,Queens,Maspeth,Boro Zone,1.613,3.0,2.0,1.387,-0.387,-19.35,145,0.0025,136,Latest chronological test-window forecast
2025-05-31 15:00:00,16,151,158,Manhattan,Meatpacking/West Village West,Yellow Zone,45.061,72.0,52.0,26.939,-6.939,-13.34,43,0.0696,43,Latest chronological test-window forecast
2025-05-31 15:00:00,16,152,159,Bronx,Melrose South,Boro Zone,5.112,9.0,6.0,3.888,-0.888,-14.8,86,0.0079,88,Latest chronological test-window forecast
2025-05-31 15:00:00,16,153,160,Queens,Middle Village,Boro Zone,0.0,1.0,0.0,1.0,0.0,,234,0.0,234,Latest chronological test-window forecast
2025-05-31 15:00:00,16,154,161,Manhattan,Midtown Center,Yellow Zone,313.475,276.0,361.0,37.475,-47.525,-13.16,3,0.4842,3,Latest chronological test-window forecast
2025-05-31 15:00:00,16,155,162,Manhattan,Midtown East,Yellow Zone,195.33,159.0,225.0,36.33,-29.67,-13.19,9,0.3017,9,Latest chronological test-window forecast
2025-05-31 15:00:00,16,156,163,Manhattan,Midtown North,Yellow Zone,208.359,213.0,240.0,4.641,-31.641,-13.18,7,0.3218,7,Latest chronological test-window forecast
2025-05-31 15:00:00,16,157,164,Manhattan,Midtown South,Yellow Zone,140.593,148.0,162.0,7.407,-21.407,-13.21,20,0.2172,20,Latest chronological test-window forecast
2025-05-31 15:00:00,16,158,165,Brooklyn,Midwood,Boro Zone,2.503,1.0,3.0,1.503,-0.497,-16.57,109,0.0039,113,Latest chronological test-window forecast
2025-05-31 15:00:00,16,159,166,Manhattan,Morningside Heights,Boro Zone,45.925,44.0,53.0,1.925,-7.075,-13.35,41,0.0709,41,Latest chronological test-window forecast
2025-05-31 15:00:00,16,160,167,Bronx,Morrisania/Melrose,Boro Zone,1.62,4.0,2.0,2.38,-0.38,-19.0,136,0.0025,137,Latest chronological test-window forecast
2025-05-31 15:00:00,16,161,168,Bronx,Mott Haven/Port Morris,Boro Zone,5.985,12.0,7.0,6.015,-1.015,-14.5,79,0.0092,82,Latest chronological test-window forecast
2025-05-31 15:00:00,16,162,169,Bronx,Mount Hope,Boro Zone,1.621,1.0,2.0,0.621,-0.379,-18.95,132,0.0025,138,Latest chronological test-window forecast
2025-05-31 15:00:00,16,163,170,Manhattan,Murray Hill,Yellow Zone,175.349,160.0,202.0,15.349,-26.651,-13.19,13,0.2708,13,Latest chronological test-window forecast
2025-05-31 15:00:00,16,164,171,Queens,Murray Hill-Queens,Boro Zone,0.747,0.0,1.0,0.747,-0.253,-25.3,167,0.0012,166,Latest chronological test-window forecast
2025-05-31 15:00:00,16,165,172,Staten Island,New Dorp/Midland Beach,Boro Zone,0.0,0.0,0.0,0.0,0.0,,235,0.0,235,Latest chronological test-window forecast
2025-05-31 15:00:00,16,166,173,Queens,North Corona,Boro Zone,0.745,1.0,1.0,0.255,-0.255,-25.5,180,0.0012,167,Latest chronological test-window forecast
2025-05-31 15:00:00,16,167,174,Bronx,Norwood,Boro Zone,1.622,2.0,2.0,0.378,-0.378,-18.9,130,0.0025,139,Latest chronological test-window forecast
2025-05-31 15:00:00,16,168,175,Queens,Oakland Gardens,Boro Zone,0.75,0.0,1.0,0.75,-0.25,-25.0,153,0.0012,168,Latest chronological test-window forecast
2025-05-31 15:00:00,16,169,176,Staten Island,Oakwood,Boro Zone,0.0,0.0,0.0,0.0,0.0,,236,0.0,236,Latest chronological test-window forecast
2025-05-31 15:00:00,16,170,177,Brooklyn,Ocean Hill,Boro Zone,0.743,3.0,1.0,2.257,-0.257,-25.7,182,0.0011,183,Latest chronological test-window forecast
2025-05-31 15:00:00,16,171,178,Brooklyn,Ocean Parkway South,Boro Zone,0.0,0.0,0.0,0.0,0.0,,237,0.0,237,Latest chronological test-window forecast
2025-05-31 15:00:00,16,172,179,Queens,Old Astoria,Boro Zone,4.218,1.0,5.0,3.218,-0.782,-15.64,96,0.0065,96,Latest chronological test-window forecast
2025-05-31 15:00:00,16,173,180,Queens,Ozone Park,Boro Zone,1.62,1.0,2.0,0.62,-0.38,-19.0,137,0.0025,140,Latest chronological test-window forecast
2025-05-31 15:00:00,16,174,181,Brooklyn,Park Slope,Boro Zone,7.709,8.0,9.0,0.291,-1.291,-14.34,71,0.0119,71,Latest chronological test-window forecast
2025-05-31 15:00:00,16,175,182,Bronx,Parkchester,Boro Zone,0.0,4.0,0.0,4.0,0.0,,238,0.0,238,Latest chronological test-window forecast
2025-05-31 15:00:00,16,176,183,Bronx,Pelham Bay,Boro Zone,0.0,0.0,0.0,0.0,0.0,,239,0.0,239,Latest chronological test-window forecast
2025-05-31 15:00:00,16,177,184,Bronx,Pelham Bay Park,Boro Zone,0.0,1.0,0.0,1.0,0.0,,240,0.0,240,Latest chronological test-window forecast
2025-05-31 15:00:00,16,178,185,Bronx,Pelham Parkway,Boro Zone,0.746,0.0,1.0,0.746,-0.254,-25.4,174,0.0012,169,Latest chronological test-window forecast
2025-05-31 15:00:00,16,179,186,Manhattan,Penn Station/Madison Sq West,Yellow Zone,171.093,220.0,197.0,48.907,-25.907,-13.15,14,0.2643,14,Latest chronological test-window forecast
2025-05-31 15:00:00,16,180,187,Staten Island,Port Richmond,Boro Zone,0.0,0.0,0.0,0.0,0.0,,241,0.0,241,Latest chronological test-window forecast
2025-05-31 15:00:00,16,181,188,Brooklyn,Prospect-Lefferts Gardens,Boro Zone,7.721,12.0,9.0,4.279,-1.279,-14.21,69,0.0119,72,Latest chronological test-window forecast
2025-05-31 15:00:00,16,182,189,Brooklyn,Prospect Heights,Boro Zone,0.742,3.0,1.0,2.258,-0.258,-25.8,184,0.0011,184,Latest chronological test-window forecast
2025-05-31 15:00:00,16,183,190,Brooklyn,Prospect Park,Boro Zone,0.742,1.0,1.0,0.258,-0.258,-25.8,185,0.0011,185,Latest chronological test-window forecast
2025-05-31 15:00:00,16,184,191,Queens,Queens Village,Boro Zone,0.75,7.0,1.0,6.25,-0.25,-25.0,154,0.0012,170,Latest chronological test-window forecast
2025-05-31 15:00:00,16,185,192,Queens,Queensboro Hill,Boro Zone,0.749,0.0,1.0,0.749,-0.251,-25.1,159,0.0012,171,Latest chronological test-window forecast
2025-05-31 15:00:00,16,186,193,Queens,Queensbridge/Ravenswood,Boro Zone,3.347,3.0,4.0,0.347,-0.653,-16.33,105,0.0052,105,Latest chronological test-window forecast
2025-05-31 15:00:00,16,187,194,Manhattan,Randalls Island,Yellow Zone,0.0,0.0,0.0,0.0,0.0,,242,0.0,242,Latest chronological test-window forecast
2025-05-31 15:00:00,16,188,195,Brooklyn,Red Hook,Boro Zone,2.48,0.0,3.0,2.48,-0.52,-17.33,121,0.0038,119,Latest chronological test-window forecast
2025-05-31 15:00:00,16,189,196,Queens,Rego Park,Boro Zone,2.492,2.0,3.0,0.492,-0.508,-16.93,117,0.0038,120,Latest chronological test-window forecast
2025-05-31 15:00:00,16,190,197,Queens,Richmond Hill,Boro Zone,5.115,8.0,6.0,2.885,-0.885,-14.75,85,0.0079,89,Latest chronological test-window forecast
2025-05-31 15:00:00,16,191,198,Queens,Ridgewood,Boro Zone,2.485,8.0,3.0,5.515,-0.515,-17.17,119,0.0038,121,Latest chronological test-window forecast
2025-05-31 15:00:00,16,192,200,Bronx,Riverdale/North Riverdale/Fieldston,Boro Zone,1.606,0.0,2.0,1.606,-0.394,-19.7,147,0.0025,141,Latest chronological test-window forecast
2025-05-31 15:00:00,16,193,201,Queens,Rockaway Park,Boro Zone,0.0,0.0,0.0,0.0,0.0,,243,0.0,243,Latest chronological test-window forecast
2025-05-31 15:00:00,16,194,202,Manhattan,Roosevelt Island,Boro Zone,0.0,2.0,0.0,2.0,0.0,,244,0.0,244,Latest chronological test-window forecast
2025-05-31 15:00:00,16,195,203,Queens,Rosedale,Boro Zone,0.746,2.0,1.0,1.254,-0.254,-25.4,175,0.0012,172,Latest chronological test-window forecast
2025-05-31 15:00:00,16,196,204,Staten Island,Rossville/Woodrow,Boro Zone,0.0,0.0,0.0,0.0,0.0,,245,0.0,245,Latest chronological test-window forecast
2025-05-31 15:00:00,16,197,205,Queens,Saint Albans,Boro Zone,2.495,6.0,3.0,3.505,-0.505,-16.83,111,0.0039,114,Latest chronological test-window forecast
2025-05-31 15:00:00,16,198,206,Staten Island,Saint George/New Brighton,Boro Zone,0.0,0.0,0.0,0.0,0.0,,246,0.0,246,Latest chronological test-window forecast
2025-05-31 15:00:00,16,199,207,Queens,Saint Michaels Cemetery/Woodside,Boro Zone,0.0,0.0,0.0,0.0,0.0,,247,0.0,247,Latest chronological test-window forecast
2025-05-31 15:00:00,16,200,208,Bronx,Schuylerville/Edgewater Park,Boro Zone,0.747,4.0,1.0,3.253,-0.253,-25.3,168,0.0012,173,Latest chronological test-window forecast
2025-05-31 15:00:00,16,201,209,Manhattan,Seaport,Yellow Zone,12.898,12.0,15.0,0.898,-2.102,-14.01,61,0.0199,61,Latest chronological test-window forecast
2025-05-31 15:00:00,16,202,210,Brooklyn,Sheepshead Bay,Boro Zone,0.752,3.0,1.0,2.248,-0.248,-24.8,150,0.0012,174,Latest chronological test-window forecast
2025-05-31 15:00:00,16,203,211,Manhattan,SoHo,Yellow Zone,64.173,145.0,74.0,80.827,-9.827,-13.28,36,0.0991,36,Latest chronological test-window forecast
2025-05-31 15:00:00,16,204,212,Bronx,Soundview/Bruckner,Boro Zone,1.62,2.0,2.0,0.38,-0.38,-19.0,138,0.0025,142,Latest chronological test-window forecast
2025-05-31 15:00:00,16,205,213,Bronx,Soundview/Castle Hill,Boro Zone,1.621,3.0,2.0,1.379,-0.379,-18.95,133,0.0025,143,Latest chronological test-window forecast
2025-05-31 15:00:00,16,206,214,Staten Island,South Beach/Dongan Hills,Boro Zone,0.747,0.0,1.0,0.747,-0.253,-25.3,169,0.0012,175,Latest chronological test-window forecast
2025-05-31 15:00:00,16,207,215,Queens,South Jamaica,Boro Zone,3.374,3.0,4.0,0.374,-0.626,-15.65,98,0.0052,106,Latest chronological test-window forecast
2025-05-31 15:00:00,16,208,216,Queens,South Ozone Park,Boro Zone,4.241,11.0,5.0,6.759,-0.759,-15.18,93,0.0066,93,Latest chronological test-window forecast
2025-05-31 15:00:00,16,209,217,Brooklyn,South Williamsburg,Boro Zone,0.0,1.0,0.0,1.0,0.0,,248,0.0,248,Latest chronological test-window forecast
2025-05-31 15:00:00,16,210,218,Queens,Springfield Gardens North,Boro Zone,0.749,2.0,1.0,1.251,-0.251,-25.1,160,0.0012,176,Latest chronological test-window forecast
2025-05-31 15:00:00,16,211,219,Queens,Springfield Gardens South,Boro Zone,0.746,5.0,1.0,4.254,-0.254,-25.4,176,0.0012,177,Latest chronological test-window forecast
2025-05-31 15:00:00,16,212,220,Bronx,Spuyten Duyvil/Kingsbridge,Boro Zone,0.742,2.0,1.0,1.258,-0.258,-25.8,186,0.0011,186,Latest chronological test-window forecast
2025-05-31 15:00:00,16,213,221,Staten Island,Stapleton,Boro Zone,0.0,0.0,0.0,0.0,0.0,,249,0.0,249,Latest chronological test-window forecast
2025-05-31 15:00:00,16,214,222,Brooklyn,Starrett City,Boro Zone,0.746,3.0,1.0,2.254,-0.254,-25.4,177,0.0012,178,Latest chronological test-window forecast
2025-05-31 15:00:00,16,215,223,Queens,Steinway,Boro Zone,2.48,4.0,3.0,1.52,-0.52,-17.33,122,0.0038,122,Latest chronological test-window forecast
2025-05-31 15:00:00,16,216,224,Manhattan,Stuy Town/Peter Cooper Village,Yellow Zone,15.51,20.0,18.0,4.49,-2.49,-13.83,54,0.024,54,Latest chronological test-window forecast
2025-05-31 15:00:00,16,217,225,Brooklyn,Stuyvesant Heights,Boro Zone,5.968,11.0,7.0,5.032,-1.032,-14.74,81,0.0092,83,Latest chronological test-window forecast
2025-05-31 15:00:00,16,218,226,Queens,Sunnyside,Boro Zone,12.936,21.0,15.0,8.064,-2.064,-13.76,58,0.02,59,Latest chronological test-window forecast
2025-05-31 15:00:00,16,219,227,Brooklyn,Sunset Park East,Boro Zone,1.627,1.0,2.0,0.627,-0.373,-18.65,124,0.0025,144,Latest chronological test-window forecast
2025-05-31 15:00:00,16,220,228,Brooklyn,Sunset Park West,Boro Zone,2.496,7.0,3.0,4.504,-0.504,-16.8,110,0.0039,115,Latest chronological test-window forecast
2025-05-31 15:00:00,16,221,229,Manhattan,Sutton Place/Turtle Bay North,Yellow Zone,85.869,117.0,99.0,31.131,-13.131,-13.26,28,0.1326,28,Latest chronological test-window forecast
2025-05-31 15:00:00,16,222,230,Manhattan,Times Sq/Theatre District,Yellow Zone,152.748,190.0,176.0,37.252,-23.252,-13.21,16,0.2359,17,Latest chronological test-window forecast
2025-05-31 15:00:00,16,223,231,Manhattan,TriBeCa/Civic Center,Yellow Zone,68.482,95.0,79.0,26.518,-10.518,-13.31,34,0.1058,34,Latest chronological test-window forecast
2025-05-31 15:00:00,16,224,232,Manhattan,Two Bridges/Seward Park,Yellow Zone,5.95,23.0,7.0,17.05,-1.05,-15.0,84,0.0092,84,Latest chronological test-window forecast
2025-05-31 15:00:00,16,225,233,Manhattan,UN/Turtle Bay South,Yellow Zone,61.539,44.0,71.0,17.539,-9.461,-13.33,37,0.0951,37,Latest chronological test-window forecast
2025-05-31 15:00:00,16,226,234,Manhattan,Union Sq,Yellow Zone,191.936,195.0,221.0,3.064,-29.064,-13.15,10,0.2965,10,Latest chronological test-window forecast
2025-05-31 15:00:00,16,227,235,Bronx,University Heights/Morris Heights,Boro Zone,0.0,2.0,0.0,2.0,0.0,,250,0.0,250,Latest chronological test-window forecast
2025-05-31 15:00:00,16,228,236,Manhattan,Upper East Side North,Yellow Zone,453.206,358.0,522.0,95.206,-68.794,-13.18,1,0.7,1,Latest chronological test-window forecast
2025-05-31 15:00:00,16,229,237,Manhattan,Upper East Side South,Yellow Zone,412.408,353.0,475.0,59.408,-62.592,-13.18,2,0.637,2,Latest chronological test-window forecast
2025-05-31 15:00:00,16,230,238,Manhattan,Upper West Side North,Yellow Zone,203.955,147.0,235.0,56.955,-31.045,-13.21,8,0.315,8,Latest chronological test-window forecast
2025-05-31 15:00:00,16,231,239,Manhattan,Upper West Side South,Yellow Zone,217.858,217.0,251.0,0.858,-33.142,-13.2,6,0.3365,6,Latest chronological test-window forecast
2025-05-31 15:00:00,16,232,240,Bronx,Van Cortlandt Park,Boro Zone,0.742,0.0,1.0,0.742,-0.258,-25.8,187,0.0011,187,Latest chronological test-window forecast
2025-05-31 15:00:00,16,233,241,Bronx,Van Cortlandt Village,Boro Zone,0.744,0.0,1.0,0.744,-0.256,-25.6,181,0.0011,188,Latest chronological test-window forecast
2025-05-31 15:00:00,16,234,242,Bronx,Van Nest/Morris Park,Boro Zone,0.0,1.0,0.0,1.0,0.0,,251,0.0,251,Latest chronological test-window forecast
2025-05-31 15:00:00,16,235,243,Manhattan,Washington Heights North,Boro Zone,4.225,13.0,5.0,8.775,-0.775,-15.5,94,0.0065,97,Latest chronological test-window forecast
2025-05-31 15:00:00,16,236,244,Manhattan,Washington Heights South,Boro Zone,9.454,10.0,11.0,0.546,-1.546,-14.05,64,0.0146,64,Latest chronological test-window forecast
2025-05-31 15:00:00,16,237,245,Staten Island,West Brighton,Boro Zone,0.0,0.0,0.0,0.0,0.0,,252,0.0,252,Latest chronological test-window forecast
2025-05-31 15:00:00,16,238,246,Manhattan,West Chelsea/Hudson Yards,Yellow Zone,138.939,191.0,160.0,52.061,-21.061,-13.16,21,0.2146,21,Latest chronological test-window forecast
2025-05-31 15:00:00,16,239,247,Bronx,West Concourse,Boro Zone,0.746,1.0,1.0,0.254,-0.254,-25.4,178,0.0012,179,Latest chronological test-window forecast
2025-05-31 15:00:00,16,240,248,Bronx,West Farms/Bronx River,Boro Zone,1.618,4.0,2.0,2.382,-0.382,-19.1,141,0.0025,145,Latest chronological test-window forecast
2025-05-31 15:00:00,16,241,249,Manhattan,West Village,Yellow Zone,81.584,130.0,94.0,48.416,-12.416,-13.21,29,0.126,29,Latest chronological test-window forecast
2025-05-31 15:00:00,16,242,250,Bronx,Westchester Village/Unionport,Boro Zone,0.749,3.0,1.0,2.251,-0.251,-25.1,161,0.0012,180,Latest chronological test-window forecast
2025-05-31 15:00:00,16,243,251,Staten Island,Westerleigh,Boro Zone,0.0,0.0,0.0,0.0,0.0,,253,0.0,253,Latest chronological test-window forecast
2025-05-31 15:00:00,16,244,252,Queens,Whitestone,Boro Zone,0.0,2.0,0.0,2.0,0.0,,254,0.0,254,Latest chronological test-window forecast
2025-05-31 15:00:00,16,245,253,Queens,Willets Point,Boro Zone,0.0,0.0,0.0,0.0,0.0,,255,0.0,255,Latest chronological test-window forecast
2025-05-31 15:00:00,16,246,254,Bronx,Williamsbridge/Olinville,Boro Zone,1.621,3.0,2.0,1.379,-0.379,-18.95,134,0.0025,146,Latest chronological test-window forecast
2025-05-31 15:00:00,16,247,255,Brooklyn,Williamsburg (North Side),Boro Zone,6.825,17.0,8.0,10.175,-1.175,-14.69,76,0.0105,76,Latest chronological test-window forecast
2025-05-31 15:00:00,16,248,256,Brooklyn,Williamsburg (South Side),Boro Zone,5.085,9.0,6.0,3.915,-0.915,-15.25,90,0.0079,90,Latest chronological test-window forecast
2025-05-31 15:00:00,16,249,257,Brooklyn,Windsor Terrace,Boro Zone,0.743,2.0,1.0,1.257,-0.257,-25.7,183,0.0011,189,Latest chronological test-window forecast
2025-05-31 15:00:00,16,250,258,Queens,Woodhaven,Boro Zone,1.619,5.0,2.0,3.381,-0.381,-19.05,140,0.0025,147,Latest chronological test-window forecast
2025-05-31 15:00:00,16,251,259,Bronx,Woodlawn/Wakefield,Boro Zone,0.0,5.0,0.0,5.0,0.0,,256,0.0,256,Latest chronological test-window forecast
2025-05-31 15:00:00,16,252,260,Queens,Woodside,Boro Zone,3.353,3.0,4.0,0.353,-0.647,-16.18,103,0.0052,107,Latest chronological test-window forecast
2025-05-31 15:00:00,16,253,261,Manhattan,World Trade Center,Yellow Zone,49.378,55.0,57.0,5.622,-7.622,-13.37,40,0.0763,40,Latest chronological test-window forecast
2025-05-31 15:00:00,16,254,262,Manhattan,Yorkville East,Yellow Zone,137.099,91.0,158.0,46.099,-20.901,-13.23,22,0.2118,22,Latest chronological test-window forecast
2025-05-31 15:00:00,16,255,263,Manhattan,Yorkville West,Yellow Zone,143.176,131.0,165.0,12.176,-21.824,-13.23,19,0.2211,19,Latest chronological test-window forecast
2025-05-31 16:00:00,17,0,1,EWR,Newark Airport,EWR,0.0,0.0,0.0,0.0,0.0,,163,0.0,163,Latest chronological test-window forecast
2025-05-31 16:00:00,17,1,2,Queens,Jamaica Bay,Boro Zone,0.0,0.0,0.0,0.0,0.0,,164,0.0,164,Latest chronological test-window forecast
2025-05-31 16:00:00,17,2,3,Bronx,Allerton/Pelham Gardens,Boro Zone,0.762,0.0,1.0,0.762,-0.238,-23.8,135,0.0014,123,Latest chronological test-window forecast
2025-05-31 16:00:00,17,3,4,Manhattan,Alphabet City,Yellow Zone,6.898,26.0,8.0,19.102,-1.102,-13.78,63,0.0124,61,Latest chronological test-window forecast
2025-05-31 16:00:00,17,4,6,Staten Island,Arrochar/Fort Wadsworth,Boro Zone,0.0,2.0,0.0,2.0,0.0,,165,0.0,165,Latest chronological test-window forecast
2025-05-31 16:00:00,17,5,7,Queens,Astoria,Boro Zone,5.154,19.0,6.0,13.846,-0.846,-14.1,72,0.0092,70,Latest chronological test-window forecast
2025-05-31 16:00:00,17,6,8,Queens,Astoria Park,Boro Zone,0.0,0.0,0.0,0.0,0.0,,166,0.0,166,Latest chronological test-window forecast
2025-05-31 16:00:00,17,7,9,Queens,Auburndale,Boro Zone,0.0,0.0,0.0,0.0,0.0,,167,0.0,167,Latest chronological test-window forecast
2025-05-31 16:00:00,17,8,10,Queens,Baisley Park,Boro Zone,5.156,3.0,6.0,2.156,-0.844,-14.07,71,0.0092,71,Latest chronological test-window forecast
2025-05-31 16:00:00,17,9,11,Brooklyn,Bath Beach,Boro Zone,0.0,1.0,0.0,1.0,0.0,,168,0.0,168,Latest chronological test-window forecast
2025-05-31 16:00:00,17,10,12,Manhattan,Battery Park,Yellow Zone,3.386,11.0,4.0,7.614,-0.614,-15.35,87,0.0061,84,Latest chronological test-window forecast
2025-05-31 16:00:00,17,11,13,Manhattan,Battery Park City,Yellow Zone,62.133,60.0,71.0,2.133,-8.867,-12.49,37,0.1112,37,Latest chronological test-window forecast
2025-05-31 16:00:00,17,12,14,Brooklyn,Bay Ridge,Boro Zone,0.763,5.0,1.0,4.237,-0.237,-23.7,132,0.0014,124,Latest chronological test-window forecast
2025-05-31 16:00:00,17,13,15,Queens,Bay Terrace/Fort Totten,Boro Zone,0.0,0.0,0.0,0.0,0.0,,169,0.0,169,Latest chronological test-window forecast
2025-05-31 16:00:00,17,14,16,Queens,Bayside,Boro Zone,0.764,0.0,1.0,0.764,-0.236,-23.6,128,0.0014,125,Latest chronological test-window forecast
2025-05-31 16:00:00,17,15,17,Brooklyn,Bedford,Boro Zone,2.517,8.0,3.0,5.483,-0.483,-16.1,94,0.0045,89,Latest chronological test-window forecast
2025-05-31 16:00:00,17,16,18,Bronx,Bedford Park,Boro Zone,0.0,0.0,0.0,0.0,0.0,,170,0.0,170,Latest chronological test-window forecast
2025-05-31 16:00:00,17,17,19,Queens,Bellerose,Boro Zone,0.0,0.0,0.0,0.0,0.0,,171,0.0,171,Latest chronological test-window forecast
2025-05-31 16:00:00,17,18,20,Bronx,Belmont,Boro Zone,1.641,1.0,2.0,0.641,-0.359,-17.95,111,0.0029,101,Latest chronological test-window forecast
2025-05-31 16:00:00,17,19,21,Brooklyn,Bensonhurst East,Boro Zone,0.0,0.0,0.0,0.0,0.0,,172,0.0,172,Latest chronological test-window forecast
2025-05-31 16:00:00,17,20,22,Brooklyn,Bensonhurst West,Boro Zone,0.0,0.0,0.0,0.0,0.0,,173,0.0,173,Latest chronological test-window forecast
2025-05-31 16:00:00,17,21,23,Staten Island,Bloomfield/Emerson Hill,Boro Zone,0.0,0.0,0.0,0.0,0.0,,174,0.0,174,Latest chronological test-window forecast
2025-05-31 16:00:00,17,22,24,Manhattan,Bloomingdale,Yellow Zone,17.412,17.0,20.0,0.412,-2.588,-12.94,51,0.0312,51,Latest chronological test-window forecast
2025-05-31 16:00:00,17,23,25,Brooklyn,Boerum Hill,Boro Zone,1.636,12.0,2.0,10.364,-0.364,-18.2,118,0.0029,102,Latest chronological test-window forecast
2025-05-31 16:00:00,17,24,26,Brooklyn,Borough Park,Boro Zone,0.0,1.0,0.0,1.0,0.0,,175,0.0,175,Latest chronological test-window forecast
2025-05-31 16:00:00,17,25,27,Queens,Breezy Point/Fort Tilden/Riis Beach,Boro Zone,0.0,0.0,0.0,0.0,0.0,,176,0.0,176,Latest chronological test-window forecast
2025-05-31 16:00:00,17,26,28,Queens,Briarwood/Jamaica Hills,Boro Zone,1.643,3.0,2.0,1.357,-0.357,-17.85,105,0.0029,103,Latest chronological test-window forecast
2025-05-31 16:00:00,17,27,29,Brooklyn,Brighton Beach,Boro Zone,0.0,1.0,0.0,1.0,0.0,,177,0.0,177,Latest chronological test-window forecast
2025-05-31 16:00:00,17,28,30,Queens,Broad Channel,Boro Zone,0.0,0.0,0.0,0.0,0.0,,178,0.0,178,Latest chronological test-window forecast
2025-05-31 16:00:00,17,29,31,Bronx,Bronx Park,Boro Zone,1.636,2.0,2.0,0.364,-0.364,-18.2,119,0.0029,104,Latest chronological test-window forecast
2025-05-31 16:00:00,17,30,32,Bronx,Bronxdale,Boro Zone,0.0,1.0,0.0,1.0,0.0,,179,0.0,179,Latest chronological test-window forecast
2025-05-31 16:00:00,17,31,33,Brooklyn,Brooklyn Heights,Boro Zone,3.385,4.0,4.0,0.615,-0.615,-15.38,88,0.0061,85,Latest chronological test-window forecast
2025-05-31 16:00:00,17,32,34,Brooklyn,Brooklyn Navy Yard,Boro Zone,0.754,1.0,1.0,0.246,-0.246,-24.6,159,0.0013,159,Latest chronological test-window forecast
2025-05-31 16:00:00,17,33,35,Brooklyn,Brownsville,Boro Zone,1.642,2.0,2.0,0.358,-0.358,-17.9,106,0.0029,105,Latest chronological test-window forecast
2025-05-31 16:00:00,17,34,36,Brooklyn,Bushwick North,Boro Zone,2.515,7.0,3.0,4.485,-0.485,-16.17,96,0.0045,90,Latest chronological test-window forecast
2025-05-31 16:00:00,17,35,37,Brooklyn,Bushwick South,Boro Zone,5.151,14.0,6.0,8.849,-0.849,-14.15,73,0.0092,72,Latest chronological test-window forecast
2025-05-31 16:00:00,17,36,38,Queens,Cambria Heights,Boro Zone,0.0,1.0,0.0,1.0,0.0,,180,0.0,180,Latest chronological test-window forecast
2025-05-31 16:00:00,17,37,39,Brooklyn,Canarsie,Boro Zone,2.523,5.0,3.0,2.477,-0.477,-15.9,90,0.0045,91,Latest chronological test-window forecast
2025-05-31 16:00:00,17,38,40,Brooklyn,Carroll Gardens,Boro Zone,0.755,1.0,1.0,0.245,-0.245,-24.5,158,0.0014,126,Latest chronological test-window forecast
2025-05-31 16:00:00,17,39,41,Manhattan,Central Harlem,Boro Zone,23.597,42.0,27.0,18.403,-3.403,-12.6,49,0.0422,49,Latest chronological test-window forecast
2025-05-31 16:00:00,17,40,42,Manhattan,Central Harlem North,Boro Zone,14.827,21.0,17.0,6.173,-2.173,-12.78,53,0.0265,53,Latest chronological test-window forecast
2025-05-31 16:00:00,17,41,43,Manhattan,Central Park,Yellow Zone,183.206,184.0,209.0,0.794,-25.794,-12.34,10,0.328,10,Latest chronological test-window forecast
2025-05-31 16:00:00,17,42,44,Staten Island,Charleston/Tottenville,Boro Zone,0.0,0.0,0.0,0.0,0.0,,181,0.0,181,Latest chronological test-window forecast
2025-05-31 16:00:00,17,43,45,Manhattan,Chinatown,Yellow Zone,12.153,12.0,14.0,0.153,-1.847,-13.19,56,0.0218,55,Latest chronological test-window forecast
2025-05-31 16:00:00,17,44,46,Bronx,City Island,Boro Zone,0.0,0.0,0.0,0.0,0.0,,182,0.0,182,Latest chronological test-window forecast
2025-05-31 16:00:00,17,45,47,Bronx,Claremont/Bathgate,Boro Zone,0.0,1.0,0.0,1.0,0.0,,183,0.0,183,Latest chronological test-window forecast
2025-05-31 16:00:00,17,46,48,Manhattan,Clinton East,Yellow Zone,95.452,193.0,109.0,97.548,-13.548,-12.43,25,0.1709,25,Latest chronological test-window forecast
2025-05-31 16:00:00,17,47,49,Brooklyn,Clinton Hill,Boro Zone,3.391,7.0,4.0,3.609,-0.609,-15.22,85,0.0061,86,Latest chronological test-window forecast
2025-05-31 16:00:00,17,48,50,Manhattan,Clinton West,Yellow Zone,36.715,64.0,42.0,27.285,-5.285,-12.58,45,0.0657,45,Latest chronological test-window forecast
2025-05-31 16:00:00,17,49,51,Bronx,Co-Op City,Boro Zone,1.644,3.0,2.0,1.356,-0.356,-17.8,102,0.0029,106,Latest chronological test-window forecast
2025-05-31 16:00:00,17,50,52,Brooklyn,Cobble Hill,Boro Zone,0.754,1.0,1.0,0.246,-0.246,-24.6,160,0.0013,160,Latest chronological test-window forecast
2025-05-31 16:00:00,17,51,53,Queens,College Point,Boro Zone,0.0,1.0,0.0,1.0,0.0,,184,0.0,184,Latest chronological test-window forecast
2025-05-31 16:00:00,17,52,54,Brooklyn,Columbia Street,Boro Zone,0.0,1.0,0.0,1.0,0.0,,185,0.0,185,Latest chronological test-window forecast
2025-05-31 16:00:00,17,53,55,Brooklyn,Coney Island,Boro Zone,0.0,3.0,0.0,3.0,0.0,,186,0.0,186,Latest chronological test-window forecast
2025-05-31 16:00:00,17,54,56,Queens,Corona,Boro Zone,0.761,2.0,1.0,1.239,-0.239,-23.9,142,0.0014,127,Latest chronological test-window forecast
2025-05-31 16:00:00,17,55,57,Queens,Corona,Boro Zone,0.0,0.0,0.0,0.0,0.0,,187,0.0,187,Latest chronological test-window forecast
2025-05-31 16:00:00,17,56,58,Bronx,Country Club,Boro Zone,0.0,0.0,0.0,0.0,0.0,,188,0.0,188,Latest chronological test-window forecast
2025-05-31 16:00:00,17,57,59,Bronx,Crotona Park,Boro Zone,0.0,0.0,0.0,0.0,0.0,,189,0.0,189,Latest chronological test-window forecast
2025-05-31 16:00:00,17,58,60,Bronx,Crotona Park East,Boro Zone,0.0,0.0,0.0,0.0,0.0,,190,0.0,190,Latest chronological test-window forecast
2025-05-31 16:00:00,17,59,61,Brooklyn,Crown Heights North,Boro Zone,8.67,14.0,10.0,5.33,-1.33,-13.3,59,0.0155,59,Latest chronological test-window forecast
2025-05-31 16:00:00,17,60,62,Brooklyn,Crown Heights South,Boro Zone,0.76,7.0,1.0,6.24,-0.24,-24.0,151,0.0014,128,Latest chronological test-window forecast
2025-05-31 16:00:00,17,61,63,Brooklyn,Cypress Hills,Boro Zone,1.64,5.0,2.0,3.36,-0.36,-18.0,114,0.0029,107,Latest chronological test-window forecast
2025-05-31 16:00:00,17,62,64,Queens,Douglaston,Boro Zone,0.0,2.0,0.0,2.0,0.0,,191,0.0,191,Latest chronological test-window forecast
2025-05-31 16:00:00,17,63,65,Brooklyn,Downtown Brooklyn/MetroTech,Boro Zone,6.016,18.0,7.0,11.984,-0.984,-14.06,67,0.0108,65,Latest chronological test-window forecast
2025-05-31 16:00:00,17,64,66,Brooklyn,DUMBO/Vinegar Hill,Boro Zone,8.646,14.0,10.0,5.354,-1.354,-13.54,60,0.0155,60,Latest chronological test-window forecast
2025-05-31 16:00:00,17,65,67,Brooklyn,Dyker Heights,Boro Zone,0.0,0.0,0.0,0.0,0.0,,192,0.0,192,Latest chronological test-window forecast
2025-05-31 16:00:00,17,66,68,Manhattan,East Chelsea,Yellow Zone,191.069,186.0,218.0,5.069,-26.931,-12.35,8,0.3421,8,Latest chronological test-window forecast
2025-05-31 16:00:00,17,67,69,Bronx,East Concourse/Concourse Village,Boro Zone,1.642,6.0,2.0,4.358,-0.358,-17.9,107,0.0029,108,Latest chronological test-window forecast
2025-05-31 16:00:00,17,68,70,Queens,East Elmhurst,Boro Zone,23.55,28.0,27.0,4.45,-3.45,-12.78,50,0.0422,50,Latest chronological test-window forecast
2025-05-31 16:00:00,17,69,71,Brooklyn,East Flatbush/Farragut,Boro Zone,0.761,3.0,1.0,2.239,-0.239,-23.9,143,0.0014,129,Latest chronological test-window forecast
2025-05-31 16:00:00,17,70,72,Brooklyn,East Flatbush/Remsen Village,Boro Zone,0.0,6.0,0.0,6.0,0.0,,193,0.0,193,Latest chronological test-window forecast
2025-05-31 16:00:00,17,71,73,Queens,East Flushing,Boro Zone,0.763,2.0,1.0,1.237,-0.237,-23.7,133,0.0014,130,Latest chronological test-window forecast
2025-05-31 16:00:00,17,72,74,Manhattan,East Harlem North,Boro Zone,24.474,35.0,28.0,10.526,-3.526,-12.59,48,0.0438,48,Latest chronological test-window forecast
2025-05-31 16:00:00,17,73,75,Manhattan,East Harlem South,Boro Zone,44.637,45.0,51.0,0.363,-6.363,-12.48,42,0.0799,42,Latest chronological test-window forecast
2025-05-31 16:00:00,17,74,76,Brooklyn,East New York,Boro Zone,0.761,8.0,1.0,7.239,-0.239,-23.9,144,0.0014,131,Latest chronological test-window forecast
2025-05-31 16:00:00,17,75,77,Brooklyn,East New York/Pennsylvania Avenue,Boro Zone,2.52,4.0,3.0,1.48,-0.48,-16.0,93,0.0045,92,Latest chronological test-window forecast
2025-05-31 16:00:00,17,76,78,Bronx,East Tremont,Boro Zone,0.762,0.0,1.0,0.762,-0.238,-23.8,136,0.0014,132,Latest chronological test-window forecast
2025-05-31 16:00:00,17,77,79,Manhattan,East Village,Yellow Zone,86.717,153.0,99.0,66.283,-12.283,-12.41,28,0.1553,27,Latest chronological test-window forecast
2025-05-31 16:00:00,17,78,80,Brooklyn,East Williamsburg,Boro Zone,1.634,4.0,2.0,2.366,-0.366,-18.3,121,0.0029,109,Latest chronological test-window forecast
2025-05-31 16:00:00,17,79,81,Bronx,Eastchester,Boro Zone,0.764,0.0,1.0,0.764,-0.236,-23.6,129,0.0014,133,Latest chronological test-window forecast
2025-05-31 16:00:00,17,80,82,Queens,Elmhurst,Boro Zone,0.761,5.0,1.0,4.239,-0.239,-23.9,145,0.0014,134,Latest chronological test-window forecast
2025-05-31 16:00:00,17,81,83,Queens,Elmhurst/Maspeth,Boro Zone,0.758,2.0,1.0,1.242,-0.242,-24.2,155,0.0014,135,Latest chronological test-window forecast
2025-05-31 16:00:00,17,82,84,Staten Island,Eltingville/Annadale/Prince's Bay,Boro Zone,0.0,0.0,0.0,0.0,0.0,,194,0.0,194,Latest chronological test-window forecast
2025-05-31 16:00:00,17,83,85,Brooklyn,Erasmus,Boro Zone,1.639,1.0,2.0,0.639,-0.361,-18.05,115,0.0029,110,Latest chronological test-window forecast
2025-05-31 16:00:00,17,84,86,Queens,Far Rockaway,Boro Zone,0.761,2.0,1.0,1.239,-0.239,-23.9,146,0.0014,136,Latest chronological test-window forecast
2025-05-31 16:00:00,17,85,87,Manhattan,Financial District North,Yellow Zone,43.737,60.0,50.0,16.263,-6.263,-12.53,44,0.0783,43,Latest chronological test-window forecast
2025-05-31 16:00:00,17,86,88,Manhattan,Financial District South,Yellow Zone,26.196,24.0,30.0,2.196,-3.804,-12.68,47,0.0469,47,Latest chronological test-window forecast
2025-05-31 16:00:00,17,87,89,Brooklyn,Flatbush/Ditmas Park,Boro Zone,0.762,6.0,1.0,5.238,-0.238,-23.8,137,0.0014,137,Latest chronological test-window forecast
2025-05-31 16:00:00,17,88,90,Manhattan,Flatiron,Yellow Zone,86.747,104.0,99.0,17.253,-12.253,-12.38,27,0.1553,28,Latest chronological test-window forecast
2025-05-31 16:00:00,17,89,91,Brooklyn,Flatlands,Boro Zone,5.168,3.0,6.0,2.168,-0.832,-13.87,69,0.0093,69,Latest chronological test-window forecast
2025-05-31 16:00:00,17,90,92,Queens,Flushing,Boro Zone,0.0,0.0,0.0,0.0,0.0,,195,0.0,195,Latest chronological test-window forecast
2025-05-31 16:00:00,17,91,93,Queens,Flushing Meadows-Corona Park,Boro Zone,2.507,2.0,3.0,0.507,-0.493,-16.43,98,0.0045,93,Latest chronological test-window forecast
2025-05-31 16:00:00,17,92,94,Bronx,Fordham South,Boro Zone,0.0,3.0,0.0,3.0,0.0,,196,0.0,196,Latest chronological test-window forecast
2025-05-31 16:00:00,17,93,95,Queens,Forest Hills,Boro Zone,0.0,4.0,0.0,4.0,0.0,,197,0.0,197,Latest chronological test-window forecast
2025-05-31 16:00:00,17,94,96,Queens,Forest Park/Highland Park,Boro Zone,0.0,0.0,0.0,0.0,0.0,,198,0.0,198,Latest chronological test-window forecast
2025-05-31 16:00:00,17,95,97,Brooklyn,Fort Greene,Boro Zone,4.268,9.0,5.0,4.732,-0.732,-14.64,81,0.0076,79,Latest chronological test-window forecast
2025-05-31 16:00:00,17,96,98,Queens,Fresh Meadows,Boro Zone,0.765,0.0,1.0,0.765,-0.235,-23.5,125,0.0014,138,Latest chronological test-window forecast
2025-05-31 16:00:00,17,97,100,Manhattan,Garment District,Yellow Zone,82.341,116.0,94.0,33.659,-11.659,-12.4,31,0.1474,31,Latest chronological test-window forecast
2025-05-31 16:00:00,17,98,101,Queens,Glen Oaks,Boro Zone,0.0,2.0,0.0,2.0,0.0,,199,0.0,199,Latest chronological test-window forecast
2025-05-31 16:00:00,17,99,102,Queens,Glendale,Boro Zone,0.761,4.0,1.0,3.239,-0.239,-23.9,147,0.0014,139,Latest chronological test-window forecast
2025-05-31 16:00:00,17,100,106,Brooklyn,Gowanus,Boro Zone,0.0,2.0,0.0,2.0,0.0,,200,0.0,200,Latest chronological test-window forecast
2025-05-31 16:00:00,17,101,107,Manhattan,Gramercy,Yellow Zone,100.748,132.0,115.0,31.252,-14.252,-12.39,22,0.1804,22,Latest chronological test-window forecast
2025-05-31 16:00:00,17,102,108,Brooklyn,Gravesend,Boro Zone,0.766,1.0,1.0,0.234,-0.234,-23.4,124,0.0014,140,Latest chronological test-window forecast
2025-05-31 16:00:00,17,103,109,Staten Island,Great Kills,Boro Zone,0.0,0.0,0.0,0.0,0.0,,201,0.0,201,Latest chronological test-window forecast
2025-05-31 16:00:00,17,104,111,Brooklyn,Green-Wood Cemetery,Boro Zone,0.0,0.0,0.0,0.0,0.0,,202,0.0,202,Latest chronological test-window forecast
2025-05-31 16:00:00,17,105,112,Brooklyn,Greenpoint,Boro Zone,6.898,9.0,8.0,2.102,-1.102,-13.78,64,0.0124,62,Latest chronological test-window forecast
2025-05-31 16:00:00,17,106,113,Manhattan,Greenwich Village North,Yellow Zone,63.03,116.0,72.0,52.97,-8.97,-12.46,36,0.1129,35,Latest chronological test-window forecast
2025-05-31 16:00:00,17,107,114,Manhattan,Greenwich Village South,Yellow Zone,63.07,111.0,72.0,47.93,-8.93,-12.4,35,0.1129,36,Latest chronological test-window forecast
2025-05-31 16:00:00,17,108,115,Staten Island,Grymes Hill/Clifton,Boro Zone,0.0,0.0,0.0,0.0,0.0,,203,0.0,203,Latest chronological test-window forecast
2025-05-31 16:00:00,17,109,116,Manhattan,Hamilton Heights,Boro Zone,5.145,14.0,6.0,8.855,-0.855,-14.25,74,0.0092,73,Latest chronological test-window forecast
2025-05-31 16:00:00,17,110,117,Queens,Hammels/Arverne,Boro Zone,0.0,0.0,0.0,0.0,0.0,,204,0.0,204,Latest chronological test-window forecast
2025-05-31 16:00:00,17,111,118,Staten Island,Heartland Village/Todt Hill,Boro Zone,0.0,0.0,0.0,0.0,0.0,,205,0.0,205,Latest chronological test-window forecast
2025-05-31 16:00:00,17,112,119,Bronx,Highbridge,Boro Zone,0.0,1.0,0.0,1.0,0.0,,206,0.0,206,Latest chronological test-window forecast
2025-05-31 16:00:00,17,113,120,Manhattan,Highbridge Park,Boro Zone,0.0,1.0,0.0,1.0,0.0,,207,0.0,207,Latest chronological test-window forecast
2025-05-31 16:00:00,17,114,121,Queens,Hillcrest/Pomonok,Boro Zone,0.0,1.0,0.0,1.0,0.0,,208,0.0,208,Latest chronological test-window forecast
2025-05-31 16:00:00,17,115,122,Queens,Hollis,Boro Zone,0.0,2.0,0.0,2.0,0.0,,209,0.0,209,Latest chronological test-window forecast
2025-05-31 16:00:00,17,116,123,Brooklyn,Homecrest,Boro Zone,1.652,1.0,2.0,0.652,-0.348,-17.4,99,0.003,99,Latest chronological test-window forecast
2025-05-31 16:00:00,17,117,124,Queens,Howard Beach,Boro Zone,0.0,1.0,0.0,1.0,0.0,,210,0.0,210,Latest chronological test-window forecast
2025-05-31 16:00:00,17,118,125,Manhattan,Hudson Sq,Yellow Zone,16.556,42.0,19.0,25.444,-2.444,-12.86,52,0.0296,52,Latest chronological test-window forecast
2025-05-31 16:00:00,17,119,126,Bronx,Hunts Point,Boro Zone,1.642,2.0,2.0,0.358,-0.358,-17.9,108,0.0029,111,Latest chronological test-window forecast
2025-05-31 16:00:00,17,120,127,Manhattan,Inwood,Boro Zone,2.515,2.0,3.0,0.515,-0.485,-16.17,97,0.0045,94,Latest chronological test-window forecast
2025-05-31 16:00:00,17,121,128,Manhattan,Inwood Hill Park,Boro Zone,0.754,1.0,1.0,0.246,-0.246,-24.6,161,0.0013,161,Latest chronological test-window forecast
2025-05-31 16:00:00,17,122,129,Queens,Jackson Heights,Boro Zone,0.759,12.0,1.0,11.241,-0.241,-24.1,153,0.0014,141,Latest chronological test-window forecast
2025-05-31 16:00:00,17,123,130,Queens,Jamaica,Boro Zone,6.929,11.0,8.0,4.071,-1.071,-13.39,61,0.0124,63,Latest chronological test-window forecast
2025-05-31 16:00:00,17,124,131,Queens,Jamaica Estates,Boro Zone,0.765,2.0,1.0,1.235,-0.235,-23.5,126,0.0014,142,Latest chronological test-window forecast
2025-05-31 16:00:00,17,125,132,Queens,JFK Airport,Airports,382.402,397.0,436.0,14.598,-53.598,-12.29,2,0.6847,2,Latest chronological test-window forecast
2025-05-31 16:00:00,17,126,133,Brooklyn,Kensington,Boro Zone,4.29,1.0,5.0,3.29,-0.71,-14.2,76,0.0077,76,Latest chronological test-window forecast
2025-05-31 16:00:00,17,127,134,Queens,Kew Gardens,Boro Zone,2.522,1.0,3.0,1.522,-0.478,-15.93,91,0.0045,95,Latest chronological test-window forecast
2025-05-31 16:00:00,17,128,135,Queens,Kew Gardens Hills,Boro Zone,0.762,0.0,1.0,0.762,-0.238,-23.8,138,0.0014,143,Latest chronological test-window forecast
2025-05-31 16:00:00,17,129,136,Bronx,Kingsbridge Heights,Boro Zone,2.521,0.0,3.0,2.521,-0.479,-15.97,92,0.0045,96,Latest chronological test-window forecast
2025-05-31 16:00:00,17,130,137,Manhattan,Kips Bay,Yellow Zone,83.168,49.0,95.0,34.168,-11.832,-12.45,29,0.1489,29,Latest chronological test-window forecast
2025-05-31 16:00:00,17,131,138,Queens,LaGuardia Airport,Airports,224.34,175.0,256.0,49.34,-31.66,-12.37,6,0.4017,6,Latest chronological test-window forecast
2025-05-31 16:00:00,17,132,139,Queens,Laurelton,Boro Zone,0.761,2.0,1.0,1.239,-0.239,-23.9,148,0.0014,144,Latest chronological test-window forecast
2025-05-31 16:00:00,17,133,140,Manhattan,Lenox Hill East,Yellow Zone,180.544,112.0,206.0,68.544,-25.456,-12.36,12,0.3233,12,Latest chronological test-window forecast
2025-05-31 16:00:00,17,134,141,Manhattan,Lenox Hill West,Yellow Zone,159.468,150.0,182.0,9.468,-22.532,-12.38,17,0.2855,17,Latest chronological test-window forecast
2025-05-31 16:00:00,17,135,142,Manhattan,Lincoln Square East,Yellow Zone,186.639,364.0,213.0,177.361,-26.361,-12.38,9,0.3342,9,Latest chronological test-window forecast
2025-05-31 16:00:00,17,136,143,Manhattan,Lincoln Square West,Yellow Zone,79.68,91.0,91.0,11.32,-11.32,-12.44,32,0.1427,32,Latest chronological test-window forecast
2025-05-31 16:00:00,17,137,144,Manhattan,Little Italy/NoLiTa,Yellow Zone,82.363,98.0,94.0,15.637,-11.637,-12.38,30,0.1475,30,Latest chronological test-window forecast
2025-05-31 16:00:00,17,138,145,Queens,Long Island City/Hunters Point,Boro Zone,10.412,11.0,12.0,0.588,-1.588,-13.23,57,0.0186,57,Latest chronological test-window forecast
2025-05-31 16:00:00,17,139,146,Queens,Long Island City/Queens Plaza,Boro Zone,6.016,4.0,7.0,2.016,-0.984,-14.06,68,0.0108,66,Latest chronological test-window forecast
2025-05-31 16:00:00,17,140,147,Bronx,Longwood,Boro Zone,0.0,2.0,0.0,2.0,0.0,,211,0.0,211,Latest chronological test-window forecast
2025-05-31 16:00:00,17,141,148,Manhattan,Lower East Side,Yellow Zone,34.966,67.0,40.0,32.034,-5.034,-12.58,46,0.0626,46,Latest chronological test-window forecast
2025-05-31 16:00:00,17,142,149,Brooklyn,Madison,Boro Zone,0.767,1.0,1.0,0.233,-0.233,-23.3,123,0.0014,145,Latest chronological test-window forecast
2025-05-31 16:00:00,17,143,150,Brooklyn,Manhattan Beach,Boro Zone,0.0,0.0,0.0,0.0,0.0,,212,0.0,212,Latest chronological test-window forecast
2025-05-31 16:00:00,17,144,151,Manhattan,Manhattan Valley,Yellow Zone,48.974,61.0,56.0,12.026,-7.026,-12.55,40,0.0877,40,Latest chronological test-window forecast
2025-05-31 16:00:00,17,145,152,Manhattan,Manhattanville,Boro Zone,9.528,10.0,11.0,0.472,-1.472,-13.38,58,0.0171,58,Latest chronological test-window forecast
2025-05-31 16:00:00,17,146,153,Manhattan,Marble Hill,Boro Zone,0.0,1.0,0.0,1.0,0.0,,213,0.0,213,Latest chronological test-window forecast
2025-05-31 16:00:00,17,147,154,Brooklyn,Marine Park/Floyd Bennett Field,Boro Zone,0.0,0.0,0.0,0.0,0.0,,214,0.0,214,Latest chronological test-window forecast
2025-05-31 16:00:00,17,148,155,Brooklyn,Marine Park/Mill Basin,Boro Zone,0.0,2.0,0.0,2.0,0.0,,215,0.0,215,Latest chronological test-window forecast
2025-05-31 16:00:00,17,149,156,Staten Island,Mariners Harbor,Boro Zone,0.0,0.0,0.0,0.0,0.0,,216,0.0,216,Latest chronological test-window forecast
2025-05-31 16:00:00,17,150,157,Queens,Maspeth,Boro Zone,1.637,4.0,2.0,2.363,-0.363,-18.15,116,0.0029,112,Latest chronological test-window forecast
2025-05-31 16:00:00,17,151,158,Manhattan,Meatpacking/West Village West,Yellow Zone,53.412,79.0,61.0,25.588,-7.588,-12.44,38,0.0956,38,Latest chronological test-window forecast
2025-05-31 16:00:00,17,152,159,Bronx,Melrose South,Boro Zone,1.642,5.0,2.0,3.358,-0.358,-17.9,109,0.0029,113,Latest chronological test-window forecast
2025-05-31 16:00:00,17,153,160,Queens,Middle Village,Boro Zone,0.0,3.0,0.0,3.0,0.0,,217,0.0,217,Latest chronological test-window forecast
2025-05-31 16:00:00,17,154,161,Manhattan,Midtown Center,Yellow Zone,360.393,342.0,411.0,18.393,-50.607,-12.31,4,0.6453,4,Latest chronological test-window forecast
2025-05-31 16:00:00,17,155,162,Manhattan,Midtown East,Yellow Zone,256.887,159.0,293.0,97.887,-36.113,-12.33,5,0.4599,5,Latest chronological test-window forecast
2025-05-31 16:00:00,17,156,163,Manhattan,Midtown North,Yellow Zone,201.621,174.0,230.0,27.621,-28.379,-12.34,7,0.361,7,Latest chronological test-window forecast
2025-05-31 16:00:00,17,157,164,Manhattan,Midtown South,Yellow Zone,133.199,128.0,152.0,5.199,-18.801,-12.37,20,0.2385,20,Latest chronological test-window forecast
2025-05-31 16:00:00,17,158,165,Brooklyn,Midwood,Boro Zone,0.0,1.0,0.0,1.0,0.0,,218,0.0,218,Latest chronological test-window forecast
2025-05-31 16:00:00,17,159,166,Manhattan,Morningside Heights,Boro Zone,51.627,48.0,59.0,3.627,-7.373,-12.5,39,0.0924,39,Latest chronological test-window forecast
2025-05-31 16:00:00,17,160,167,Bronx,Morrisania/Melrose,Boro Zone,0.761,2.0,1.0,1.239,-0.239,-23.9,149,0.0014,146,Latest chronological test-window forecast
2025-05-31 16:00:00,17,161,168,Bronx,Mott Haven/Port Morris,Boro Zone,4.284,8.0,5.0,3.716,-0.716,-14.32,77,0.0077,77,Latest chronological test-window forecast
2025-05-31 16:00:00,17,162,169,Bronx,Mount Hope,Boro Zone,2.524,2.0,3.0,0.524,-0.476,-15.87,89,0.0045,97,Latest chronological test-window forecast
2025-05-31 16:00:00,17,163,170,Manhattan,Murray Hill,Yellow Zone,183.203,185.0,209.0,1.797,-25.797,-12.34,11,0.328,11,Latest chronological test-window forecast
2025-05-31 16:00:00,17,164,171,Queens,Murray Hill-Queens,Boro Zone,0.0,2.0,0.0,2.0,0.0,,219,0.0,219,Latest chronological test-window forecast
2025-05-31 16:00:00,17,165,172,Staten Island,New Dorp/Midland Beach,Boro Zone,0.0,0.0,0.0,0.0,0.0,,220,0.0,220,Latest chronological test-window forecast
2025-05-31 16:00:00,17,166,173,Queens,North Corona,Boro Zone,0.76,2.0,1.0,1.24,-0.24,-24.0,152,0.0014,147,Latest chronological test-window forecast
2025-05-31 16:00:00,17,167,174,Bronx,Norwood,Boro Zone,1.644,1.0,2.0,0.644,-0.356,-17.8,103,0.0029,114,Latest chronological test-window forecast
2025-05-31 16:00:00,17,168,175,Queens,Oakland Gardens,Boro Zone,0.765,0.0,1.0,0.765,-0.235,-23.5,127,0.0014,148,Latest chronological test-window forecast
2025-05-31 16:00:00,17,169,176,Staten Island,Oakwood,Boro Zone,0.0,0.0,0.0,0.0,0.0,,221,0.0,221,Latest chronological test-window forecast
2025-05-31 16:00:00,17,170,177,Brooklyn,Ocean Hill,Boro Zone,0.759,7.0,1.0,6.241,-0.241,-24.1,154,0.0014,149,Latest chronological test-window forecast
2025-05-31 16:00:00,17,171,178,Brooklyn,Ocean Parkway South,Boro Zone,0.0,0.0,0.0,0.0,0.0,,222,0.0,222,Latest chronological test-window forecast
2025-05-31 16:00:00,17,172,179,Queens,Old Astoria,Boro Zone,1.633,9.0,2.0,7.367,-0.367,-18.35,122,0.0029,115,Latest chronological test-window forecast
2025-05-31 16:00:00,17,173,180,Queens,Ozone Park,Boro Zone,0.762,1.0,1.0,0.238,-0.238,-23.8,139,0.0014,150,Latest chronological test-window forecast
2025-05-31 16:00:00,17,174,181,Brooklyn,Park Slope,Boro Zone,4.272,10.0,5.0,5.728,-0.728,-14.56,79,0.0076,80,Latest chronological test-window forecast
2025-05-31 16:00:00,17,175,182,Bronx,Parkchester,Boro Zone,0.0,1.0,0.0,1.0,0.0,,223,0.0,223,Latest chronological test-window forecast
2025-05-31 16:00:00,17,176,183,Bronx,Pelham Bay,Boro Zone,0.0,1.0,0.0,1.0,0.0,,224,0.0,224,Latest chronological test-window forecast
2025-05-31 16:00:00,17,177,184,Bronx,Pelham Bay Park,Boro Zone,0.0,0.0,0.0,0.0,0.0,,225,0.0,225,Latest chronological test-window forecast
2025-05-31 16:00:00,17,178,185,Bronx,Pelham Parkway,Boro Zone,0.0,1.0,0.0,1.0,0.0,,226,0.0,226,Latest chronological test-window forecast
2025-05-31 16:00:00,17,179,186,Manhattan,Penn Station/Madison Sq West,Yellow Zone,163.128,172.0,186.0,8.872,-22.872,-12.3,16,0.2921,16,Latest chronological test-window forecast
2025-05-31 16:00:00,17,180,187,Staten Island,Port Richmond,Boro Zone,0.0,0.0,0.0,0.0,0.0,,227,0.0,227,Latest chronological test-window forecast
2025-05-31 16:00:00,17,181,188,Brooklyn,Prospect-Lefferts Gardens,Boro Zone,5.158,6.0,6.0,0.842,-0.842,-14.03,70,0.0092,74,Latest chronological test-window forecast
2025-05-31 16:00:00,17,182,189,Brooklyn,Prospect Heights,Boro Zone,1.637,4.0,2.0,2.363,-0.363,-18.15,117,0.0029,116,Latest chronological test-window forecast
2025-05-31 16:00:00,17,183,190,Brooklyn,Prospect Park,Boro Zone,0.0,0.0,0.0,0.0,0.0,,228,0.0,228,Latest chronological test-window forecast
2025-05-31 16:00:00,17,184,191,Queens,Queens Village,Boro Zone,0.0,1.0,0.0,1.0,0.0,,229,0.0,229,Latest chronological test-window forecast
2025-05-31 16:00:00,17,185,192,Queens,Queensboro Hill,Boro Zone,0.0,2.0,0.0,2.0,0.0,,230,0.0,230,Latest chronological test-window forecast
2025-05-31 16:00:00,17,186,193,Queens,Queensbridge/Ravenswood,Boro Zone,4.264,3.0,5.0,1.264,-0.736,-14.72,83,0.0076,81,Latest chronological test-window forecast
2025-05-31 16:00:00,17,187,194,Manhattan,Randalls Island,Yellow Zone,0.754,0.0,1.0,0.754,-0.246,-24.6,162,0.0013,162,Latest chronological test-window forecast
2025-05-31 16:00:00,17,188,195,Brooklyn,Red Hook,Boro Zone,0.756,1.0,1.0,0.244,-0.244,-24.4,157,0.0014,151,Latest chronological test-window forecast
2025-05-31 16:00:00,17,189,196,Queens,Rego Park,Boro Zone,1.641,3.0,2.0,1.359,-0.359,-17.95,112,0.0029,117,Latest chronological test-window forecast
2025-05-31 16:00:00,17,190,197,Queens,Richmond Hill,Boro Zone,3.405,4.0,4.0,0.595,-0.595,-14.88,84,0.0061,87,Latest chronological test-window forecast
2025-05-31 16:00:00,17,191,198,Queens,Ridgewood,Boro Zone,2.517,1.0,3.0,1.517,-0.483,-16.1,95,0.0045,98,Latest chronological test-window forecast
2025-05-31 16:00:00,17,192,200,Bronx,Riverdale/North Riverdale/Fieldston,Boro Zone,0.0,1.0,0.0,1.0,0.0,,231,0.0,231,Latest chronological test-window forecast
2025-05-31 16:00:00,17,193,201,Queens,Rockaway Park,Boro Zone,0.0,0.0,0.0,0.0,0.0,,232,0.0,232,Latest chronological test-window forecast
2025-05-31 16:00:00,17,194,202,Manhattan,Roosevelt Island,Boro Zone,0.0,3.0,0.0,3.0,0.0,,233,0.0,233,Latest chronological test-window forecast
2025-05-31 16:00:00,17,195,203,Queens,Rosedale,Boro Zone,0.0,3.0,0.0,3.0,0.0,,234,0.0,234,Latest chronological test-window forecast
2025-05-31 16:00:00,17,196,204,Staten Island,Rossville/Woodrow,Boro Zone,0.0,0.0,0.0,0.0,0.0,,235,0.0,235,Latest chronological test-window forecast
2025-05-31 16:00:00,17,197,205,Queens,Saint Albans,Boro Zone,0.0,4.0,0.0,4.0,0.0,,236,0.0,236,Latest chronological test-window forecast
2025-05-31 16:00:00,17,198,206,Staten Island,Saint George/New Brighton,Boro Zone,0.0,0.0,0.0,0.0,0.0,,237,0.0,237,Latest chronological test-window forecast
2025-05-31 16:00:00,17,199,207,Queens,Saint Michaels Cemetery/Woodside,Boro Zone,0.0,0.0,0.0,0.0,0.0,,238,0.0,238,Latest chronological test-window forecast
2025-05-31 16:00:00,17,200,208,Bronx,Schuylerville/Edgewater Park,Boro Zone,0.0,4.0,0.0,4.0,0.0,,239,0.0,239,Latest chronological test-window forecast
2025-05-31 16:00:00,17,201,209,Manhattan,Seaport,Yellow Zone,12.157,16.0,14.0,3.843,-1.843,-13.16,55,0.0218,56,Latest chronological test-window forecast
2025-05-31 16:00:00,17,202,210,Brooklyn,Sheepshead Bay,Boro Zone,0.0,1.0,0.0,1.0,0.0,,240,0.0,240,Latest chronological test-window forecast
2025-05-31 16:00:00,17,203,211,Manhattan,SoHo,Yellow Zone,43.753,89.0,50.0,45.247,-6.247,-12.49,43,0.0783,44,Latest chronological test-window forecast
2025-05-31 16:00:00,17,204,212,Bronx,Soundview/Bruckner,Boro Zone,0.0,1.0,0.0,1.0,0.0,,241,0.0,241,Latest chronological test-window forecast
2025-05-31 16:00:00,17,205,213,Bronx,Soundview/Castle Hill,Boro Zone,0.0,2.0,0.0,2.0,0.0,,242,0.0,242,Latest chronological test-window forecast
2025-05-31 16:00:00,17,206,214,Staten Island,South Beach/Dongan Hills,Boro Zone,0.0,0.0,0.0,0.0,0.0,,243,0.0,243,Latest chronological test-window forecast
2025-05-31 16:00:00,17,207,215,Queens,South Jamaica,Boro Zone,0.764,5.0,1.0,4.236,-0.236,-23.6,130,0.0014,152,Latest chronological test-window forecast
2025-05-31 16:00:00,17,208,216,Queens,South Ozone Park,Boro Zone,6.048,11.0,7.0,4.952,-0.952,-13.6,65,0.0108,67,Latest chronological test-window forecast
2025-05-31 16:00:00,17,209,217,Brooklyn,South Williamsburg,Boro Zone,0.0,0.0,0.0,0.0,0.0,,244,0.0,244,Latest chronological test-window forecast
2025-05-31 16:00:00,17,210,218,Queens,Springfield Gardens North,Boro Zone,1.645,3.0,2.0,1.355,-0.355,-17.75,101,0.0029,118,Latest chronological test-window forecast
2025-05-31 16:00:00,17,211,219,Queens,Springfield Gardens South,Boro Zone,0.0,3.0,0.0,3.0,0.0,,245,0.0,245,Latest chronological test-window forecast
2025-05-31 16:00:00,17,212,220,Bronx,Spuyten Duyvil/Kingsbridge,Boro Zone,0.0,0.0,0.0,0.0,0.0,,246,0.0,246,Latest chronological test-window forecast
2025-05-31 16:00:00,17,213,221,Staten Island,Stapleton,Boro Zone,0.0,0.0,0.0,0.0,0.0,,247,0.0,247,Latest chronological test-window forecast
2025-05-31 16:00:00,17,214,222,Brooklyn,Starrett City,Boro Zone,0.0,2.0,0.0,2.0,0.0,,248,0.0,248,Latest chronological test-window forecast
2025-05-31 16:00:00,17,215,223,Queens,Steinway,Boro Zone,3.389,7.0,4.0,3.611,-0.611,-15.28,86,0.0061,88,Latest chronological test-window forecast
2025-05-31 16:00:00,17,216,224,Manhattan,Stuy Town/Peter Cooper Village,Yellow Zone,5.142,15.0,6.0,9.858,-0.858,-14.3,75,0.0092,75,Latest chronological test-window forecast
2025-05-31 16:00:00,17,217,225,Brooklyn,Stuyvesant Heights,Boro Zone,4.273,5.0,5.0,0.727,-0.727,-14.54,78,0.0077,78,Latest chronological test-window forecast
2025-05-31 16:00:00,17,218,226,Queens,Sunnyside,Boro Zone,6.909,18.0,8.0,11.091,-1.091,-13.64,62,0.0124,64,Latest chronological test-window forecast
2025-05-31 16:00:00,17,219,227,Brooklyn,Sunset Park East,Boro Zone,1.648,1.0,2.0,0.648,-0.352,-17.6,100,0.003,100,Latest chronological test-window forecast
2025-05-31 16:00:00,17,220,228,Brooklyn,Sunset Park West,Boro Zone,1.644,4.0,2.0,2.356,-0.356,-17.8,104,0.0029,119,Latest chronological test-window forecast
2025-05-31 16:00:00,17,221,229,Manhattan,Sutton Place/Turtle Bay North,Yellow Zone,98.996,125.0,113.0,26.004,-14.004,-12.39,24,0.1772,24,Latest chronological test-window forecast
2025-05-31 16:00:00,17,222,230,Manhattan,Times Sq/Theatre District,Yellow Zone,171.776,216.0,196.0,44.224,-24.224,-12.36,15,0.3076,15,Latest chronological test-window forecast
2025-05-31 16:00:00,17,223,231,Manhattan,TriBeCa/Civic Center,Yellow Zone,100.722,112.0,115.0,11.278,-14.278,-12.42,23,0.1803,23,Latest chronological test-window forecast
2025-05-31 16:00:00,17,224,232,Manhattan,Two Bridges/Seward Park,Yellow Zone,6.017,13.0,7.0,6.983,-0.983,-14.04,66,0.0108,68,Latest chronological test-window forecast
2025-05-31 16:00:00,17,225,233,Manhattan,UN/Turtle Bay South,Yellow Zone,72.672,71.0,83.0,1.672,-10.328,-12.44,33,0.1301,33,Latest chronological test-window forecast
2025-05-31 16:00:00,17,226,234,Manhattan,Union Sq,Yellow Zone,173.643,195.0,198.0,21.357,-24.357,-12.3,14,0.3109,14,Latest chronological test-window forecast
2025-05-31 16:00:00,17,227,235,Bronx,University Heights/Morris Heights,Boro Zone,0.0,1.0,0.0,1.0,0.0,,249,0.0,249,Latest chronological test-window forecast
2025-05-31 16:00:00,17,228,236,Manhattan,Upper East Side North,Yellow Zone,374.276,315.0,427.0,59.276,-52.724,-12.35,3,0.6701,3,Latest chronological test-window forecast
2025-05-31 16:00:00,17,229,237,Manhattan,Upper East Side South,Yellow Zone,390.966,330.0,446.0,60.966,-55.034,-12.34,1,0.7,1,Latest chronological test-window forecast
2025-05-31 16:00:00,17,230,238,Manhattan,Upper West Side North,Yellow Zone,155.939,137.0,178.0,18.939,-22.061,-12.39,18,0.2792,18,Latest chronological test-window forecast
2025-05-31 16:00:00,17,231,239,Manhattan,Upper West Side South,Yellow Zone,180.498,193.0,206.0,12.502,-25.502,-12.38,13,0.3232,13,Latest chronological test-window forecast
2025-05-31 16:00:00,17,232,240,Bronx,Van Cortlandt Park,Boro Zone,0.0,0.0,0.0,0.0,0.0,,250,0.0,250,Latest chronological test-window forecast
2025-05-31 16:00:00,17,233,241,Bronx,Van Cortlandt Village,Boro Zone,0.0,2.0,0.0,2.0,0.0,,251,0.0,251,Latest chronological test-window forecast
2025-05-31 16:00:00,17,234,242,Bronx,Van Nest/Morris Park,Boro Zone,0.762,2.0,1.0,1.238,-0.238,-23.8,140,0.0014,153,Latest chronological test-window forecast
2025-05-31 16:00:00,17,235,243,Manhattan,Washington Heights North,Boro Zone,1.636,8.0,2.0,6.364,-0.364,-18.2,120,0.0029,120,Latest chronological test-window forecast
2025-05-31 16:00:00,17,236,244,Manhattan,Washington Heights South,Boro Zone,13.942,11.0,16.0,2.942,-2.058,-12.86,54,0.025,54,Latest chronological test-window forecast
2025-05-31 16:00:00,17,237,245,Staten Island,West Brighton,Boro Zone,0.0,0.0,0.0,0.0,0.0,,252,0.0,252,Latest chronological test-window forecast
2025-05-31 16:00:00,17,238,246,Manhattan,West Chelsea/Hudson Yards,Yellow Zone,143.821,181.0,164.0,37.179,-20.179,-12.3,19,0.2575,19,Latest chronological test-window forecast
2025-05-31 16:00:00,17,239,247,Bronx,West Concourse,Boro Zone,1.641,4.0,2.0,2.359,-0.359,-17.95,113,0.0029,121,Latest chronological test-window forecast
2025-05-31 16:00:00,17,240,248,Bronx,West Farms/Bronx River,Boro Zone,0.761,0.0,1.0,0.761,-0.239,-23.9,150,0.0014,154,Latest chronological test-window forecast
2025-05-31 16:00:00,17,241,249,Manhattan,West Village,Yellow Zone,68.35,124.0,78.0,55.65,-9.65,-12.37,34,0.1224,34,Latest chronological test-window forecast
2025-05-31 16:00:00,17,242,250,Bronx,Westchester Village/Unionport,Boro Zone,0.0,1.0,0.0,1.0,0.0,,253,0.0,253,Latest chronological test-window forecast
2025-05-31 16:00:00,17,243,251,Staten Island,Westerleigh,Boro Zone,0.0,0.0,0.0,0.0,0.0,,254,0.0,254,Latest chronological test-window forecast
2025-05-31 16:00:00,17,244,252,Queens,Whitestone,Boro Zone,0.763,1.0,1.0,0.237,-0.237,-23.7,134,0.0014,155,Latest chronological test-window forecast
2025-05-31 16:00:00,17,245,253,Queens,Willets Point,Boro Zone,0.0,0.0,0.0,0.0,0.0,,255,0.0,255,Latest chronological test-window forecast
2025-05-31 16:00:00,17,246,254,Bronx,Williamsbridge/Olinville,Boro Zone,0.762,3.0,1.0,2.238,-0.238,-23.8,141,0.0014,156,Latest chronological test-window forecast
2025-05-31 16:00:00,17,247,255,Brooklyn,Williamsburg (North Side),Boro Zone,4.265,12.0,5.0,7.735,-0.735,-14.7,82,0.0076,82,Latest chronological test-window forecast
2025-05-31 16:00:00,17,248,256,Brooklyn,Williamsburg (South Side),Boro Zone,0.0,17.0,0.0,17.0,0.0,,256,0.0,256,Latest chronological test-window forecast
2025-05-31 16:00:00,17,249,257,Brooklyn,Windsor Terrace,Boro Zone,0.758,1.0,1.0,0.242,-0.242,-24.2,156,0.0014,157,Latest chronological test-window forecast
2025-05-31 16:00:00,17,250,258,Queens,Woodhaven,Boro Zone,1.642,2.0,2.0,0.358,-0.358,-17.9,110,0.0029,122,Latest chronological test-window forecast
2025-05-31 16:00:00,17,251,259,Bronx,Woodlawn/Wakefield,Boro Zone,0.764,3.0,1.0,2.236,-0.236,-23.6,131,0.0014,158,Latest chronological test-window forecast
2025-05-31 16:00:00,17,252,260,Queens,Woodside,Boro Zone,4.271,13.0,5.0,8.729,-0.729,-14.58,80,0.0076,83,Latest chronological test-window forecast
2025-05-31 16:00:00,17,253,261,Manhattan,World Trade Center,Yellow Zone,45.483,52.0,52.0,6.517,-6.517,-12.53,41,0.0814,41,Latest chronological test-window forecast
2025-05-31 16:00:00,17,254,262,Manhattan,Yorkville East,Yellow Zone,91.081,79.0,104.0,12.081,-12.919,-12.42,26,0.1631,26,Latest chronological test-window forecast
2025-05-31 16:00:00,17,255,263,Manhattan,Yorkville West,Yellow Zone,118.244,118.0,135.0,0.244,-16.756,-12.41,21,0.2117,21,Latest chronological test-window forecast
2025-05-31 17:00:00,18,0,1,EWR,Newark Airport,EWR,0.752,0.0,1.0,0.752,-0.248,-24.8,160,0.0013,114,Latest chronological test-window forecast
2025-05-31 17:00:00,18,1,2,Queens,Jamaica Bay,Boro Zone,0.0,0.0,0.0,0.0,0.0,,163,0.0,163,Latest chronological test-window forecast
2025-05-31 17:00:00,18,2,3,Bronx,Allerton/Pelham Gardens,Boro Zone,0.0,0.0,0.0,0.0,0.0,,164,0.0,164,Latest chronological test-window forecast
2025-05-31 17:00:00,18,3,4,Manhattan,Alphabet City,Yellow Zone,6.883,18.0,8.0,11.117,-1.117,-13.96,66,0.0121,61,Latest chronological test-window forecast
2025-05-31 17:00:00,18,4,6,Staten Island,Arrochar/Fort Wadsworth,Boro Zone,0.0,0.0,0.0,0.0,0.0,,165,0.0,165,Latest chronological test-window forecast
2025-05-31 17:00:00,18,5,7,Queens,Astoria,Boro Zone,6.034,25.0,7.0,18.966,-0.966,-13.8,67,0.0106,67,Latest chronological test-window forecast
2025-05-31 17:00:00,18,6,8,Queens,Astoria Park,Boro Zone,0.0,0.0,0.0,0.0,0.0,,166,0.0,166,Latest chronological test-window forecast
2025-05-31 17:00:00,18,7,9,Queens,Auburndale,Boro Zone,0.0,0.0,0.0,0.0,0.0,,167,0.0,167,Latest chronological test-window forecast
2025-05-31 17:00:00,18,8,10,Queens,Baisley Park,Boro Zone,1.639,1.0,2.0,0.639,-0.361,-18.05,108,0.0029,101,Latest chronological test-window forecast
2025-05-31 17:00:00,18,9,11,Brooklyn,Bath Beach,Boro Zone,0.0,1.0,0.0,1.0,0.0,,168,0.0,168,Latest chronological test-window forecast
2025-05-31 17:00:00,18,10,12,Manhattan,Battery Park,Yellow Zone,5.13,2.0,6.0,3.13,-0.87,-14.5,77,0.009,76,Latest chronological test-window forecast
2025-05-31 17:00:00,18,11,13,Manhattan,Battery Park City,Yellow Zone,47.158,46.0,54.0,1.158,-6.842,-12.67,42,0.0829,42,Latest chronological test-window forecast
2025-05-31 17:00:00,18,12,14,Brooklyn,Bay Ridge,Boro Zone,0.765,8.0,1.0,7.235,-0.235,-23.5,117,0.0013,115,Latest chronological test-window forecast
2025-05-31 17:00:00,18,13,15,Queens,Bay Terrace/Fort Totten,Boro Zone,0.0,0.0,0.0,0.0,0.0,,169,0.0,169,Latest chronological test-window forecast
2025-05-31 17:00:00,18,14,16,Queens,Bayside,Boro Zone,0.0,2.0,0.0,2.0,0.0,,170,0.0,170,Latest chronological test-window forecast
2025-05-31 17:00:00,18,15,17,Brooklyn,Bedford,Boro Zone,4.277,9.0,5.0,4.723,-0.723,-14.46,79,0.0075,79,Latest chronological test-window forecast
2025-05-31 17:00:00,18,16,18,Bronx,Bedford Park,Boro Zone,0.0,0.0,0.0,0.0,0.0,,171,0.0,171,Latest chronological test-window forecast
2025-05-31 17:00:00,18,17,19,Queens,Bellerose,Boro Zone,0.0,1.0,0.0,1.0,0.0,,172,0.0,172,Latest chronological test-window forecast
2025-05-31 17:00:00,18,18,20,Bronx,Belmont,Boro Zone,0.762,3.0,1.0,2.238,-0.238,-23.8,138,0.0013,116,Latest chronological test-window forecast
2025-05-31 17:00:00,18,19,21,Brooklyn,Bensonhurst East,Boro Zone,0.77,3.0,1.0,2.23,-0.23,-23.0,112,0.0014,112,Latest chronological test-window forecast
2025-05-31 17:00:00,18,20,22,Brooklyn,Bensonhurst West,Boro Zone,0.0,5.0,0.0,5.0,0.0,,173,0.0,173,Latest chronological test-window forecast
2025-05-31 17:00:00,18,21,23,Staten Island,Bloomfield/Emerson Hill,Boro Zone,0.0,0.0,0.0,0.0,0.0,,174,0.0,174,Latest chronological test-window forecast
2025-05-31 17:00:00,18,22,24,Manhattan,Bloomingdale,Yellow Zone,26.149,25.0,30.0,1.149,-3.851,-12.84,51,0.046,51,Latest chronological test-window forecast
2025-05-31 17:00:00,18,23,25,Brooklyn,Boerum Hill,Boro Zone,6.909,12.0,8.0,5.091,-1.091,-13.64,62,0.0121,62,Latest chronological test-window forecast
2025-05-31 17:00:00,18,24,26,Brooklyn,Borough Park,Boro Zone,0.0,1.0,0.0,1.0,0.0,,175,0.0,175,Latest chronological test-window forecast
2025-05-31 17:00:00,18,25,27,Queens,Breezy Point/Fort Tilden/Riis Beach,Boro Zone,0.0,0.0,0.0,0.0,0.0,,176,0.0,176,Latest chronological test-window forecast
2025-05-31 17:00:00,18,26,28,Queens,Briarwood/Jamaica Hills,Boro Zone,0.763,2.0,1.0,1.237,-0.237,-23.7,126,0.0013,117,Latest chronological test-window forecast
2025-05-31 17:00:00,18,27,29,Brooklyn,Brighton Beach,Boro Zone,2.539,1.0,3.0,1.539,-0.461,-15.37,89,0.0045,89,Latest chronological test-window forecast
2025-05-31 17:00:00,18,28,30,Queens,Broad Channel,Boro Zone,0.0,0.0,0.0,0.0,0.0,,177,0.0,177,Latest chronological test-window forecast
2025-05-31 17:00:00,18,29,31,Bronx,Bronx Park,Boro Zone,0.0,0.0,0.0,0.0,0.0,,178,0.0,178,Latest chronological test-window forecast
2025-05-31 17:00:00,18,30,32,Bronx,Bronxdale,Boro Zone,0.0,0.0,0.0,0.0,0.0,,179,0.0,179,Latest chronological test-window forecast
2025-05-31 17:00:00,18,31,33,Brooklyn,Brooklyn Heights,Boro Zone,9.516,21.0,11.0,11.484,-1.484,-13.49,60,0.0167,60,Latest chronological test-window forecast
2025-05-31 17:00:00,18,32,34,Brooklyn,Brooklyn Navy Yard,Boro Zone,0.0,0.0,0.0,0.0,0.0,,180,0.0,180,Latest chronological test-window forecast
2025-05-31 17:00:00,18,33,35,Brooklyn,Brownsville,Boro Zone,0.763,5.0,1.0,4.237,-0.237,-23.7,127,0.0013,118,Latest chronological test-window forecast
2025-05-31 17:00:00,18,34,36,Brooklyn,Bushwick North,Boro Zone,3.394,12.0,4.0,8.606,-0.606,-15.15,85,0.006,81,Latest chronological test-window forecast
2025-05-31 17:00:00,18,35,37,Brooklyn,Bushwick South,Boro Zone,5.151,12.0,6.0,6.849,-0.849,-14.15,74,0.0091,72,Latest chronological test-window forecast
2025-05-31 17:00:00,18,36,38,Queens,Cambria Heights,Boro Zone,0.0,0.0,0.0,0.0,0.0,,181,0.0,181,Latest chronological test-window forecast
2025-05-31 17:00:00,18,37,39,Brooklyn,Canarsie,Boro Zone,0.763,4.0,1.0,3.237,-0.237,-23.7,128,0.0013,119,Latest chronological test-window forecast
2025-05-31 17:00:00,18,38,40,Brooklyn,Carroll Gardens,Boro Zone,2.507,3.0,3.0,0.493,-0.493,-16.43,100,0.0044,90,Latest chronological test-window forecast
2025-05-31 17:00:00,18,39,41,Manhattan,Central Harlem,Boro Zone,27.989,48.0,32.0,20.011,-4.011,-12.53,48,0.0492,48,Latest chronological test-window forecast
2025-05-31 17:00:00,18,40,42,Manhattan,Central Harlem North,Boro Zone,20.109,24.0,23.0,3.891,-2.891,-12.57,53,0.0353,53,Latest chronological test-window forecast
2025-05-31 17:00:00,18,41,43,Manhattan,Central Park,Yellow Zone,137.356,151.0,157.0,13.644,-19.644,-12.51,20,0.2414,20,Latest chronological test-window forecast
2025-05-31 17:00:00,18,42,44,Staten Island,Charleston/Tottenville,Boro Zone,0.0,0.0,0.0,0.0,0.0,,182,0.0,182,Latest chronological test-window forecast
2025-05-31 17:00:00,18,43,45,Manhattan,Chinatown,Yellow Zone,10.385,18.0,12.0,7.615,-1.615,-13.46,58,0.0183,58,Latest chronological test-window forecast
2025-05-31 17:00:00,18,44,46,Bronx,City Island,Boro Zone,0.0,0.0,0.0,0.0,0.0,,183,0.0,183,Latest chronological test-window forecast
2025-05-31 17:00:00,18,45,47,Bronx,Claremont/Bathgate,Boro Zone,3.404,0.0,4.0,3.404,-0.596,-14.9,82,0.006,82,Latest chronological test-window forecast
2025-05-31 17:00:00,18,46,48,Manhattan,Clinton East,Yellow Zone,104.964,184.0,120.0,79.036,-15.036,-12.53,23,0.1845,23,Latest chronological test-window forecast
2025-05-31 17:00:00,18,47,49,Brooklyn,Clinton Hill,Boro Zone,6.025,10.0,7.0,3.975,-0.975,-13.93,70,0.0106,68,Latest chronological test-window forecast
2025-05-31 17:00:00,18,48,50,Manhattan,Clinton West,Yellow Zone,34.025,69.0,39.0,34.975,-4.975,-12.76,45,0.0598,45,Latest chronological test-window forecast
2025-05-31 17:00:00,18,49,51,Bronx,Co-Op City,Boro Zone,0.764,2.0,1.0,1.236,-0.236,-23.6,118,0.0013,120,Latest chronological test-window forecast
2025-05-31 17:00:00,18,50,52,Brooklyn,Cobble Hill,Boro Zone,0.0,1.0,0.0,1.0,0.0,,184,0.0,184,Latest chronological test-window forecast
2025-05-31 17:00:00,18,51,53,Queens,College Point,Boro Zone,1.645,1.0,2.0,0.645,-0.355,-17.75,102,0.0029,102,Latest chronological test-window forecast
2025-05-31 17:00:00,18,52,54,Brooklyn,Columbia Street,Boro Zone,0.751,0.0,1.0,0.751,-0.249,-24.9,162,0.0013,121,Latest chronological test-window forecast
2025-05-31 17:00:00,18,53,55,Brooklyn,Coney Island,Boro Zone,0.768,3.0,1.0,2.232,-0.232,-23.2,114,0.0013,122,Latest chronological test-window forecast
2025-05-31 17:00:00,18,54,56,Queens,Corona,Boro Zone,2.525,3.0,3.0,0.475,-0.475,-15.83,95,0.0044,91,Latest chronological test-window forecast
2025-05-31 17:00:00,18,55,57,Queens,Corona,Boro Zone,0.0,0.0,0.0,0.0,0.0,,185,0.0,185,Latest chronological test-window forecast
2025-05-31 17:00:00,18,56,58,Bronx,Country Club,Boro Zone,0.0,0.0,0.0,0.0,0.0,,186,0.0,186,Latest chronological test-window forecast
2025-05-31 17:00:00,18,57,59,Bronx,Crotona Park,Boro Zone,0.0,0.0,0.0,0.0,0.0,,187,0.0,187,Latest chronological test-window forecast
2025-05-31 17:00:00,18,58,60,Bronx,Crotona Park East,Boro Zone,0.0,1.0,0.0,1.0,0.0,,188,0.0,188,Latest chronological test-window forecast
2025-05-31 17:00:00,18,59,61,Brooklyn,Crown Heights North,Boro Zone,6.913,16.0,8.0,9.087,-1.087,-13.59,61,0.0121,63,Latest chronological test-window forecast
2025-05-31 17:00:00,18,60,62,Brooklyn,Crown Heights South,Boro Zone,0.761,4.0,1.0,3.239,-0.239,-23.9,146,0.0013,123,Latest chronological test-window forecast
2025-05-31 17:00:00,18,61,63,Brooklyn,Cypress Hills,Boro Zone,0.761,6.0,1.0,5.239,-0.239,-23.9,147,0.0013,124,Latest chronological test-window forecast
2025-05-31 17:00:00,18,62,64,Queens,Douglaston,Boro Zone,0.0,1.0,0.0,1.0,0.0,,189,0.0,189,Latest chronological test-window forecast
2025-05-31 17:00:00,18,63,65,Brooklyn,Downtown Brooklyn/MetroTech,Boro Zone,6.886,10.0,8.0,3.114,-1.114,-13.92,65,0.0121,64,Latest chronological test-window forecast
2025-05-31 17:00:00,18,64,66,Brooklyn,DUMBO/Vinegar Hill,Boro Zone,5.129,9.0,6.0,3.871,-0.871,-14.52,78,0.009,77,Latest chronological test-window forecast
2025-05-31 17:00:00,18,65,67,Brooklyn,Dyker Heights,Boro Zone,0.766,0.0,1.0,0.766,-0.234,-23.4,116,0.0013,125,Latest chronological test-window forecast
2025-05-31 17:00:00,18,66,68,Manhattan,East Chelsea,Yellow Zone,161.864,190.0,185.0,28.136,-23.136,-12.51,16,0.2845,16,Latest chronological test-window forecast
2025-05-31 17:00:00,18,67,69,Bronx,East Concourse/Concourse Village,Boro Zone,0.763,1.0,1.0,0.237,-0.237,-23.7,129,0.0013,126,Latest chronological test-window forecast
2025-05-31 17:00:00,18,68,70,Queens,East Elmhurst,Boro Zone,26.148,10.0,30.0,16.148,-3.852,-12.84,52,0.046,52,Latest chronological test-window forecast
2025-05-31 17:00:00,18,69,71,Brooklyn,East Flatbush/Farragut,Boro Zone,0.762,3.0,1.0,2.238,-0.238,-23.8,139,0.0013,127,Latest chronological test-window forecast
2025-05-31 17:00:00,18,70,72,Brooklyn,East Flatbush/Remsen Village,Boro Zone,3.404,3.0,4.0,0.404,-0.596,-14.9,83,0.006,83,Latest chronological test-window forecast
2025-05-31 17:00:00,18,71,73,Queens,East Flushing,Boro Zone,0.0,0.0,0.0,0.0,0.0,,190,0.0,190,Latest chronological test-window forecast
2025-05-31 17:00:00,18,72,74,Manhattan,East Harlem North,Boro Zone,26.231,28.0,30.0,1.769,-3.769,-12.56,50,0.0461,50,Latest chronological test-window forecast
2025-05-31 17:00:00,18,73,75,Manhattan,East Harlem South,Boro Zone,61.292,52.0,70.0,9.292,-8.708,-12.44,37,0.1077,37,Latest chronological test-window forecast
2025-05-31 17:00:00,18,74,76,Brooklyn,East New York,Boro Zone,0.762,11.0,1.0,10.238,-0.238,-23.8,140,0.0013,128,Latest chronological test-window forecast
2025-05-31 17:00:00,18,75,77,Brooklyn,East New York/Pennsylvania Avenue,Boro Zone,0.761,2.0,1.0,1.239,-0.239,-23.9,148,0.0013,129,Latest chronological test-window forecast
2025-05-31 17:00:00,18,76,78,Bronx,East Tremont,Boro Zone,0.764,3.0,1.0,2.236,-0.236,-23.6,119,0.0013,130,Latest chronological test-window forecast
2025-05-31 17:00:00,18,77,79,Manhattan,East Village,Yellow Zone,71.679,181.0,82.0,109.321,-10.321,-12.59,34,0.126,34,Latest chronological test-window forecast
2025-05-31 17:00:00,18,78,80,Brooklyn,East Williamsburg,Boro Zone,0.755,4.0,1.0,3.245,-0.245,-24.5,155,0.0013,131,Latest chronological test-window forecast
2025-05-31 17:00:00,18,79,81,Bronx,Eastchester,Boro Zone,0.0,3.0,0.0,3.0,0.0,,191,0.0,191,Latest chronological test-window forecast
2025-05-31 17:00:00,18,80,82,Queens,Elmhurst,Boro Zone,3.405,7.0,4.0,3.595,-0.595,-14.88,81,0.006,84,Latest chronological test-window forecast
2025-05-31 17:00:00,18,81,83,Queens,Elmhurst/Maspeth,Boro Zone,0.758,1.0,1.0,0.242,-0.242,-24.2,152,0.0013,132,Latest chronological test-window forecast
2025-05-31 17:00:00,18,82,84,Staten Island,Eltingville/Annadale/Prince's Bay,Boro Zone,0.0,0.0,0.0,0.0,0.0,,192,0.0,192,Latest chronological test-window forecast
2025-05-31 17:00:00,18,83,85,Brooklyn,Erasmus,Boro Zone,0.0,2.0,0.0,2.0,0.0,,193,0.0,193,Latest chronological test-window forecast
2025-05-31 17:00:00,18,84,86,Queens,Far Rockaway,Boro Zone,0.0,1.0,0.0,1.0,0.0,,194,0.0,194,Latest chronological test-window forecast
2025-05-31 17:00:00,18,85,87,Manhattan,Financial District North,Yellow Zone,50.664,52.0,58.0,1.336,-7.336,-12.65,40,0.089,40,Latest chronological test-window forecast
2025-05-31 17:00:00,18,86,88,Manhattan,Financial District South,Yellow Zone,27.898,25.0,32.0,2.898,-4.102,-12.82,49,0.049,49,Latest chronological test-window forecast
2025-05-31 17:00:00,18,87,89,Brooklyn,Flatbush/Ditmas Park,Boro Zone,0.764,12.0,1.0,11.236,-0.236,-23.6,120,0.0013,133,Latest chronological test-window forecast
2025-05-31 17:00:00,18,88,90,Manhattan,Flatiron,Yellow Zone,99.721,125.0,114.0,25.279,-14.279,-12.53,25,0.1753,25,Latest chronological test-window forecast
2025-05-31 17:00:00,18,89,91,Brooklyn,Flatlands,Boro Zone,2.528,3.0,3.0,0.472,-0.472,-15.73,92,0.0044,92,Latest chronological test-window forecast
2025-05-31 17:00:00,18,90,92,Queens,Flushing,Boro Zone,0.0,5.0,0.0,5.0,0.0,,195,0.0,195,Latest chronological test-window forecast
2025-05-31 17:00:00,18,91,93,Queens,Flushing Meadows-Corona Park,Boro Zone,1.628,0.0,2.0,1.628,-0.372,-18.6,111,0.0029,103,Latest chronological test-window forecast
2025-05-31 17:00:00,18,92,94,Bronx,Fordham South,Boro Zone,0.0,0.0,0.0,0.0,0.0,,196,0.0,196,Latest chronological test-window forecast
2025-05-31 17:00:00,18,93,95,Queens,Forest Hills,Boro Zone,1.644,2.0,2.0,0.356,-0.356,-17.8,103,0.0029,104,Latest chronological test-window forecast
2025-05-31 17:00:00,18,94,96,Queens,Forest Park/Highland Park,Boro Zone,0.0,1.0,0.0,1.0,0.0,,197,0.0,197,Latest chronological test-window forecast
2025-05-31 17:00:00,18,95,97,Brooklyn,Fort Greene,Boro Zone,6.901,6.0,8.0,0.901,-1.099,-13.74,63,0.0121,65,Latest chronological test-window forecast
2025-05-31 17:00:00,18,96,98,Queens,Fresh Meadows,Boro Zone,0.0,0.0,0.0,0.0,0.0,,198,0.0,198,Latest chronological test-window forecast
2025-05-31 17:00:00,18,97,100,Manhattan,Garment District,Yellow Zone,89.198,103.0,102.0,13.802,-12.802,-12.55,29,0.1568,29,Latest chronological test-window forecast
2025-05-31 17:00:00,18,98,101,Queens,Glen Oaks,Boro Zone,0.0,0.0,0.0,0.0,0.0,,199,0.0,199,Latest chronological test-window forecast
2025-05-31 17:00:00,18,99,102,Queens,Glendale,Boro Zone,0.0,0.0,0.0,0.0,0.0,,200,0.0,200,Latest chronological test-window forecast
2025-05-31 17:00:00,18,100,106,Brooklyn,Gowanus,Boro Zone,0.763,5.0,1.0,4.237,-0.237,-23.7,130,0.0013,134,Latest chronological test-window forecast
2025-05-31 17:00:00,18,101,107,Manhattan,Gramercy,Yellow Zone,100.576,130.0,115.0,29.424,-14.424,-12.54,24,0.1768,24,Latest chronological test-window forecast
2025-05-31 17:00:00,18,102,108,Brooklyn,Gravesend,Boro Zone,0.0,1.0,0.0,1.0,0.0,,201,0.0,201,Latest chronological test-window forecast
2025-05-31 17:00:00,18,103,109,Staten Island,Great Kills,Boro Zone,0.0,0.0,0.0,0.0,0.0,,202,0.0,202,Latest chronological test-window forecast
2025-05-31 17:00:00,18,104,111,Brooklyn,Green-Wood Cemetery,Boro Zone,0.0,0.0,0.0,0.0,0.0,,203,0.0,203,Latest chronological test-window forecast
2025-05-31 17:00:00,18,105,112,Brooklyn,Greenpoint,Boro Zone,6.895,21.0,8.0,14.105,-1.105,-13.81,64,0.0121,66,Latest chronological test-window forecast
2025-05-31 17:00:00,18,106,113,Manhattan,Greenwich Village North,Yellow Zone,88.319,126.0,101.0,37.681,-12.681,-12.56,30,0.1552,30,Latest chronological test-window forecast
2025-05-31 17:00:00,18,107,114,Manhattan,Greenwich Village South,Yellow Zone,55.937,121.0,64.0,65.063,-8.063,-12.6,38,0.0983,38,Latest chronological test-window forecast
2025-05-31 17:00:00,18,108,115,Staten Island,Grymes Hill/Clifton,Boro Zone,0.0,0.0,0.0,0.0,0.0,,204,0.0,204,Latest chronological test-window forecast
2025-05-31 17:00:00,18,109,116,Manhattan,Hamilton Heights,Boro Zone,11.288,13.0,13.0,1.712,-1.712,-13.17,57,0.0198,57,Latest chronological test-window forecast
2025-05-31 17:00:00,18,110,117,Queens,Hammels/Arverne,Boro Zone,0.763,0.0,1.0,0.763,-0.237,-23.7,131,0.0013,135,Latest chronological test-window forecast
2025-05-31 17:00:00,18,111,118,Staten Island,Heartland Village/Todt Hill,Boro Zone,0.0,0.0,0.0,0.0,0.0,,205,0.0,205,Latest chronological test-window forecast
2025-05-31 17:00:00,18,112,119,Bronx,Highbridge,Boro Zone,0.0,1.0,0.0,1.0,0.0,,206,0.0,206,Latest chronological test-window forecast
2025-05-31 17:00:00,18,113,120,Manhattan,Highbridge Park,Boro Zone,0.0,0.0,0.0,0.0,0.0,,207,0.0,207,Latest chronological test-window forecast
2025-05-31 17:00:00,18,114,121,Queens,Hillcrest/Pomonok,Boro Zone,0.0,2.0,0.0,2.0,0.0,,208,0.0,208,Latest chronological test-window forecast
2025-05-31 17:00:00,18,115,122,Queens,Hollis,Boro Zone,0.0,1.0,0.0,1.0,0.0,,209,0.0,209,Latest chronological test-window forecast
2025-05-31 17:00:00,18,116,123,Brooklyn,Homecrest,Boro Zone,0.0,0.0,0.0,0.0,0.0,,210,0.0,210,Latest chronological test-window forecast
2025-05-31 17:00:00,18,117,124,Queens,Howard Beach,Boro Zone,0.763,0.0,1.0,0.763,-0.237,-23.7,132,0.0013,136,Latest chronological test-window forecast
2025-05-31 17:00:00,18,118,125,Manhattan,Hudson Sq,Yellow Zone,29.662,35.0,34.0,5.338,-4.338,-12.76,47,0.0521,47,Latest chronological test-window forecast
2025-05-31 17:00:00,18,119,126,Bronx,Hunts Point,Boro Zone,1.644,1.0,2.0,0.644,-0.356,-17.8,104,0.0029,105,Latest chronological test-window forecast
2025-05-31 17:00:00,18,120,127,Manhattan,Inwood,Boro Zone,5.151,2.0,6.0,3.151,-0.849,-14.15,75,0.0091,73,Latest chronological test-window forecast
2025-05-31 17:00:00,18,121,128,Manhattan,Inwood Hill Park,Boro Zone,0.0,0.0,0.0,0.0,0.0,,211,0.0,211,Latest chronological test-window forecast
2025-05-31 17:00:00,18,122,129,Queens,Jackson Heights,Boro Zone,5.159,13.0,6.0,7.841,-0.841,-14.02,73,0.0091,74,Latest chronological test-window forecast
2025-05-31 17:00:00,18,123,130,Queens,Jamaica,Boro Zone,2.527,5.0,3.0,2.473,-0.473,-15.77,94,0.0044,93,Latest chronological test-window forecast
2025-05-31 17:00:00,18,124,131,Queens,Jamaica Estates,Boro Zone,0.0,3.0,0.0,3.0,0.0,,212,0.0,212,Latest chronological test-window forecast
2025-05-31 17:00:00,18,125,132,Queens,JFK Airport,Airports,336.566,347.0,384.0,10.434,-47.434,-12.35,4,0.5915,4,Latest chronological test-window forecast
2025-05-31 17:00:00,18,126,133,Brooklyn,Kensington,Boro Zone,0.0,4.0,0.0,4.0,0.0,,213,0.0,213,Latest chronological test-window forecast
2025-05-31 17:00:00,18,127,134,Queens,Kew Gardens,Boro Zone,0.762,5.0,1.0,4.238,-0.238,-23.8,141,0.0013,137,Latest chronological test-window forecast
2025-05-31 17:00:00,18,128,135,Queens,Kew Gardens Hills,Boro Zone,0.0,0.0,0.0,0.0,0.0,,214,0.0,214,Latest chronological test-window forecast
2025-05-31 17:00:00,18,129,136,Bronx,Kingsbridge Heights,Boro Zone,0.0,0.0,0.0,0.0,0.0,,215,0.0,215,Latest chronological test-window forecast
2025-05-31 17:00:00,18,130,137,Manhattan,Kips Bay,Yellow Zone,84.821,88.0,97.0,3.179,-12.179,-12.56,31,0.1491,31,Latest chronological test-window forecast
2025-05-31 17:00:00,18,131,138,Queens,LaGuardia Airport,Airports,184.665,125.0,211.0,59.665,-26.335,-12.48,12,0.3245,12,Latest chronological test-window forecast
2025-05-31 17:00:00,18,132,139,Queens,Laurelton,Boro Zone,0.0,1.0,0.0,1.0,0.0,,216,0.0,216,Latest chronological test-window forecast
2025-05-31 17:00:00,18,133,140,Manhattan,Lenox Hill East,Yellow Zone,164.636,124.0,188.0,40.636,-23.364,-12.43,15,0.2893,15,Latest chronological test-window forecast
2025-05-31 17:00:00,18,134,141,Manhattan,Lenox Hill West,Yellow Zone,174.99,163.0,200.0,11.99,-25.01,-12.5,14,0.3075,14,Latest chronological test-window forecast
2025-05-31 17:00:00,18,135,142,Manhattan,Lincoln Square East,Yellow Zone,217.9,253.0,249.0,35.1,-31.1,-12.49,8,0.383,8,Latest chronological test-window forecast
2025-05-31 17:00:00,18,136,143,Manhattan,Lincoln Square West,Yellow Zone,75.175,76.0,86.0,0.825,-10.825,-12.59,33,0.1321,33,Latest chronological test-window forecast
2025-05-31 17:00:00,18,137,144,Manhattan,Little Italy/NoLiTa,Yellow Zone,63.812,149.0,73.0,85.188,-9.188,-12.59,35,0.1121,35,Latest chronological test-window forecast
2025-05-31 17:00:00,18,138,145,Queens,Long Island City/Hunters Point,Boro Zone,5.144,12.0,6.0,6.856,-0.856,-14.27,76,0.009,78,Latest chronological test-window forecast
2025-05-31 17:00:00,18,139,146,Queens,Long Island City/Queens Plaza,Boro Zone,0.753,9.0,1.0,8.247,-0.247,-24.7,157,0.0013,138,Latest chronological test-window forecast
2025-05-31 17:00:00,18,140,147,Bronx,Longwood,Boro Zone,0.763,0.0,1.0,0.763,-0.237,-23.7,133,0.0013,139,Latest chronological test-window forecast
2025-05-31 17:00:00,18,141,148,Manhattan,Lower East Side,Yellow Zone,40.157,88.0,46.0,47.843,-5.843,-12.7,44,0.0706,44,Latest chronological test-window forecast
2025-05-31 17:00:00,18,142,149,Brooklyn,Madison,Boro Zone,0.0,3.0,0.0,3.0,0.0,,217,0.0,217,Latest chronological test-window forecast
2025-05-31 17:00:00,18,143,150,Brooklyn,Manhattan Beach,Boro Zone,0.0,1.0,0.0,1.0,0.0,,218,0.0,218,Latest chronological test-window forecast
2025-05-31 17:00:00,18,144,151,Manhattan,Manhattan Valley,Yellow Zone,54.17,74.0,62.0,19.83,-7.83,-12.63,39,0.0952,39,Latest chronological test-window forecast
2025-05-31 17:00:00,18,145,152,Manhattan,Manhattanville,Boro Zone,3.384,9.0,4.0,5.616,-0.616,-15.4,88,0.0059,88,Latest chronological test-window forecast
2025-05-31 17:00:00,18,146,153,Manhattan,Marble Hill,Boro Zone,0.0,3.0,0.0,3.0,0.0,,219,0.0,219,Latest chronological test-window forecast
2025-05-31 17:00:00,18,147,154,Brooklyn,Marine Park/Floyd Bennett Field,Boro Zone,0.0,0.0,0.0,0.0,0.0,,220,0.0,220,Latest chronological test-window forecast
2025-05-31 17:00:00,18,148,155,Brooklyn,Marine Park/Mill Basin,Boro Zone,0.0,5.0,0.0,5.0,0.0,,221,0.0,221,Latest chronological test-window forecast
2025-05-31 17:00:00,18,149,156,Staten Island,Mariners Harbor,Boro Zone,0.0,0.0,0.0,0.0,0.0,,222,0.0,222,Latest chronological test-window forecast
2025-05-31 17:00:00,18,150,157,Queens,Maspeth,Boro Zone,0.758,8.0,1.0,7.242,-0.242,-24.2,153,0.0013,140,Latest chronological test-window forecast
2025-05-31 17:00:00,18,151,158,Manhattan,Meatpacking/West Village West,Yellow Zone,62.942,94.0,72.0,31.058,-9.058,-12.58,36,0.1106,36,Latest chronological test-window forecast
2025-05-31 17:00:00,18,152,159,Bronx,Melrose South,Boro Zone,1.644,7.0,2.0,5.356,-0.356,-17.8,105,0.0029,106,Latest chronological test-window forecast
2025-05-31 17:00:00,18,153,160,Queens,Middle Village,Boro Zone,0.761,4.0,1.0,3.239,-0.239,-23.9,149,0.0013,141,Latest chronological test-window forecast
2025-05-31 17:00:00,18,154,161,Manhattan,Midtown Center,Yellow Zone,398.298,334.0,455.0,64.298,-56.702,-12.46,1,0.7,1,Latest chronological test-window forecast
2025-05-31 17:00:00,18,155,162,Manhattan,Midtown East,Yellow Zone,245.059,186.0,280.0,59.059,-34.941,-12.48,5,0.4307,5,Latest chronological test-window forecast
2025-05-31 17:00:00,18,156,163,Manhattan,Midtown North,Yellow Zone,212.66,246.0,243.0,33.34,-30.34,-12.49,9,0.3737,9,Latest chronological test-window forecast
2025-05-31 17:00:00,18,157,164,Manhattan,Midtown South,Yellow Zone,158.366,168.0,181.0,9.634,-22.634,-12.5,17,0.2783,17,Latest chronological test-window forecast
2025-05-31 17:00:00,18,158,165,Brooklyn,Midwood,Boro Zone,0.0,1.0,0.0,1.0,0.0,,223,0.0,223,Latest chronological test-window forecast
2025-05-31 17:00:00,18,159,166,Manhattan,Morningside Heights,Boro Zone,48.085,33.0,55.0,15.085,-6.915,-12.57,41,0.0845,41,Latest chronological test-window forecast
2025-05-31 17:00:00,18,160,167,Bronx,Morrisania/Melrose,Boro Zone,1.644,3.0,2.0,1.356,-0.356,-17.8,106,0.0029,107,Latest chronological test-window forecast
2025-05-31 17:00:00,18,161,168,Bronx,Mott Haven/Port Morris,Boro Zone,2.525,8.0,3.0,5.475,-0.475,-15.83,96,0.0044,94,Latest chronological test-window forecast
2025-05-31 17:00:00,18,162,169,Bronx,Mount Hope,Boro Zone,0.764,2.0,1.0,1.236,-0.236,-23.6,121,0.0013,142,Latest chronological test-window forecast
2025-05-31 17:00:00,18,163,170,Manhattan,Murray Hill,Yellow Zone,222.293,214.0,254.0,8.293,-31.707,-12.48,7,0.3907,6,Latest chronological test-window forecast
2025-05-31 17:00:00,18,164,171,Queens,Murray Hill-Queens,Boro Zone,0.0,0.0,0.0,0.0,0.0,,224,0.0,224,Latest chronological test-window forecast
2025-05-31 17:00:00,18,165,172,Staten Island,New Dorp/Midland Beach,Boro Zone,0.0,0.0,0.0,0.0,0.0,,225,0.0,225,Latest chronological test-window forecast
2025-05-31 17:00:00,18,166,173,Queens,North Corona,Boro Zone,0.0,2.0,0.0,2.0,0.0,,226,0.0,226,Latest chronological test-window forecast
2025-05-31 17:00:00,18,167,174,Bronx,Norwood,Boro Zone,2.528,1.0,3.0,1.528,-0.472,-15.73,93,0.0044,95,Latest chronological test-window forecast
2025-05-31 17:00:00,18,168,175,Queens,Oakland Gardens,Boro Zone,0.0,1.0,0.0,1.0,0.0,,227,0.0,227,Latest chronological test-window forecast
2025-05-31 17:00:00,18,169,176,Staten Island,Oakwood,Boro Zone,0.0,0.0,0.0,0.0,0.0,,228,0.0,228,Latest chronological test-window forecast
2025-05-31 17:00:00,18,170,177,Brooklyn,Ocean Hill,Boro Zone,2.519,1.0,3.0,1.519,-0.481,-16.03,97,0.0044,96,Latest chronological test-window forecast
2025-05-31 17:00:00,18,171,178,Brooklyn,Ocean Parkway South,Boro Zone,0.0,1.0,0.0,1.0,0.0,,229,0.0,229,Latest chronological test-window forecast
2025-05-31 17:00:00,18,172,179,Queens,Old Astoria,Boro Zone,2.509,6.0,3.0,3.491,-0.491,-16.37,98,0.0044,97,Latest chronological test-window forecast
2025-05-31 17:00:00,18,173,180,Queens,Ozone Park,Boro Zone,0.0,1.0,0.0,1.0,0.0,,230,0.0,230,Latest chronological test-window forecast
2025-05-31 17:00:00,18,174,181,Brooklyn,Park Slope,Boro Zone,6.031,11.0,7.0,4.969,-0.969,-13.84,69,0.0106,69,Latest chronological test-window forecast
2025-05-31 17:00:00,18,175,182,Bronx,Parkchester,Boro Zone,0.0,1.0,0.0,1.0,0.0,,231,0.0,231,Latest chronological test-window forecast
2025-05-31 17:00:00,18,176,183,Bronx,Pelham Bay,Boro Zone,0.762,1.0,1.0,0.238,-0.238,-23.8,142,0.0013,143,Latest chronological test-window forecast
2025-05-31 17:00:00,18,177,184,Bronx,Pelham Bay Park,Boro Zone,0.0,0.0,0.0,0.0,0.0,,232,0.0,232,Latest chronological test-window forecast
2025-05-31 17:00:00,18,178,185,Bronx,Pelham Parkway,Boro Zone,0.763,0.0,1.0,0.763,-0.237,-23.7,134,0.0013,144,Latest chronological test-window forecast
2025-05-31 17:00:00,18,179,186,Manhattan,Penn Station/Madison Sq West,Yellow Zone,190.838,207.0,218.0,16.162,-27.162,-12.46,11,0.3354,11,Latest chronological test-window forecast
2025-05-31 17:00:00,18,180,187,Staten Island,Port Richmond,Boro Zone,0.0,0.0,0.0,0.0,0.0,,233,0.0,233,Latest chronological test-window forecast
2025-05-31 17:00:00,18,181,188,Brooklyn,Prospect-Lefferts Gardens,Boro Zone,5.161,8.0,6.0,2.839,-0.839,-13.98,72,0.0091,75,Latest chronological test-window forecast
2025-05-31 17:00:00,18,182,189,Brooklyn,Prospect Heights,Boro Zone,1.637,13.0,2.0,11.363,-0.363,-18.15,109,0.0029,108,Latest chronological test-window forecast
2025-05-31 17:00:00,18,183,190,Brooklyn,Prospect Park,Boro Zone,0.0,1.0,0.0,1.0,0.0,,234,0.0,234,Latest chronological test-window forecast
2025-05-31 17:00:00,18,184,191,Queens,Queens Village,Boro Zone,0.0,1.0,0.0,1.0,0.0,,235,0.0,235,Latest chronological test-window forecast
2025-05-31 17:00:00,18,185,192,Queens,Queensboro Hill,Boro Zone,0.0,0.0,0.0,0.0,0.0,,236,0.0,236,Latest chronological test-window forecast
2025-05-31 17:00:00,18,186,193,Queens,Queensbridge/Ravenswood,Boro Zone,1.631,4.0,2.0,2.369,-0.369,-18.45,110,0.0029,109,Latest chronological test-window forecast
2025-05-31 17:00:00,18,187,194,Manhattan,Randalls Island,Yellow Zone,0.0,0.0,0.0,0.0,0.0,,237,0.0,237,Latest chronological test-window forecast
2025-05-31 17:00:00,18,188,195,Brooklyn,Red Hook,Boro Zone,0.755,6.0,1.0,5.245,-0.245,-24.5,156,0.0013,145,Latest chronological test-window forecast
2025-05-31 17:00:00,18,189,196,Queens,Rego Park,Boro Zone,0.0,3.0,0.0,3.0,0.0,,238,0.0,238,Latest chronological test-window forecast
2025-05-31 17:00:00,18,190,197,Queens,Richmond Hill,Boro Zone,0.764,5.0,1.0,4.236,-0.236,-23.6,122,0.0013,146,Latest chronological test-window forecast
2025-05-31 17:00:00,18,191,198,Queens,Ridgewood,Boro Zone,0.759,5.0,1.0,4.241,-0.241,-24.1,151,0.0013,147,Latest chronological test-window forecast
2025-05-31 17:00:00,18,192,200,Bronx,Riverdale/North Riverdale/Fieldston,Boro Zone,0.752,1.0,1.0,0.248,-0.248,-24.8,161,0.0013,148,Latest chronological test-window forecast
2025-05-31 17:00:00,18,193,201,Queens,Rockaway Park,Boro Zone,0.762,0.0,1.0,0.762,-0.238,-23.8,143,0.0013,149,Latest chronological test-window forecast
2025-05-31 17:00:00,18,194,202,Manhattan,Roosevelt Island,Boro Zone,0.753,0.0,1.0,0.753,-0.247,-24.7,158,0.0013,150,Latest chronological test-window forecast
2025-05-31 17:00:00,18,195,203,Queens,Rosedale,Boro Zone,0.762,1.0,1.0,0.238,-0.238,-23.8,144,0.0013,151,Latest chronological test-window forecast
2025-05-31 17:00:00,18,196,204,Staten Island,Rossville/Woodrow,Boro Zone,0.0,0.0,0.0,0.0,0.0,,239,0.0,239,Latest chronological test-window forecast
2025-05-31 17:00:00,18,197,205,Queens,Saint Albans,Boro Zone,0.764,3.0,1.0,2.236,-0.236,-23.6,123,0.0013,152,Latest chronological test-window forecast
2025-05-31 17:00:00,18,198,206,Staten Island,Saint George/New Brighton,Boro Zone,0.0,0.0,0.0,0.0,0.0,,240,0.0,240,Latest chronological test-window forecast
2025-05-31 17:00:00,18,199,207,Queens,Saint Michaels Cemetery/Woodside,Boro Zone,0.753,1.0,1.0,0.247,-0.247,-24.7,159,0.0013,153,Latest chronological test-window forecast
2025-05-31 17:00:00,18,200,208,Bronx,Schuylerville/Edgewater Park,Boro Zone,0.0,0.0,0.0,0.0,0.0,,241,0.0,241,Latest chronological test-window forecast
2025-05-31 17:00:00,18,201,209,Manhattan,Seaport,Yellow Zone,18.264,15.0,21.0,3.264,-2.736,-13.03,54,0.0321,54,Latest chronological test-window forecast
2025-05-31 17:00:00,18,202,210,Brooklyn,Sheepshead Bay,Boro Zone,0.769,3.0,1.0,2.231,-0.231,-23.1,113,0.0014,113,Latest chronological test-window forecast
2025-05-31 17:00:00,18,203,211,Manhattan,SoHo,Yellow Zone,45.42,118.0,52.0,72.58,-6.58,-12.65,43,0.0798,43,Latest chronological test-window forecast
2025-05-31 17:00:00,18,204,212,Bronx,Soundview/Bruckner,Boro Zone,0.0,1.0,0.0,1.0,0.0,,242,0.0,242,Latest chronological test-window forecast
2025-05-31 17:00:00,18,205,213,Bronx,Soundview/Castle Hill,Boro Zone,1.646,8.0,2.0,6.354,-0.354,-17.7,101,0.0029,110,Latest chronological test-window forecast
2025-05-31 17:00:00,18,206,214,Staten Island,South Beach/Dongan Hills,Boro Zone,0.0,0.0,0.0,0.0,0.0,,243,0.0,243,Latest chronological test-window forecast
2025-05-31 17:00:00,18,207,215,Queens,South Jamaica,Boro Zone,2.532,3.0,3.0,0.468,-0.468,-15.6,90,0.0044,98,Latest chronological test-window forecast
2025-05-31 17:00:00,18,208,216,Queens,South Ozone Park,Boro Zone,0.763,11.0,1.0,10.237,-0.237,-23.7,135,0.0013,154,Latest chronological test-window forecast
2025-05-31 17:00:00,18,209,217,Brooklyn,South Williamsburg,Boro Zone,0.0,1.0,0.0,1.0,0.0,,244,0.0,244,Latest chronological test-window forecast
2025-05-31 17:00:00,18,210,218,Queens,Springfield Gardens North,Boro Zone,0.0,1.0,0.0,1.0,0.0,,245,0.0,245,Latest chronological test-window forecast
2025-05-31 17:00:00,18,211,219,Queens,Springfield Gardens South,Boro Zone,0.763,3.0,1.0,2.237,-0.237,-23.7,136,0.0013,155,Latest chronological test-window forecast
2025-05-31 17:00:00,18,212,220,Bronx,Spuyten Duyvil/Kingsbridge,Boro Zone,0.0,2.0,0.0,2.0,0.0,,246,0.0,246,Latest chronological test-window forecast
2025-05-31 17:00:00,18,213,221,Staten Island,Stapleton,Boro Zone,0.0,0.0,0.0,0.0,0.0,,247,0.0,247,Latest chronological test-window forecast
2025-05-31 17:00:00,18,214,222,Brooklyn,Starrett City,Boro Zone,0.0,0.0,0.0,0.0,0.0,,248,0.0,248,Latest chronological test-window forecast
2025-05-31 17:00:00,18,215,223,Queens,Steinway,Boro Zone,3.388,6.0,4.0,2.612,-0.612,-15.3,87,0.006,85,Latest chronological test-window forecast
2025-05-31 17:00:00,18,216,224,Manhattan,Stuy Town/Peter Cooper Village,Yellow Zone,12.137,17.0,14.0,4.863,-1.863,-13.31,56,0.0213,56,Latest chronological test-window forecast
2025-05-31 17:00:00,18,217,225,Brooklyn,Stuyvesant Heights,Boro Zone,4.274,10.0,5.0,5.726,-0.726,-14.52,80,0.0075,80,Latest chronological test-window forecast
2025-05-31 17:00:00,18,218,226,Queens,Sunnyside,Boro Zone,13.063,18.0,15.0,4.937,-1.937,-12.91,55,0.023,55,Latest chronological test-window forecast
2025-05-31 17:00:00,18,219,227,Brooklyn,Sunset Park East,Boro Zone,0.768,0.0,1.0,0.768,-0.232,-23.2,115,0.0013,156,Latest chronological test-window forecast
2025-05-31 17:00:00,18,220,228,Brooklyn,Sunset Park West,Boro Zone,2.529,8.0,3.0,5.471,-0.471,-15.7,91,0.0044,99,Latest chronological test-window forecast
2025-05-31 17:00:00,18,221,229,Manhattan,Sutton Place/Turtle Bay North,Yellow Zone,125.094,115.0,143.0,10.094,-17.906,-12.52,22,0.2198,22,Latest chronological test-window forecast
2025-05-31 17:00:00,18,222,230,Manhattan,Times Sq/Theatre District,Yellow Zone,191.634,230.0,219.0,38.366,-27.366,-12.5,10,0.3368,10,Latest chronological test-window forecast
2025-05-31 17:00:00,18,223,231,Manhattan,TriBeCa/Civic Center,Yellow Zone,91.813,105.0,105.0,13.187,-13.187,-12.56,28,0.1614,28,Latest chronological test-window forecast
2025-05-31 17:00:00,18,224,232,Manhattan,Two Bridges/Seward Park,Yellow Zone,10.384,18.0,12.0,7.616,-1.616,-13.47,59,0.0182,59,Latest chronological test-window forecast
2025-05-31 17:00:00,18,225,233,Manhattan,UN/Turtle Bay South,Yellow Zone,98.819,70.0,113.0,28.819,-14.181,-12.55,26,0.1737,26,Latest chronological test-window forecast
2025-05-31 17:00:00,18,226,234,Manhattan,Union Sq,Yellow Zone,183.817,197.0,210.0,13.183,-26.183,-12.47,13,0.3231,13,Latest chronological test-window forecast
2025-05-31 17:00:00,18,227,235,Bronx,University Heights/Morris Heights,Boro Zone,1.644,3.0,2.0,1.356,-0.356,-17.8,107,0.0029,111,Latest chronological test-window forecast
2025-05-31 17:00:00,18,228,236,Manhattan,Upper East Side North,Yellow Zone,371.136,354.0,424.0,17.136,-52.864,-12.47,2,0.6523,2,Latest chronological test-window forecast
2025-05-31 17:00:00,18,229,237,Manhattan,Upper East Side South,Yellow Zone,347.479,339.0,397.0,8.479,-49.521,-12.47,3,0.6107,3,Latest chronological test-window forecast
2025-05-31 17:00:00,18,230,238,Manhattan,Upper West Side North,Yellow Zone,152.251,137.0,174.0,15.251,-21.749,-12.5,18,0.2676,18,Latest chronological test-window forecast
2025-05-31 17:00:00,18,231,239,Manhattan,Upper West Side South,Yellow Zone,222.3,212.0,254.0,10.3,-31.7,-12.48,6,0.3907,7,Latest chronological test-window forecast
2025-05-31 17:00:00,18,232,240,Bronx,Van Cortlandt Park,Boro Zone,0.0,0.0,0.0,0.0,0.0,,249,0.0,249,Latest chronological test-window forecast
2025-05-31 17:00:00,18,233,241,Bronx,Van Cortlandt Village,Boro Zone,0.76,0.0,1.0,0.76,-0.24,-24.0,150,0.0013,157,Latest chronological test-window forecast
2025-05-31 17:00:00,18,234,242,Bronx,Van Nest/Morris Park,Boro Zone,0.764,1.0,1.0,0.236,-0.236,-23.6,124,0.0013,158,Latest chronological test-window forecast
2025-05-31 17:00:00,18,235,243,Manhattan,Washington Heights North,Boro Zone,3.393,3.0,4.0,0.393,-0.607,-15.18,86,0.006,86,Latest chronological test-window forecast
2025-05-31 17:00:00,18,236,244,Manhattan,Washington Heights South,Boro Zone,6.033,7.0,7.0,0.967,-0.967,-13.81,68,0.0106,70,Latest chronological test-window forecast
2025-05-31 17:00:00,18,237,245,Staten Island,West Brighton,Boro Zone,0.0,0.0,0.0,0.0,0.0,,250,0.0,250,Latest chronological test-window forecast
2025-05-31 17:00:00,18,238,246,Manhattan,West Chelsea/Hudson Yards,Yellow Zone,149.669,180.0,171.0,30.331,-21.331,-12.47,19,0.263,19,Latest chronological test-window forecast
2025-05-31 17:00:00,18,239,247,Bronx,West Concourse,Boro Zone,3.404,5.0,4.0,1.596,-0.596,-14.9,84,0.006,87,Latest chronological test-window forecast
2025-05-31 17:00:00,18,240,248,Bronx,West Farms/Bronx River,Boro Zone,0.762,3.0,1.0,2.238,-0.238,-23.8,145,0.0013,159,Latest chronological test-window forecast
2025-05-31 17:00:00,18,241,249,Manhattan,West Village,Yellow Zone,83.98,150.0,96.0,66.02,-12.02,-12.52,32,0.1476,32,Latest chronological test-window forecast
2025-05-31 17:00:00,18,242,250,Bronx,Westchester Village/Unionport,Boro Zone,0.0,0.0,0.0,0.0,0.0,,251,0.0,251,Latest chronological test-window forecast
2025-05-31 17:00:00,18,243,251,Staten Island,Westerleigh,Boro Zone,0.0,0.0,0.0,0.0,0.0,,252,0.0,252,Latest chronological test-window forecast
2025-05-31 17:00:00,18,244,252,Queens,Whitestone,Boro Zone,0.0,0.0,0.0,0.0,0.0,,253,0.0,253,Latest chronological test-window forecast
2025-05-31 17:00:00,18,245,253,Queens,Willets Point,Boro Zone,0.0,0.0,0.0,0.0,0.0,,254,0.0,254,Latest chronological test-window forecast
2025-05-31 17:00:00,18,246,254,Bronx,Williamsbridge/Olinville,Boro Zone,0.764,0.0,1.0,0.764,-0.236,-23.6,125,0.0013,160,Latest chronological test-window forecast
2025-05-31 17:00:00,18,247,255,Brooklyn,Williamsburg (North Side),Boro Zone,6.017,15.0,7.0,8.983,-0.983,-14.04,71,0.0106,71,Latest chronological test-window forecast
2025-05-31 17:00:00,18,248,256,Brooklyn,Williamsburg (South Side),Boro Zone,2.508,12.0,3.0,9.492,-0.492,-16.4,99,0.0044,100,Latest chronological test-window forecast
2025-05-31 17:00:00,18,249,257,Brooklyn,Windsor Terrace,Boro Zone,0.0,1.0,0.0,1.0,0.0,,255,0.0,255,Latest chronological test-window forecast
2025-05-31 17:00:00,18,250,258,Queens,Woodhaven,Boro Zone,0.763,2.0,1.0,1.237,-0.237,-23.7,137,0.0013,161,Latest chronological test-window forecast
2025-05-31 17:00:00,18,251,259,Bronx,Woodlawn/Wakefield,Boro Zone,0.0,0.0,0.0,0.0,0.0,,256,0.0,256,Latest chronological test-window forecast
2025-05-31 17:00:00,18,252,260,Queens,Woodside,Boro Zone,0.757,8.0,1.0,7.243,-0.243,-24.3,154,0.0013,162,Latest chronological test-window forecast
2025-05-31 17:00:00,18,253,261,Manhattan,World Trade Center,Yellow Zone,31.398,51.0,36.0,19.602,-4.602,-12.78,46,0.0552,46,Latest chronological test-window forecast
2025-05-31 17:00:00,18,254,262,Manhattan,Yorkville East,Yellow Zone,94.44,100.0,108.0,5.56,-13.56,-12.56,27,0.166,27,Latest chronological test-window forecast
2025-05-31 17:00:00,18,255,263,Manhattan,Yorkville West,Yellow Zone,134.752,166.0,154.0,31.248,-19.248,-12.5,21,0.2368,21,Latest chronological test-window forecast
2025-05-31 18:00:00,19,0,1,EWR,Newark Airport,EWR,0.0,0.0,0.0,0.0,0.0,,165,0.0,165,Latest chronological test-window forecast
2025-05-31 18:00:00,19,1,2,Queens,Jamaica Bay,Boro Zone,0.0,0.0,0.0,0.0,0.0,,166,0.0,166,Latest chronological test-window forecast
2025-05-31 18:00:00,19,2,3,Bronx,Allerton/Pelham Gardens,Boro Zone,0.0,3.0,0.0,3.0,0.0,,167,0.0,167,Latest chronological test-window forecast
2025-05-31 18:00:00,19,3,4,Manhattan,Alphabet City,Yellow Zone,10.438,19.0,12.0,8.562,-1.562,-13.02,59,0.0177,59,Latest chronological test-window forecast
2025-05-31 18:00:00,19,4,6,Staten Island,Arrochar/Fort Wadsworth,Boro Zone,0.771,0.0,1.0,0.771,-0.229,-22.9,143,0.0013,111,Latest chronological test-window forecast
2025-05-31 18:00:00,19,5,7,Queens,Astoria,Boro Zone,3.42,26.0,4.0,22.58,-0.58,-14.5,76,0.0058,72,Latest chronological test-window forecast
2025-05-31 18:00:00,19,6,8,Queens,Astoria Park,Boro Zone,0.0,0.0,0.0,0.0,0.0,,168,0.0,168,Latest chronological test-window forecast
2025-05-31 18:00:00,19,7,9,Queens,Auburndale,Boro Zone,0.0,3.0,0.0,3.0,0.0,,169,0.0,169,Latest chronological test-window forecast
2025-05-31 18:00:00,19,8,10,Queens,Baisley Park,Boro Zone,0.769,8.0,1.0,7.231,-0.231,-23.1,148,0.0013,112,Latest chronological test-window forecast
2025-05-31 18:00:00,19,9,11,Brooklyn,Bath Beach,Boro Zone,0.0,0.0,0.0,0.0,0.0,,170,0.0,170,Latest chronological test-window forecast
2025-05-31 18:00:00,19,10,12,Manhattan,Battery Park,Yellow Zone,2.519,8.0,3.0,5.481,-0.481,-16.03,96,0.0043,86,Latest chronological test-window forecast
2025-05-31 18:00:00,19,11,13,Manhattan,Battery Park City,Yellow Zone,64.106,60.0,73.0,4.106,-8.894,-12.18,39,0.1088,39,Latest chronological test-window forecast
2025-05-31 18:00:00,19,12,14,Brooklyn,Bay Ridge,Boro Zone,1.662,2.0,2.0,0.338,-0.338,-16.9,97,0.0028,97,Latest chronological test-window forecast
2025-05-31 18:00:00,19,13,15,Queens,Bay Terrace/Fort Totten,Boro Zone,0.0,1.0,0.0,1.0,0.0,,171,0.0,171,Latest chronological test-window forecast
2025-05-31 18:00:00,19,14,16,Queens,Bayside,Boro Zone,0.0,2.0,0.0,2.0,0.0,,172,0.0,172,Latest chronological test-window forecast
2025-05-31 18:00:00,19,15,17,Brooklyn,Bedford,Boro Zone,7.841,15.0,9.0,7.159,-1.159,-12.88,62,0.0133,62,Latest chronological test-window forecast
2025-05-31 18:00:00,19,16,18,Bronx,Bedford Park,Boro Zone,1.658,3.0,2.0,1.342,-0.342,-17.1,102,0.0028,98,Latest chronological test-window forecast
2025-05-31 18:00:00,19,17,19,Queens,Bellerose,Boro Zone,0.0,0.0,0.0,0.0,0.0,,173,0.0,173,Latest chronological test-window forecast
2025-05-31 18:00:00,19,18,20,Bronx,Belmont,Boro Zone,0.0,0.0,0.0,0.0,0.0,,174,0.0,174,Latest chronological test-window forecast
2025-05-31 18:00:00,19,19,21,Brooklyn,Bensonhurst East,Boro Zone,0.0,0.0,0.0,0.0,0.0,,175,0.0,175,Latest chronological test-window forecast
2025-05-31 18:00:00,19,20,22,Brooklyn,Bensonhurst West,Boro Zone,0.779,3.0,1.0,2.221,-0.221,-22.1,113,0.0013,113,Latest chronological test-window forecast
2025-05-31 18:00:00,19,21,23,Staten Island,Bloomfield/Emerson Hill,Boro Zone,0.0,0.0,0.0,0.0,0.0,,176,0.0,176,Latest chronological test-window forecast
2025-05-31 18:00:00,19,22,24,Manhattan,Bloomingdale,Yellow Zone,13.083,29.0,15.0,15.917,-1.917,-12.78,56,0.0222,56,Latest chronological test-window forecast
2025-05-31 18:00:00,19,23,25,Brooklyn,Boerum Hill,Boro Zone,6.951,13.0,8.0,6.049,-1.049,-13.11,65,0.0118,65,Latest chronological test-window forecast
2025-05-31 18:00:00,19,24,26,Brooklyn,Borough Park,Boro Zone,0.776,0.0,1.0,0.776,-0.224,-22.4,120,0.0013,114,Latest chronological test-window forecast
2025-05-31 18:00:00,19,25,27,Queens,Breezy Point/Fort Tilden/Riis Beach,Boro Zone,0.0,0.0,0.0,0.0,0.0,,177,0.0,177,Latest chronological test-window forecast
2025-05-31 18:00:00,19,26,28,Queens,Briarwood/Jamaica Hills,Boro Zone,0.773,5.0,1.0,4.227,-0.227,-22.7,130,0.0013,115,Latest chronological test-window forecast
2025-05-31 18:00:00,19,27,29,Brooklyn,Brighton Beach,Boro Zone,0.779,0.0,1.0,0.779,-0.221,-22.1,114,0.0013,116,Latest chronological test-window forecast
2025-05-31 18:00:00,19,28,30,Queens,Broad Channel,Boro Zone,0.0,0.0,0.0,0.0,0.0,,178,0.0,178,Latest chronological test-window forecast
2025-05-31 18:00:00,19,29,31,Bronx,Bronx Park,Boro Zone,0.767,0.0,1.0,0.767,-0.233,-23.3,151,0.0013,117,Latest chronological test-window forecast
2025-05-31 18:00:00,19,30,32,Bronx,Bronxdale,Boro Zone,0.774,2.0,1.0,1.226,-0.226,-22.6,124,0.0013,118,Latest chronological test-window forecast
2025-05-31 18:00:00,19,31,33,Brooklyn,Brooklyn Heights,Boro Zone,5.165,15.0,6.0,9.835,-0.835,-13.92,71,0.0088,68,Latest chronological test-window forecast
2025-05-31 18:00:00,19,32,34,Brooklyn,Brooklyn Navy Yard,Boro Zone,0.762,1.0,1.0,0.238,-0.238,-23.8,159,0.0013,119,Latest chronological test-window forecast
2025-05-31 18:00:00,19,33,35,Brooklyn,Brownsville,Boro Zone,2.544,2.0,3.0,0.544,-0.456,-15.2,88,0.0043,87,Latest chronological test-window forecast
2025-05-31 18:00:00,19,34,36,Brooklyn,Bushwick North,Boro Zone,0.767,17.0,1.0,16.233,-0.233,-23.3,152,0.0013,120,Latest chronological test-window forecast
2025-05-31 18:00:00,19,35,37,Brooklyn,Bushwick South,Boro Zone,2.533,11.0,3.0,8.467,-0.467,-15.57,95,0.0043,88,Latest chronological test-window forecast
2025-05-31 18:00:00,19,36,38,Queens,Cambria Heights,Boro Zone,0.0,1.0,0.0,1.0,0.0,,179,0.0,179,Latest chronological test-window forecast
2025-05-31 18:00:00,19,37,39,Brooklyn,Canarsie,Boro Zone,3.43,3.0,4.0,0.43,-0.57,-14.25,73,0.0058,73,Latest chronological test-window forecast
2025-05-31 18:00:00,19,38,40,Brooklyn,Carroll Gardens,Boro Zone,3.406,3.0,4.0,0.406,-0.594,-14.85,84,0.0058,74,Latest chronological test-window forecast
2025-05-31 18:00:00,19,39,41,Manhattan,Central Harlem,Boro Zone,29.026,45.0,33.0,15.974,-3.974,-12.04,48,0.0493,48,Latest chronological test-window forecast
2025-05-31 18:00:00,19,40,42,Manhattan,Central Harlem North,Boro Zone,9.611,28.0,11.0,18.389,-1.389,-12.63,61,0.0163,61,Latest chronological test-window forecast
2025-05-31 18:00:00,19,41,43,Manhattan,Central Park,Yellow Zone,95.779,116.0,109.0,20.221,-13.221,-12.13,31,0.1625,31,Latest chronological test-window forecast
2025-05-31 18:00:00,19,42,44,Staten Island,Charleston/Tottenville,Boro Zone,0.0,0.0,0.0,0.0,0.0,,180,0.0,180,Latest chronological test-window forecast
2025-05-31 18:00:00,19,43,45,Manhattan,Chinatown,Yellow Zone,14.84,27.0,17.0,12.16,-2.16,-12.71,53,0.0252,53,Latest chronological test-window forecast
2025-05-31 18:00:00,19,44,46,Bronx,City Island,Boro Zone,0.0,0.0,0.0,0.0,0.0,,181,0.0,181,Latest chronological test-window forecast
2025-05-31 18:00:00,19,45,47,Bronx,Claremont/Bathgate,Boro Zone,0.0,1.0,0.0,1.0,0.0,,182,0.0,182,Latest chronological test-window forecast
2025-05-31 18:00:00,19,46,48,Manhattan,Clinton East,Yellow Zone,145.086,195.0,165.0,49.914,-19.914,-12.07,18,0.2462,18,Latest chronological test-window forecast
2025-05-31 18:00:00,19,47,49,Brooklyn,Clinton Hill,Boro Zone,3.414,9.0,4.0,5.586,-0.586,-14.65,79,0.0058,75,Latest chronological test-window forecast
2025-05-31 18:00:00,19,48,50,Manhattan,Clinton West,Yellow Zone,37.71,45.0,43.0,7.29,-5.29,-12.3,44,0.064,44,Latest chronological test-window forecast
2025-05-31 18:00:00,19,49,51,Bronx,Co-Op City,Boro Zone,0.774,4.0,1.0,3.226,-0.226,-22.6,125,0.0013,121,Latest chronological test-window forecast
2025-05-31 18:00:00,19,50,52,Brooklyn,Cobble Hill,Boro Zone,1.643,2.0,2.0,0.357,-0.357,-17.85,109,0.0028,99,Latest chronological test-window forecast
2025-05-31 18:00:00,19,51,53,Queens,College Point,Boro Zone,0.0,2.0,0.0,2.0,0.0,,183,0.0,183,Latest chronological test-window forecast
2025-05-31 18:00:00,19,52,54,Brooklyn,Columbia Street,Boro Zone,0.76,3.0,1.0,2.24,-0.24,-24.0,164,0.0013,122,Latest chronological test-window forecast
2025-05-31 18:00:00,19,53,55,Brooklyn,Coney Island,Boro Zone,0.778,1.0,1.0,0.222,-0.222,-22.2,115,0.0013,123,Latest chronological test-window forecast
2025-05-31 18:00:00,19,54,56,Queens,Corona,Boro Zone,0.772,3.0,1.0,2.228,-0.228,-22.8,136,0.0013,124,Latest chronological test-window forecast
2025-05-31 18:00:00,19,55,57,Queens,Corona,Boro Zone,0.0,0.0,0.0,0.0,0.0,,184,0.0,184,Latest chronological test-window forecast
2025-05-31 18:00:00,19,56,58,Bronx,Country Club,Boro Zone,0.0,0.0,0.0,0.0,0.0,,185,0.0,185,Latest chronological test-window forecast
2025-05-31 18:00:00,19,57,59,Bronx,Crotona Park,Boro Zone,0.0,0.0,0.0,0.0,0.0,,186,0.0,186,Latest chronological test-window forecast
2025-05-31 18:00:00,19,58,60,Bronx,Crotona Park East,Boro Zone,0.0,1.0,0.0,1.0,0.0,,187,0.0,187,Latest chronological test-window forecast
2025-05-31 18:00:00,19,59,61,Brooklyn,Crown Heights North,Boro Zone,5.187,20.0,6.0,14.813,-0.813,-13.55,69,0.0088,69,Latest chronological test-window forecast
2025-05-31 18:00:00,19,60,62,Brooklyn,Crown Heights South,Boro Zone,0.77,5.0,1.0,4.23,-0.23,-23.0,146,0.0013,125,Latest chronological test-window forecast
2025-05-31 18:00:00,19,61,63,Brooklyn,Cypress Hills,Boro Zone,0.771,2.0,1.0,1.229,-0.229,-22.9,144,0.0013,126,Latest chronological test-window forecast
2025-05-31 18:00:00,19,62,64,Queens,Douglaston,Boro Zone,0.0,0.0,0.0,0.0,0.0,,188,0.0,188,Latest chronological test-window forecast
2025-05-31 18:00:00,19,63,65,Brooklyn,Downtown Brooklyn/MetroTech,Boro Zone,12.209,13.0,14.0,0.791,-1.791,-12.79,57,0.0207,57,Latest chronological test-window forecast
2025-05-31 18:00:00,19,64,66,Brooklyn,DUMBO/Vinegar Hill,Boro Zone,3.399,18.0,4.0,14.601,-0.601,-15.02,85,0.0058,76,Latest chronological test-window forecast
2025-05-31 18:00:00,19,65,67,Brooklyn,Dyker Heights,Boro Zone,0.775,0.0,1.0,0.775,-0.225,-22.5,121,0.0013,127,Latest chronological test-window forecast
2025-05-31 18:00:00,19,66,68,Manhattan,East Chelsea,Yellow Zone,181.989,199.0,207.0,17.011,-25.011,-12.08,16,0.3088,16,Latest chronological test-window forecast
2025-05-31 18:00:00,19,67,69,Bronx,East Concourse/Concourse Village,Boro Zone,1.659,3.0,2.0,1.341,-0.341,-17.05,100,0.0028,100,Latest chronological test-window forecast
2025-05-31 18:00:00,19,68,70,Queens,East Elmhurst,Boro Zone,19.242,18.0,22.0,1.242,-2.758,-12.54,50,0.0327,50,Latest chronological test-window forecast
2025-05-31 18:00:00,19,69,71,Brooklyn,East Flatbush/Farragut,Boro Zone,0.771,3.0,1.0,2.229,-0.229,-22.9,145,0.0013,128,Latest chronological test-window forecast
2025-05-31 18:00:00,19,70,72,Brooklyn,East Flatbush/Remsen Village,Boro Zone,3.428,3.0,4.0,0.428,-0.572,-14.3,75,0.0058,77,Latest chronological test-window forecast
2025-05-31 18:00:00,19,71,73,Queens,East Flushing,Boro Zone,0.775,0.0,1.0,0.775,-0.225,-22.5,122,0.0013,129,Latest chronological test-window forecast
2025-05-31 18:00:00,19,72,74,Manhattan,East Harlem North,Boro Zone,23.727,32.0,27.0,8.273,-3.273,-12.12,49,0.0403,49,Latest chronological test-window forecast
2025-05-31 18:00:00,19,73,75,Manhattan,East Harlem South,Boro Zone,51.035,46.0,58.0,5.035,-6.965,-12.01,42,0.0866,42,Latest chronological test-window forecast
2025-05-31 18:00:00,19,74,76,Brooklyn,East New York,Boro Zone,2.542,9.0,3.0,6.458,-0.458,-15.27,90,0.0043,89,Latest chronological test-window forecast
2025-05-31 18:00:00,19,75,77,Brooklyn,East New York/Pennsylvania Avenue,Boro Zone,2.541,2.0,3.0,0.541,-0.459,-15.3,91,0.0043,90,Latest chronological test-window forecast
2025-05-31 18:00:00,19,76,78,Bronx,East Tremont,Boro Zone,0.773,1.0,1.0,0.227,-0.227,-22.7,131,0.0013,130,Latest chronological test-window forecast
2025-05-31 18:00:00,19,77,79,Manhattan,East Village,Yellow Zone,116.882,212.0,133.0,95.118,-16.118,-12.12,26,0.1983,26,Latest chronological test-window forecast
2025-05-31 18:00:00,19,78,80,Brooklyn,East Williamsburg,Boro Zone,3.411,9.0,4.0,5.589,-0.589,-14.72,81,0.0058,78,Latest chronological test-window forecast
2025-05-31 18:00:00,19,79,81,Bronx,Eastchester,Boro Zone,0.0,1.0,0.0,1.0,0.0,,189,0.0,189,Latest chronological test-window forecast
2025-05-31 18:00:00,19,80,82,Queens,Elmhurst,Boro Zone,0.0,8.0,0.0,8.0,0.0,,190,0.0,190,Latest chronological test-window forecast
2025-05-31 18:00:00,19,81,83,Queens,Elmhurst/Maspeth,Boro Zone,1.651,3.0,2.0,1.349,-0.349,-17.45,107,0.0028,101,Latest chronological test-window forecast
2025-05-31 18:00:00,19,82,84,Staten Island,Eltingville/Annadale/Prince's Bay,Boro Zone,0.0,0.0,0.0,0.0,0.0,,191,0.0,191,Latest chronological test-window forecast
2025-05-31 18:00:00,19,83,85,Brooklyn,Erasmus,Boro Zone,0.77,5.0,1.0,4.23,-0.23,-23.0,147,0.0013,131,Latest chronological test-window forecast
2025-05-31 18:00:00,19,84,86,Queens,Far Rockaway,Boro Zone,0.0,3.0,0.0,3.0,0.0,,192,0.0,192,Latest chronological test-window forecast
2025-05-31 18:00:00,19,85,87,Manhattan,Financial District North,Yellow Zone,58.823,74.0,67.0,15.177,-8.177,-12.2,40,0.0998,40,Latest chronological test-window forecast
2025-05-31 18:00:00,19,86,88,Manhattan,Financial District South,Yellow Zone,17.475,29.0,20.0,11.525,-2.525,-12.63,51,0.0297,51,Latest chronological test-window forecast
2025-05-31 18:00:00,19,87,89,Brooklyn,Flatbush/Ditmas Park,Boro Zone,0.773,6.0,1.0,5.227,-0.227,-22.7,132,0.0013,132,Latest chronological test-window forecast
2025-05-31 18:00:00,19,88,90,Manhattan,Flatiron,Yellow Zone,112.499,152.0,128.0,39.501,-15.501,-12.11,28,0.1909,28,Latest chronological test-window forecast
2025-05-31 18:00:00,19,89,91,Brooklyn,Flatlands,Boro Zone,0.773,5.0,1.0,4.227,-0.227,-22.7,133,0.0013,133,Latest chronological test-window forecast
2025-05-31 18:00:00,19,90,92,Queens,Flushing,Boro Zone,0.0,5.0,0.0,5.0,0.0,,193,0.0,193,Latest chronological test-window forecast
2025-05-31 18:00:00,19,91,93,Queens,Flushing Meadows-Corona Park,Boro Zone,1.641,7.0,2.0,5.359,-0.359,-17.95,110,0.0028,102,Latest chronological test-window forecast
2025-05-31 18:00:00,19,92,94,Bronx,Fordham South,Boro Zone,0.0,1.0,0.0,1.0,0.0,,194,0.0,194,Latest chronological test-window forecast
2025-05-31 18:00:00,19,93,95,Queens,Forest Hills,Boro Zone,1.659,6.0,2.0,4.341,-0.341,-17.05,101,0.0028,103,Latest chronological test-window forecast
2025-05-31 18:00:00,19,94,96,Queens,Forest Park/Highland Park,Boro Zone,0.0,1.0,0.0,1.0,0.0,,195,0.0,195,Latest chronological test-window forecast
2025-05-31 18:00:00,19,95,97,Brooklyn,Fort Greene,Boro Zone,3.412,15.0,4.0,11.588,-0.588,-14.7,80,0.0058,79,Latest chronological test-window forecast
2025-05-31 18:00:00,19,96,98,Queens,Fresh Meadows,Boro Zone,0.0,1.0,0.0,1.0,0.0,,196,0.0,196,Latest chronological test-window forecast
2025-05-31 18:00:00,19,97,100,Manhattan,Garment District,Yellow Zone,77.302,107.0,88.0,29.698,-10.698,-12.16,34,0.1312,34,Latest chronological test-window forecast
2025-05-31 18:00:00,19,98,101,Queens,Glen Oaks,Boro Zone,0.0,0.0,0.0,0.0,0.0,,197,0.0,197,Latest chronological test-window forecast
2025-05-31 18:00:00,19,99,102,Queens,Glendale,Boro Zone,0.0,1.0,0.0,1.0,0.0,,198,0.0,198,Latest chronological test-window forecast
2025-05-31 18:00:00,19,100,106,Brooklyn,Gowanus,Boro Zone,1.658,1.0,2.0,0.658,-0.342,-17.1,103,0.0028,104,Latest chronological test-window forecast
2025-05-31 18:00:00,19,101,107,Manhattan,Gramercy,Yellow Zone,135.359,174.0,154.0,38.641,-18.641,-12.1,24,0.2297,24,Latest chronological test-window forecast
2025-05-31 18:00:00,19,102,108,Brooklyn,Gravesend,Boro Zone,0.778,1.0,1.0,0.222,-0.222,-22.2,116,0.0013,134,Latest chronological test-window forecast
2025-05-31 18:00:00,19,103,109,Staten Island,Great Kills,Boro Zone,0.0,0.0,0.0,0.0,0.0,,199,0.0,199,Latest chronological test-window forecast
2025-05-31 18:00:00,19,104,111,Brooklyn,Green-Wood Cemetery,Boro Zone,0.0,0.0,0.0,0.0,0.0,,200,0.0,200,Latest chronological test-window forecast
2025-05-31 18:00:00,19,105,112,Brooklyn,Greenpoint,Boro Zone,7.817,18.0,9.0,10.183,-1.183,-13.14,64,0.0133,63,Latest chronological test-window forecast
2025-05-31 18:00:00,19,106,113,Manhattan,Greenwich Village North,Yellow Zone,96.653,128.0,110.0,31.347,-13.347,-12.13,30,0.164,30,Latest chronological test-window forecast
2025-05-31 18:00:00,19,107,114,Manhattan,Greenwich Village South,Yellow Zone,69.392,135.0,79.0,65.608,-9.608,-12.16,38,0.1178,38,Latest chronological test-window forecast
2025-05-31 18:00:00,19,108,115,Staten Island,Grymes Hill/Clifton,Boro Zone,0.0,0.0,0.0,0.0,0.0,,201,0.0,201,Latest chronological test-window forecast
2025-05-31 18:00:00,19,109,116,Manhattan,Hamilton Heights,Boro Zone,13.999,13.0,16.0,0.999,-2.001,-12.51,54,0.0238,54,Latest chronological test-window forecast
2025-05-31 18:00:00,19,110,117,Queens,Hammels/Arverne,Boro Zone,0.0,1.0,0.0,1.0,0.0,,202,0.0,202,Latest chronological test-window forecast
2025-05-31 18:00:00,19,111,118,Staten Island,Heartland Village/Todt Hill,Boro Zone,0.0,0.0,0.0,0.0,0.0,,203,0.0,203,Latest chronological test-window forecast
2025-05-31 18:00:00,19,112,119,Bronx,Highbridge,Boro Zone,0.0,0.0,0.0,0.0,0.0,,204,0.0,204,Latest chronological test-window forecast
2025-05-31 18:00:00,19,113,120,Manhattan,Highbridge Park,Boro Zone,0.0,1.0,0.0,1.0,0.0,,205,0.0,205,Latest chronological test-window forecast
2025-05-31 18:00:00,19,114,121,Queens,Hillcrest/Pomonok,Boro Zone,0.0,0.0,0.0,0.0,0.0,,206,0.0,206,Latest chronological test-window forecast
2025-05-31 18:00:00,19,115,122,Queens,Hollis,Boro Zone,0.0,2.0,0.0,2.0,0.0,,207,0.0,207,Latest chronological test-window forecast
2025-05-31 18:00:00,19,116,123,Brooklyn,Homecrest,Boro Zone,0.781,1.0,1.0,0.219,-0.219,-21.9,111,0.0013,135,Latest chronological test-window forecast
2025-05-31 18:00:00,19,117,124,Queens,Howard Beach,Boro Zone,0.0,1.0,0.0,1.0,0.0,,208,0.0,208,Latest chronological test-window forecast
2025-05-31 18:00:00,19,118,125,Manhattan,Hudson Sq,Yellow Zone,30.679,50.0,35.0,19.321,-4.321,-12.35,47,0.0521,47,Latest chronological test-window forecast
2025-05-31 18:00:00,19,119,126,Bronx,Hunts Point,Boro Zone,0.0,1.0,0.0,1.0,0.0,,209,0.0,209,Latest chronological test-window forecast
2025-05-31 18:00:00,19,120,127,Manhattan,Inwood,Boro Zone,0.767,4.0,1.0,3.233,-0.233,-23.3,153,0.0013,136,Latest chronological test-window forecast
2025-05-31 18:00:00,19,121,128,Manhattan,Inwood Hill Park,Boro Zone,0.0,0.0,0.0,0.0,0.0,,210,0.0,210,Latest chronological test-window forecast
2025-05-31 18:00:00,19,122,129,Queens,Jackson Heights,Boro Zone,2.539,16.0,3.0,13.461,-0.461,-15.37,92,0.0043,91,Latest chronological test-window forecast
2025-05-31 18:00:00,19,123,130,Queens,Jamaica,Boro Zone,2.546,12.0,3.0,9.454,-0.454,-15.13,87,0.0043,92,Latest chronological test-window forecast
2025-05-31 18:00:00,19,124,131,Queens,Jamaica Estates,Boro Zone,0.777,1.0,1.0,0.223,-0.223,-22.3,119,0.0013,137,Latest chronological test-window forecast
2025-05-31 18:00:00,19,125,132,Queens,JFK Airport,Airports,254.587,288.0,289.0,33.413,-34.413,-11.91,4,0.432,4,Latest chronological test-window forecast
2025-05-31 18:00:00,19,126,133,Brooklyn,Kensington,Boro Zone,0.0,3.0,0.0,3.0,0.0,,211,0.0,211,Latest chronological test-window forecast
2025-05-31 18:00:00,19,127,134,Queens,Kew Gardens,Boro Zone,0.772,3.0,1.0,2.228,-0.228,-22.8,137,0.0013,138,Latest chronological test-window forecast
2025-05-31 18:00:00,19,128,135,Queens,Kew Gardens Hills,Boro Zone,0.0,4.0,0.0,4.0,0.0,,212,0.0,212,Latest chronological test-window forecast
2025-05-31 18:00:00,19,129,136,Bronx,Kingsbridge Heights,Boro Zone,0.0,1.0,0.0,1.0,0.0,,213,0.0,213,Latest chronological test-window forecast
2025-05-31 18:00:00,19,130,137,Manhattan,Kips Bay,Yellow Zone,87.88,85.0,100.0,2.88,-12.12,-12.12,32,0.1491,32,Latest chronological test-window forecast
2025-05-31 18:00:00,19,131,138,Queens,LaGuardia Airport,Airports,208.475,120.0,237.0,88.475,-28.525,-12.04,10,0.3538,10,Latest chronological test-window forecast
2025-05-31 18:00:00,19,132,139,Queens,Laurelton,Boro Zone,0.0,1.0,0.0,1.0,0.0,,214,0.0,214,Latest chronological test-window forecast
2025-05-31 18:00:00,19,133,140,Manhattan,Lenox Hill East,Yellow Zone,149.628,103.0,170.0,46.628,-20.372,-11.98,17,0.2539,17,Latest chronological test-window forecast
2025-05-31 18:00:00,19,134,141,Manhattan,Lenox Hill West,Yellow Zone,209.274,176.0,238.0,33.274,-28.726,-12.07,9,0.3551,9,Latest chronological test-window forecast
2025-05-31 18:00:00,19,135,142,Manhattan,Lincoln Square East,Yellow Zone,206.652,270.0,235.0,63.348,-28.348,-12.06,11,0.3507,11,Latest chronological test-window forecast
2025-05-31 18:00:00,19,136,143,Manhattan,Lincoln Square West,Yellow Zone,82.58,81.0,94.0,1.58,-11.42,-12.15,33,0.1401,33,Latest chronological test-window forecast
2025-05-31 18:00:00,19,137,144,Manhattan,Little Italy/NoLiTa,Yellow Zone,70.266,155.0,80.0,84.734,-9.734,-12.17,37,0.1192,36,Latest chronological test-window forecast
2025-05-31 18:00:00,19,138,145,Queens,Long Island City/Hunters Point,Boro Zone,3.411,17.0,4.0,13.589,-0.589,-14.72,82,0.0058,80,Latest chronological test-window forecast
2025-05-31 18:00:00,19,139,146,Queens,Long Island City/Queens Plaza,Boro Zone,0.762,8.0,1.0,7.238,-0.238,-23.8,160,0.0013,139,Latest chronological test-window forecast
2025-05-31 18:00:00,19,140,147,Bronx,Longwood,Boro Zone,0.772,0.0,1.0,0.772,-0.228,-22.8,138,0.0013,140,Latest chronological test-window forecast
2025-05-31 18:00:00,19,141,148,Manhattan,Lower East Side,Yellow Zone,53.542,72.0,61.0,18.458,-7.458,-12.23,41,0.0909,41,Latest chronological test-window forecast
2025-05-31 18:00:00,19,142,149,Brooklyn,Madison,Boro Zone,0.0,2.0,0.0,2.0,0.0,,215,0.0,215,Latest chronological test-window forecast
2025-05-31 18:00:00,19,143,150,Brooklyn,Manhattan Beach,Boro Zone,0.78,1.0,1.0,0.22,-0.22,-22.0,112,0.0013,141,Latest chronological test-window forecast
2025-05-31 18:00:00,19,144,151,Manhattan,Manhattan Valley,Yellow Zone,72.926,81.0,83.0,8.074,-10.074,-12.14,35,0.1238,35,Latest chronological test-window forecast
2025-05-31 18:00:00,19,145,152,Manhattan,Manhattanville,Boro Zone,3.407,14.0,4.0,10.593,-0.593,-14.82,83,0.0058,81,Latest chronological test-window forecast
2025-05-31 18:00:00,19,146,153,Manhattan,Marble Hill,Boro Zone,0.0,1.0,0.0,1.0,0.0,,216,0.0,216,Latest chronological test-window forecast
2025-05-31 18:00:00,19,147,154,Brooklyn,Marine Park/Floyd Bennett Field,Boro Zone,0.773,0.0,1.0,0.773,-0.227,-22.7,134,0.0013,142,Latest chronological test-window forecast
2025-05-31 18:00:00,19,148,155,Brooklyn,Marine Park/Mill Basin,Boro Zone,0.774,0.0,1.0,0.774,-0.226,-22.6,126,0.0013,143,Latest chronological test-window forecast
2025-05-31 18:00:00,19,149,156,Staten Island,Mariners Harbor,Boro Zone,0.0,0.0,0.0,0.0,0.0,,217,0.0,217,Latest chronological test-window forecast
2025-05-31 18:00:00,19,150,157,Queens,Maspeth,Boro Zone,0.767,2.0,1.0,1.233,-0.233,-23.3,154,0.0013,144,Latest chronological test-window forecast
2025-05-31 18:00:00,19,151,158,Manhattan,Meatpacking/West Village West,Yellow Zone,70.271,107.0,80.0,36.729,-9.729,-12.16,36,0.1192,37,Latest chronological test-window forecast
2025-05-31 18:00:00,19,152,159,Bronx,Melrose South,Boro Zone,1.658,6.0,2.0,4.342,-0.342,-17.1,104,0.0028,105,Latest chronological test-window forecast
2025-05-31 18:00:00,19,153,160,Queens,Middle Village,Boro Zone,0.0,4.0,0.0,4.0,0.0,,218,0.0,218,Latest chronological test-window forecast
2025-05-31 18:00:00,19,154,161,Manhattan,Midtown Center,Yellow Zone,412.493,343.0,469.0,69.493,-56.507,-12.05,1,0.7,1,Latest chronological test-window forecast
2025-05-31 18:00:00,19,155,162,Manhattan,Midtown East,Yellow Zone,239.175,187.0,272.0,52.175,-32.825,-12.07,5,0.4059,5,Latest chronological test-window forecast
2025-05-31 18:00:00,19,156,163,Manhattan,Midtown North,Yellow Zone,236.544,232.0,269.0,4.544,-32.456,-12.07,6,0.4014,6,Latest chronological test-window forecast
2025-05-31 18:00:00,19,157,164,Manhattan,Midtown South,Yellow Zone,182.867,178.0,208.0,4.867,-25.133,-12.08,15,0.3103,15,Latest chronological test-window forecast
2025-05-31 18:00:00,19,158,165,Brooklyn,Midwood,Boro Zone,0.778,1.0,1.0,0.222,-0.222,-22.2,117,0.0013,145,Latest chronological test-window forecast
2025-05-31 18:00:00,19,159,166,Manhattan,Morningside Heights,Boro Zone,36.884,42.0,42.0,5.116,-5.116,-12.18,45,0.0626,45,Latest chronological test-window forecast
2025-05-31 18:00:00,19,160,167,Bronx,Morrisania/Melrose,Boro Zone,0.772,0.0,1.0,0.772,-0.228,-22.8,139,0.0013,146,Latest chronological test-window forecast
2025-05-31 18:00:00,19,161,168,Bronx,Mott Haven/Port Morris,Boro Zone,3.43,2.0,4.0,1.43,-0.57,-14.25,74,0.0058,82,Latest chronological test-window forecast
2025-05-31 18:00:00,19,162,169,Bronx,Mount Hope,Boro Zone,0.0,4.0,0.0,4.0,0.0,,219,0.0,219,Latest chronological test-window forecast
2025-05-31 18:00:00,19,163,170,Manhattan,Murray Hill,Yellow Zone,233.893,221.0,266.0,12.893,-32.107,-12.07,7,0.3969,7,Latest chronological test-window forecast
2025-05-31 18:00:00,19,164,171,Queens,Murray Hill-Queens,Boro Zone,0.0,2.0,0.0,2.0,0.0,,220,0.0,220,Latest chronological test-window forecast
2025-05-31 18:00:00,19,165,172,Staten Island,New Dorp/Midland Beach,Boro Zone,0.0,0.0,0.0,0.0,0.0,,221,0.0,221,Latest chronological test-window forecast
2025-05-31 18:00:00,19,166,173,Queens,North Corona,Boro Zone,0.0,1.0,0.0,1.0,0.0,,222,0.0,222,Latest chronological test-window forecast
2025-05-31 18:00:00,19,167,174,Bronx,Norwood,Boro Zone,0.774,2.0,1.0,1.226,-0.226,-22.6,127,0.0013,147,Latest chronological test-window forecast
2025-05-31 18:00:00,19,168,175,Queens,Oakland Gardens,Boro Zone,0.0,0.0,0.0,0.0,0.0,,223,0.0,223,Latest chronological test-window forecast
2025-05-31 18:00:00,19,169,176,Staten Island,Oakwood,Boro Zone,0.0,0.0,0.0,0.0,0.0,,224,0.0,224,Latest chronological test-window forecast
2025-05-31 18:00:00,19,170,177,Brooklyn,Ocean Hill,Boro Zone,2.538,5.0,3.0,2.462,-0.462,-15.4,93,0.0043,93,Latest chronological test-window forecast
2025-05-31 18:00:00,19,171,178,Brooklyn,Ocean Parkway South,Boro Zone,0.0,0.0,0.0,0.0,0.0,,225,0.0,225,Latest chronological test-window forecast
2025-05-31 18:00:00,19,172,179,Queens,Old Astoria,Boro Zone,1.646,6.0,2.0,4.354,-0.354,-17.7,108,0.0028,106,Latest chronological test-window forecast
2025-05-31 18:00:00,19,173,180,Queens,Ozone Park,Boro Zone,0.773,2.0,1.0,1.227,-0.227,-22.7,135,0.0013,148,Latest chronological test-window forecast
2025-05-31 18:00:00,19,174,181,Brooklyn,Park Slope,Boro Zone,6.951,13.0,8.0,6.049,-1.049,-13.11,66,0.0118,66,Latest chronological test-window forecast
2025-05-31 18:00:00,19,175,182,Bronx,Parkchester,Boro Zone,0.0,1.0,0.0,1.0,0.0,,226,0.0,226,Latest chronological test-window forecast
2025-05-31 18:00:00,19,176,183,Bronx,Pelham Bay,Boro Zone,0.772,0.0,1.0,0.772,-0.228,-22.8,140,0.0013,149,Latest chronological test-window forecast
2025-05-31 18:00:00,19,177,184,Bronx,Pelham Bay Park,Boro Zone,0.0,0.0,0.0,0.0,0.0,,227,0.0,227,Latest chronological test-window forecast
2025-05-31 18:00:00,19,178,185,Bronx,Pelham Parkway,Boro Zone,0.772,0.0,1.0,0.772,-0.228,-22.8,141,0.0013,150,Latest chronological test-window forecast
2025-05-31 18:00:00,19,179,186,Manhattan,Penn Station/Madison Sq West,Yellow Zone,211.065,245.0,240.0,33.935,-28.935,-12.06,8,0.3582,8,Latest chronological test-window forecast
2025-05-31 18:00:00,19,180,187,Staten Island,Port Richmond,Boro Zone,0.0,0.0,0.0,0.0,0.0,,228,0.0,228,Latest chronological test-window forecast
2025-05-31 18:00:00,19,181,188,Brooklyn,Prospect-Lefferts Gardens,Boro Zone,5.194,10.0,6.0,4.806,-0.806,-13.43,68,0.0088,70,Latest chronological test-window forecast
2025-05-31 18:00:00,19,182,189,Brooklyn,Prospect Heights,Boro Zone,2.535,6.0,3.0,3.465,-0.465,-15.5,94,0.0043,94,Latest chronological test-window forecast
2025-05-31 18:00:00,19,183,190,Brooklyn,Prospect Park,Boro Zone,0.0,1.0,0.0,1.0,0.0,,229,0.0,229,Latest chronological test-window forecast
2025-05-31 18:00:00,19,184,191,Queens,Queens Village,Boro Zone,2.552,3.0,3.0,0.448,-0.448,-14.93,86,0.0043,95,Latest chronological test-window forecast
2025-05-31 18:00:00,19,185,192,Queens,Queensboro Hill,Boro Zone,0.0,0.0,0.0,0.0,0.0,,230,0.0,230,Latest chronological test-window forecast
2025-05-31 18:00:00,19,186,193,Queens,Queensbridge/Ravenswood,Boro Zone,0.763,6.0,1.0,5.237,-0.237,-23.7,157,0.0013,151,Latest chronological test-window forecast
2025-05-31 18:00:00,19,187,194,Manhattan,Randalls Island,Yellow Zone,0.762,0.0,1.0,0.762,-0.238,-23.8,161,0.0013,152,Latest chronological test-window forecast
2025-05-31 18:00:00,19,188,195,Brooklyn,Red Hook,Boro Zone,0.0,2.0,0.0,2.0,0.0,,231,0.0,231,Latest chronological test-window forecast
2025-05-31 18:00:00,19,189,196,Queens,Rego Park,Boro Zone,1.657,7.0,2.0,5.343,-0.343,-17.15,105,0.0028,107,Latest chronological test-window forecast
2025-05-31 18:00:00,19,190,197,Queens,Richmond Hill,Boro Zone,1.66,7.0,2.0,5.34,-0.34,-17.0,98,0.0028,108,Latest chronological test-window forecast
2025-05-31 18:00:00,19,191,198,Queens,Ridgewood,Boro Zone,1.652,4.0,2.0,2.348,-0.348,-17.4,106,0.0028,109,Latest chronological test-window forecast
2025-05-31 18:00:00,19,192,200,Bronx,Riverdale/North Riverdale/Fieldston,Boro Zone,0.0,1.0,0.0,1.0,0.0,,232,0.0,232,Latest chronological test-window forecast
2025-05-31 18:00:00,19,193,201,Queens,Rockaway Park,Boro Zone,0.0,0.0,0.0,0.0,0.0,,233,0.0,233,Latest chronological test-window forecast
2025-05-31 18:00:00,19,194,202,Manhattan,Roosevelt Island,Boro Zone,0.762,1.0,1.0,0.238,-0.238,-23.8,162,0.0013,153,Latest chronological test-window forecast
2025-05-31 18:00:00,19,195,203,Queens,Rosedale,Boro Zone,0.0,0.0,0.0,0.0,0.0,,234,0.0,234,Latest chronological test-window forecast
2025-05-31 18:00:00,19,196,204,Staten Island,Rossville/Woodrow,Boro Zone,0.0,0.0,0.0,0.0,0.0,,235,0.0,235,Latest chronological test-window forecast
2025-05-31 18:00:00,19,197,205,Queens,Saint Albans,Boro Zone,0.774,3.0,1.0,2.226,-0.226,-22.6,128,0.0013,154,Latest chronological test-window forecast
2025-05-31 18:00:00,19,198,206,Staten Island,Saint George/New Brighton,Boro Zone,0.0,0.0,0.0,0.0,0.0,,236,0.0,236,Latest chronological test-window forecast
2025-05-31 18:00:00,19,199,207,Queens,Saint Michaels Cemetery/Woodside,Boro Zone,0.762,0.0,1.0,0.762,-0.238,-23.8,163,0.0013,155,Latest chronological test-window forecast
2025-05-31 18:00:00,19,200,208,Bronx,Schuylerville/Edgewater Park,Boro Zone,1.66,0.0,2.0,1.66,-0.34,-17.0,99,0.0028,110,Latest chronological test-window forecast
2025-05-31 18:00:00,19,201,209,Manhattan,Seaport,Yellow Zone,13.955,18.0,16.0,4.045,-2.045,-12.78,55,0.0237,55,Latest chronological test-window forecast
2025-05-31 18:00:00,19,202,210,Brooklyn,Sheepshead Bay,Boro Zone,0.0,1.0,0.0,1.0,0.0,,237,0.0,237,Latest chronological test-window forecast
2025-05-31 18:00:00,19,203,211,Manhattan,SoHo,Yellow Zone,42.112,121.0,48.0,78.888,-5.888,-12.27,43,0.0715,43,Latest chronological test-window forecast
2025-05-31 18:00:00,19,204,212,Bronx,Soundview/Bruckner,Boro Zone,0.0,2.0,0.0,2.0,0.0,,238,0.0,238,Latest chronological test-window forecast
2025-05-31 18:00:00,19,205,213,Bronx,Soundview/Castle Hill,Boro Zone,0.0,2.0,0.0,2.0,0.0,,239,0.0,239,Latest chronological test-window forecast
2025-05-31 18:00:00,19,206,214,Staten Island,South Beach/Dongan Hills,Boro Zone,0.0,0.0,0.0,0.0,0.0,,240,0.0,240,Latest chronological test-window forecast
2025-05-31 18:00:00,19,207,215,Queens,South Jamaica,Boro Zone,0.0,8.0,0.0,8.0,0.0,,241,0.0,241,Latest chronological test-window forecast
2025-05-31 18:00:00,19,208,216,Queens,South Ozone Park,Boro Zone,3.433,12.0,4.0,8.567,-0.567,-14.17,72,0.0058,83,Latest chronological test-window forecast
2025-05-31 18:00:00,19,209,217,Brooklyn,South Williamsburg,Boro Zone,0.767,1.0,1.0,0.233,-0.233,-23.3,155,0.0013,156,Latest chronological test-window forecast
2025-05-31 18:00:00,19,210,218,Queens,Springfield Gardens North,Boro Zone,0.775,3.0,1.0,2.225,-0.225,-22.5,123,0.0013,157,Latest chronological test-window forecast
2025-05-31 18:00:00,19,211,219,Queens,Springfield Gardens South,Boro Zone,0.0,3.0,0.0,3.0,0.0,,242,0.0,242,Latest chronological test-window forecast
2025-05-31 18:00:00,19,212,220,Bronx,Spuyten Duyvil/Kingsbridge,Boro Zone,0.768,1.0,1.0,0.232,-0.232,-23.2,149,0.0013,158,Latest chronological test-window forecast
2025-05-31 18:00:00,19,213,221,Staten Island,Stapleton,Boro Zone,0.0,0.0,0.0,0.0,0.0,,243,0.0,243,Latest chronological test-window forecast
2025-05-31 18:00:00,19,214,222,Brooklyn,Starrett City,Boro Zone,0.0,1.0,0.0,1.0,0.0,,244,0.0,244,Latest chronological test-window forecast
2025-05-31 18:00:00,19,215,223,Queens,Steinway,Boro Zone,0.764,3.0,1.0,2.236,-0.236,-23.6,156,0.0013,159,Latest chronological test-window forecast
2025-05-31 18:00:00,19,216,224,Manhattan,Stuy Town/Peter Cooper Village,Yellow Zone,10.438,16.0,12.0,5.562,-1.562,-13.02,60,0.0177,60,Latest chronological test-window forecast
2025-05-31 18:00:00,19,217,225,Brooklyn,Stuyvesant Heights,Boro Zone,6.069,13.0,7.0,6.931,-0.931,-13.3,67,0.0103,67,Latest chronological test-window forecast
2025-05-31 18:00:00,19,218,226,Queens,Sunnyside,Boro Zone,7.836,16.0,9.0,8.164,-1.164,-12.93,63,0.0133,64,Latest chronological test-window forecast
2025-05-31 18:00:00,19,219,227,Brooklyn,Sunset Park East,Boro Zone,0.778,1.0,1.0,0.222,-0.222,-22.2,118,0.0013,160,Latest chronological test-window forecast
2025-05-31 18:00:00,19,220,228,Brooklyn,Sunset Park West,Boro Zone,0.774,6.0,1.0,5.226,-0.226,-22.6,129,0.0013,161,Latest chronological test-window forecast
2025-05-31 18:00:00,19,221,229,Manhattan,Sutton Place/Turtle Bay North,Yellow Zone,137.125,159.0,156.0,21.875,-18.875,-12.1,22,0.2327,22,Latest chronological test-window forecast
2025-05-31 18:00:00,19,222,230,Manhattan,Times Sq/Theatre District,Yellow Zone,191.67,194.0,218.0,2.33,-26.33,-12.08,13,0.3253,13,Latest chronological test-window forecast
2025-05-31 18:00:00,19,223,231,Manhattan,TriBeCa/Civic Center,Yellow Zone,112.486,130.0,128.0,17.514,-15.514,-12.12,29,0.1909,29,Latest chronological test-window forecast
2025-05-31 18:00:00,19,224,232,Manhattan,Two Bridges/Seward Park,Yellow Zone,12.196,28.0,14.0,15.804,-1.804,-12.89,58,0.0207,58,Latest chronological test-window forecast
2025-05-31 18:00:00,19,225,233,Manhattan,UN/Turtle Bay South,Yellow Zone,136.243,106.0,155.0,30.243,-18.757,-12.1,23,0.2312,23,Latest chronological test-window forecast
2025-05-31 18:00:00,19,226,234,Manhattan,Union Sq,Yellow Zone,196.974,206.0,224.0,9.026,-27.026,-12.07,12,0.3343,12,Latest chronological test-window forecast
2025-05-31 18:00:00,19,227,235,Bronx,University Heights/Morris Heights,Boro Zone,0.772,1.0,1.0,0.228,-0.228,-22.8,142,0.0013,162,Latest chronological test-window forecast
2025-05-31 18:00:00,19,228,236,Manhattan,Upper East Side North,Yellow Zone,317.518,353.0,361.0,35.482,-43.482,-12.04,3,0.5388,3,Latest chronological test-window forecast
2025-05-31 18:00:00,19,229,237,Manhattan,Upper East Side South,Yellow Zone,357.084,312.0,406.0,45.084,-48.916,-12.05,2,0.606,2,Latest chronological test-window forecast
2025-05-31 18:00:00,19,230,238,Manhattan,Upper West Side North,Yellow Zone,137.171,152.0,156.0,14.829,-18.829,-12.07,21,0.2328,21,Latest chronological test-window forecast
2025-05-31 18:00:00,19,231,239,Manhattan,Upper West Side South,Yellow Zone,189.961,225.0,216.0,35.039,-26.039,-12.06,14,0.3224,14,Latest chronological test-window forecast
2025-05-31 18:00:00,19,232,240,Bronx,Van Cortlandt Park,Boro Zone,0.0,0.0,0.0,0.0,0.0,,245,0.0,245,Latest chronological test-window forecast
2025-05-31 18:00:00,19,233,241,Bronx,Van Cortlandt Village,Boro Zone,0.0,1.0,0.0,1.0,0.0,,246,0.0,246,Latest chronological test-window forecast
2025-05-31 18:00:00,19,234,242,Bronx,Van Nest/Morris Park,Boro Zone,0.0,0.0,0.0,0.0,0.0,,247,0.0,247,Latest chronological test-window forecast
2025-05-31 18:00:00,19,235,243,Manhattan,Washington Heights North,Boro Zone,3.417,7.0,4.0,3.583,-0.583,-14.58,77,0.0058,84,Latest chronological test-window forecast
2025-05-31 18:00:00,19,236,244,Manhattan,Washington Heights South,Boro Zone,16.677,11.0,19.0,5.677,-2.323,-12.23,52,0.0283,52,Latest chronological test-window forecast
2025-05-31 18:00:00,19,237,245,Staten Island,West Brighton,Boro Zone,0.0,0.0,0.0,0.0,0.0,,248,0.0,248,Latest chronological test-window forecast
2025-05-31 18:00:00,19,238,246,Manhattan,West Chelsea/Hudson Yards,Yellow Zone,145.073,213.0,165.0,67.927,-19.927,-12.08,19,0.2462,19,Latest chronological test-window forecast
2025-05-31 18:00:00,19,239,247,Bronx,West Concourse,Boro Zone,2.543,2.0,3.0,0.543,-0.457,-15.23,89,0.0043,96,Latest chronological test-window forecast
2025-05-31 18:00:00,19,240,248,Bronx,West Farms/Bronx River,Boro Zone,0.0,0.0,0.0,0.0,0.0,,249,0.0,249,Latest chronological test-window forecast
2025-05-31 18:00:00,19,241,249,Manhattan,West Village,Yellow Zone,115.159,210.0,131.0,94.841,-15.841,-12.09,27,0.1954,27,Latest chronological test-window forecast
2025-05-31 18:00:00,19,242,250,Bronx,Westchester Village/Unionport,Boro Zone,0.0,3.0,0.0,3.0,0.0,,250,0.0,250,Latest chronological test-window forecast
2025-05-31 18:00:00,19,243,251,Staten Island,Westerleigh,Boro Zone,0.0,0.0,0.0,0.0,0.0,,251,0.0,251,Latest chronological test-window forecast
2025-05-31 18:00:00,19,244,252,Queens,Whitestone,Boro Zone,0.0,1.0,0.0,1.0,0.0,,252,0.0,252,Latest chronological test-window forecast
2025-05-31 18:00:00,19,245,253,Queens,Willets Point,Boro Zone,0.0,0.0,0.0,0.0,0.0,,253,0.0,253,Latest chronological test-window forecast
2025-05-31 18:00:00,19,246,254,Bronx,Williamsbridge/Olinville,Boro Zone,0.0,2.0,0.0,2.0,0.0,,254,0.0,254,Latest chronological test-window forecast
2025-05-31 18:00:00,19,247,255,Brooklyn,Williamsburg (North Side),Boro Zone,0.763,31.0,1.0,30.237,-0.237,-23.7,158,0.0013,163,Latest chronological test-window forecast
2025-05-31 18:00:00,19,248,256,Brooklyn,Williamsburg (South Side),Boro Zone,5.17,12.0,6.0,6.83,-0.83,-13.83,70,0.0088,71,Latest chronological test-window forecast
2025-05-31 18:00:00,19,249,257,Brooklyn,Windsor Terrace,Boro Zone,0.768,0.0,1.0,0.768,-0.232,-23.2,150,0.0013,164,Latest chronological test-window forecast
2025-05-31 18:00:00,19,250,258,Queens,Woodhaven,Boro Zone,0.0,3.0,0.0,3.0,0.0,,255,0.0,255,Latest chronological test-window forecast
2025-05-31 18:00:00,19,251,259,Bronx,Woodlawn/Wakefield,Boro Zone,0.0,2.0,0.0,2.0,0.0,,256,0.0,256,Latest chronological test-window forecast
2025-05-31 18:00:00,19,252,260,Queens,Woodside,Boro Zone,3.416,8.0,4.0,4.584,-0.584,-14.6,78,0.0058,85,Latest chronological test-window forecast
2025-05-31 18:00:00,19,253,261,Manhattan,World Trade Center,Yellow Zone,33.309,64.0,38.0,30.691,-4.691,-12.34,46,0.0565,46,Latest chronological test-window forecast
2025-05-31 18:00:00,19,254,262,Manhattan,Yorkville East,Yellow Zone,120.411,115.0,137.0,5.411,-16.589,-12.11,25,0.2043,25,Latest chronological test-window forecast
2025-05-31 18:00:00,19,255,263,Manhattan,Yorkville West,Yellow Zone,140.709,180.0,160.0,39.291,-19.291,-12.06,20,0.2388,20,Latest chronological test-window forecast
2025-05-31 19:00:00,20,0,1,EWR,Newark Airport,EWR,0.764,0.0,1.0,0.764,-0.236,-23.6,163,0.0016,118,Latest chronological test-window forecast
2025-05-31 19:00:00,20,1,2,Queens,Jamaica Bay,Boro Zone,0.0,0.0,0.0,0.0,0.0,,165,0.0,165,Latest chronological test-window forecast
2025-05-31 19:00:00,20,2,3,Bronx,Allerton/Pelham Gardens,Boro Zone,0.0,1.0,0.0,1.0,0.0,,166,0.0,166,Latest chronological test-window forecast
2025-05-31 19:00:00,20,3,4,Manhattan,Alphabet City,Yellow Zone,14.87,39.0,17.0,24.13,-2.13,-12.53,54,0.0307,54,Latest chronological test-window forecast
2025-05-31 19:00:00,20,4,6,Staten Island,Arrochar/Fort Wadsworth,Boro Zone,0.0,0.0,0.0,0.0,0.0,,167,0.0,167,Latest chronological test-window forecast
2025-05-31 19:00:00,20,5,7,Queens,Astoria,Boro Zone,12.292,26.0,14.0,13.708,-1.708,-12.2,59,0.0254,59,Latest chronological test-window forecast
2025-05-31 19:00:00,20,6,8,Queens,Astoria Park,Boro Zone,0.0,0.0,0.0,0.0,0.0,,168,0.0,168,Latest chronological test-window forecast
2025-05-31 19:00:00,20,7,9,Queens,Auburndale,Boro Zone,0.0,0.0,0.0,0.0,0.0,,169,0.0,169,Latest chronological test-window forecast
2025-05-31 19:00:00,20,8,10,Queens,Baisley Park,Boro Zone,2.546,3.0,3.0,0.454,-0.454,-15.13,97,0.0053,91,Latest chronological test-window forecast
2025-05-31 19:00:00,20,9,11,Brooklyn,Bath Beach,Boro Zone,0.0,0.0,0.0,0.0,0.0,,170,0.0,170,Latest chronological test-window forecast
2025-05-31 19:00:00,20,10,12,Manhattan,Battery Park,Yellow Zone,0.0,5.0,0.0,5.0,0.0,,171,0.0,171,Latest chronological test-window forecast
2025-05-31 19:00:00,20,11,13,Manhattan,Battery Park City,Yellow Zone,61.605,63.0,70.0,1.395,-8.395,-11.99,41,0.1272,41,Latest chronological test-window forecast
2025-05-31 19:00:00,20,12,14,Brooklyn,Bay Ridge,Boro Zone,2.558,3.0,3.0,0.442,-0.442,-14.73,91,0.0053,92,Latest chronological test-window forecast
2025-05-31 19:00:00,20,13,15,Queens,Bay Terrace/Fort Totten,Boro Zone,0.0,3.0,0.0,3.0,0.0,,172,0.0,172,Latest chronological test-window forecast
2025-05-31 19:00:00,20,14,16,Queens,Bayside,Boro Zone,0.0,1.0,0.0,1.0,0.0,,173,0.0,173,Latest chronological test-window forecast
2025-05-31 19:00:00,20,15,17,Brooklyn,Bedford,Boro Zone,4.318,14.0,5.0,9.682,-0.682,-13.64,83,0.0089,82,Latest chronological test-window forecast
2025-05-31 19:00:00,20,16,18,Bronx,Bedford Park,Boro Zone,0.776,2.0,1.0,1.224,-0.224,-22.4,140,0.0016,119,Latest chronological test-window forecast
2025-05-31 19:00:00,20,17,19,Queens,Bellerose,Boro Zone,0.0,0.0,0.0,0.0,0.0,,174,0.0,174,Latest chronological test-window forecast
2025-05-31 19:00:00,20,18,20,Bronx,Belmont,Boro Zone,0.0,1.0,0.0,1.0,0.0,,175,0.0,175,Latest chronological test-window forecast
2025-05-31 19:00:00,20,19,21,Brooklyn,Bensonhurst East,Boro Zone,0.0,2.0,0.0,2.0,0.0,,176,0.0,176,Latest chronological test-window forecast
2025-05-31 19:00:00,20,20,22,Brooklyn,Bensonhurst West,Boro Zone,0.0,2.0,0.0,2.0,0.0,,177,0.0,177,Latest chronological test-window forecast
2025-05-31 19:00:00,20,21,23,Staten Island,Bloomfield/Emerson Hill,Boro Zone,0.0,0.0,0.0,0.0,0.0,,178,0.0,178,Latest chronological test-window forecast
2025-05-31 19:00:00,20,22,24,Manhattan,Bloomingdale,Yellow Zone,13.115,27.0,15.0,13.885,-1.885,-12.57,58,0.0271,58,Latest chronological test-window forecast
2025-05-31 19:00:00,20,23,25,Brooklyn,Boerum Hill,Boro Zone,10.513,15.0,12.0,4.487,-1.487,-12.39,64,0.0217,64,Latest chronological test-window forecast
2025-05-31 19:00:00,20,24,26,Brooklyn,Borough Park,Boro Zone,0.78,0.0,1.0,0.78,-0.22,-22.0,122,0.0016,120,Latest chronological test-window forecast
2025-05-31 19:00:00,20,25,27,Queens,Breezy Point/Fort Tilden/Riis Beach,Boro Zone,0.0,0.0,0.0,0.0,0.0,,179,0.0,179,Latest chronological test-window forecast
2025-05-31 19:00:00,20,26,28,Queens,Briarwood/Jamaica Hills,Boro Zone,0.777,4.0,1.0,3.223,-0.223,-22.3,133,0.0016,121,Latest chronological test-window forecast
2025-05-31 19:00:00,20,27,29,Brooklyn,Brighton Beach,Boro Zone,0.0,2.0,0.0,2.0,0.0,,180,0.0,180,Latest chronological test-window forecast
2025-05-31 19:00:00,20,28,30,Queens,Broad Channel,Boro Zone,0.0,0.0,0.0,0.0,0.0,,181,0.0,181,Latest chronological test-window forecast
2025-05-31 19:00:00,20,29,31,Bronx,Bronx Park,Boro Zone,0.771,0.0,1.0,0.771,-0.229,-22.9,157,0.0016,122,Latest chronological test-window forecast
2025-05-31 19:00:00,20,30,32,Bronx,Bronxdale,Boro Zone,0.778,0.0,1.0,0.778,-0.222,-22.2,128,0.0016,123,Latest chronological test-window forecast
2025-05-31 19:00:00,20,31,33,Brooklyn,Brooklyn Heights,Boro Zone,9.594,13.0,11.0,3.406,-1.406,-12.78,69,0.0198,69,Latest chronological test-window forecast
2025-05-31 19:00:00,20,32,34,Brooklyn,Brooklyn Navy Yard,Boro Zone,0.0,0.0,0.0,0.0,0.0,,182,0.0,182,Latest chronological test-window forecast
2025-05-31 19:00:00,20,33,35,Brooklyn,Brownsville,Boro Zone,0.776,4.0,1.0,3.224,-0.224,-22.4,141,0.0016,124,Latest chronological test-window forecast
2025-05-31 19:00:00,20,34,36,Brooklyn,Bushwick North,Boro Zone,1.657,16.0,2.0,14.343,-0.343,-17.15,116,0.0034,105,Latest chronological test-window forecast
2025-05-31 19:00:00,20,35,37,Brooklyn,Bushwick South,Boro Zone,8.741,8.0,10.0,0.741,-1.259,-12.59,70,0.018,70,Latest chronological test-window forecast
2025-05-31 19:00:00,20,36,38,Queens,Cambria Heights,Boro Zone,0.772,0.0,1.0,0.772,-0.228,-22.8,154,0.0016,125,Latest chronological test-window forecast
2025-05-31 19:00:00,20,37,39,Brooklyn,Canarsie,Boro Zone,1.665,3.0,2.0,1.335,-0.335,-16.75,107,0.0034,106,Latest chronological test-window forecast
2025-05-31 19:00:00,20,38,40,Brooklyn,Carroll Gardens,Boro Zone,0.766,3.0,1.0,2.234,-0.234,-23.4,160,0.0016,126,Latest chronological test-window forecast
2025-05-31 19:00:00,20,39,41,Manhattan,Central Harlem,Boro Zone,29.983,55.0,34.0,25.017,-4.017,-11.81,47,0.0619,47,Latest chronological test-window forecast
2025-05-31 19:00:00,20,40,42,Manhattan,Central Harlem North,Boro Zone,13.182,47.0,15.0,33.818,-1.818,-12.12,57,0.0272,57,Latest chronological test-window forecast
2025-05-31 19:00:00,20,41,43,Manhattan,Central Park,Yellow Zone,83.639,144.0,95.0,60.361,-11.361,-11.96,35,0.1727,33,Latest chronological test-window forecast
2025-05-31 19:00:00,20,42,44,Staten Island,Charleston/Tottenville,Boro Zone,0.0,0.0,0.0,0.0,0.0,,183,0.0,183,Latest chronological test-window forecast
2025-05-31 19:00:00,20,43,45,Manhattan,Chinatown,Yellow Zone,13.994,20.0,16.0,6.006,-2.006,-12.54,56,0.0289,56,Latest chronological test-window forecast
2025-05-31 19:00:00,20,44,46,Bronx,City Island,Boro Zone,0.0,0.0,0.0,0.0,0.0,,184,0.0,184,Latest chronological test-window forecast
2025-05-31 19:00:00,20,45,47,Bronx,Claremont/Bathgate,Boro Zone,1.663,0.0,2.0,1.663,-0.337,-16.85,110,0.0034,107,Latest chronological test-window forecast
2025-05-31 19:00:00,20,46,48,Manhattan,Clinton East,Yellow Zone,146.297,195.0,166.0,48.703,-19.703,-11.87,20,0.302,20,Latest chronological test-window forecast
2025-05-31 19:00:00,20,47,49,Brooklyn,Clinton Hill,Boro Zone,9.619,5.0,11.0,4.619,-1.381,-12.55,68,0.0199,68,Latest chronological test-window forecast
2025-05-31 19:00:00,20,48,50,Manhattan,Clinton West,Yellow Zone,46.608,57.0,53.0,10.392,-6.392,-12.06,45,0.0962,45,Latest chronological test-window forecast
2025-05-31 19:00:00,20,49,51,Bronx,Co-Op City,Boro Zone,0.0,2.0,0.0,2.0,0.0,,185,0.0,185,Latest chronological test-window forecast
2025-05-31 19:00:00,20,50,52,Brooklyn,Cobble Hill,Boro Zone,0.0,4.0,0.0,4.0,0.0,,186,0.0,186,Latest chronological test-window forecast
2025-05-31 19:00:00,20,51,53,Queens,College Point,Boro Zone,0.0,0.0,0.0,0.0,0.0,,187,0.0,187,Latest chronological test-window forecast
2025-05-31 19:00:00,20,52,54,Brooklyn,Columbia Street,Boro Zone,0.0,0.0,0.0,0.0,0.0,,188,0.0,188,Latest chronological test-window forecast
2025-05-31 19:00:00,20,53,55,Brooklyn,Coney Island,Boro Zone,1.673,1.0,2.0,0.673,-0.327,-16.35,104,0.0035,104,Latest chronological test-window forecast
2025-05-31 19:00:00,20,54,56,Queens,Corona,Boro Zone,0.776,2.0,1.0,1.224,-0.224,-22.4,142,0.0016,127,Latest chronological test-window forecast
2025-05-31 19:00:00,20,55,57,Queens,Corona,Boro Zone,0.0,1.0,0.0,1.0,0.0,,189,0.0,189,Latest chronological test-window forecast
2025-05-31 19:00:00,20,56,58,Bronx,Country Club,Boro Zone,0.0,1.0,0.0,1.0,0.0,,190,0.0,190,Latest chronological test-window forecast
2025-05-31 19:00:00,20,57,59,Bronx,Crotona Park,Boro Zone,0.0,0.0,0.0,0.0,0.0,,191,0.0,191,Latest chronological test-window forecast
2025-05-31 19:00:00,20,58,60,Bronx,Crotona Park East,Boro Zone,0.0,0.0,0.0,0.0,0.0,,192,0.0,192,Latest chronological test-window forecast
2025-05-31 19:00:00,20,59,61,Brooklyn,Crown Heights North,Boro Zone,6.089,20.0,7.0,13.911,-0.911,-13.01,76,0.0126,76,Latest chronological test-window forecast
2025-05-31 19:00:00,20,60,62,Brooklyn,Crown Heights South,Boro Zone,1.662,4.0,2.0,2.338,-0.338,-16.9,113,0.0034,108,Latest chronological test-window forecast
2025-05-31 19:00:00,20,61,63,Brooklyn,Cypress Hills,Boro Zone,1.662,0.0,2.0,1.662,-0.338,-16.9,114,0.0034,109,Latest chronological test-window forecast
2025-05-31 19:00:00,20,62,64,Queens,Douglaston,Boro Zone,0.0,0.0,0.0,0.0,0.0,,193,0.0,193,Latest chronological test-window forecast
2025-05-31 19:00:00,20,63,65,Brooklyn,Downtown Brooklyn/MetroTech,Boro Zone,10.475,11.0,12.0,0.525,-1.525,-12.71,67,0.0216,66,Latest chronological test-window forecast
2025-05-31 19:00:00,20,64,66,Brooklyn,DUMBO/Vinegar Hill,Boro Zone,6.053,23.0,7.0,16.947,-0.947,-13.53,78,0.0125,78,Latest chronological test-window forecast
2025-05-31 19:00:00,20,65,67,Brooklyn,Dyker Heights,Boro Zone,0.0,1.0,0.0,1.0,0.0,,194,0.0,194,Latest chronological test-window forecast
2025-05-31 19:00:00,20,66,68,Manhattan,East Chelsea,Yellow Zone,214.125,198.0,243.0,16.125,-28.875,-11.88,7,0.442,7,Latest chronological test-window forecast
2025-05-31 19:00:00,20,67,69,Bronx,East Concourse/Concourse Village,Boro Zone,0.0,5.0,0.0,5.0,0.0,,195,0.0,195,Latest chronological test-window forecast
2025-05-31 19:00:00,20,68,70,Queens,East Elmhurst,Boro Zone,7.821,19.0,9.0,11.179,-1.179,-13.1,74,0.0161,74,Latest chronological test-window forecast
2025-05-31 19:00:00,20,69,71,Brooklyn,East Flatbush/Farragut,Boro Zone,3.439,2.0,4.0,1.439,-0.561,-14.02,88,0.0071,85,Latest chronological test-window forecast
2025-05-31 19:00:00,20,70,72,Brooklyn,East Flatbush/Remsen Village,Boro Zone,1.663,6.0,2.0,4.337,-0.337,-16.85,111,0.0034,110,Latest chronological test-window forecast
2025-05-31 19:00:00,20,71,73,Queens,East Flushing,Boro Zone,0.0,0.0,0.0,0.0,0.0,,196,0.0,196,Latest chronological test-window forecast
2025-05-31 19:00:00,20,72,74,Manhattan,East Harlem North,Boro Zone,18.475,43.0,21.0,24.525,-2.525,-12.02,51,0.0381,51,Latest chronological test-window forecast
2025-05-31 19:00:00,20,73,75,Manhattan,East Harlem South,Boro Zone,58.231,55.0,66.0,3.231,-7.769,-11.77,42,0.1202,42,Latest chronological test-window forecast
2025-05-31 19:00:00,20,74,76,Brooklyn,East New York,Boro Zone,6.989,4.0,8.0,2.989,-1.011,-12.64,75,0.0144,75,Latest chronological test-window forecast
2025-05-31 19:00:00,20,75,77,Brooklyn,East New York/Pennsylvania Avenue,Boro Zone,0.0,4.0,0.0,4.0,0.0,,197,0.0,197,Latest chronological test-window forecast
2025-05-31 19:00:00,20,76,78,Bronx,East Tremont,Boro Zone,1.666,1.0,2.0,0.666,-0.334,-16.7,106,0.0034,111,Latest chronological test-window forecast
2025-05-31 19:00:00,20,77,79,Manhattan,East Village,Yellow Zone,153.282,293.0,174.0,139.718,-20.718,-11.91,17,0.3164,17,Latest chronological test-window forecast
2025-05-31 19:00:00,20,78,80,Brooklyn,East Williamsburg,Boro Zone,5.191,11.0,6.0,5.809,-0.809,-13.48,81,0.0107,81,Latest chronological test-window forecast
2025-05-31 19:00:00,20,79,81,Bronx,Eastchester,Boro Zone,0.0,1.0,0.0,1.0,0.0,,198,0.0,198,Latest chronological test-window forecast
2025-05-31 19:00:00,20,80,82,Queens,Elmhurst,Boro Zone,2.552,15.0,3.0,12.448,-0.448,-14.93,93,0.0053,93,Latest chronological test-window forecast
2025-05-31 19:00:00,20,81,83,Queens,Elmhurst/Maspeth,Boro Zone,0.772,3.0,1.0,2.228,-0.228,-22.8,155,0.0016,128,Latest chronological test-window forecast
2025-05-31 19:00:00,20,82,84,Staten Island,Eltingville/Annadale/Prince's Bay,Boro Zone,0.0,0.0,0.0,0.0,0.0,,199,0.0,199,Latest chronological test-window forecast
2025-05-31 19:00:00,20,83,85,Brooklyn,Erasmus,Boro Zone,2.548,4.0,3.0,1.452,-0.452,-15.07,95,0.0053,94,Latest chronological test-window forecast
2025-05-31 19:00:00,20,84,86,Queens,Far Rockaway,Boro Zone,0.0,0.0,0.0,0.0,0.0,,200,0.0,200,Latest chronological test-window forecast
2025-05-31 19:00:00,20,85,87,Manhattan,Financial District North,Yellow Zone,64.24,72.0,73.0,7.76,-8.76,-12.0,40,0.1326,40,Latest chronological test-window forecast
2025-05-31 19:00:00,20,86,88,Manhattan,Financial District South,Yellow Zone,21.922,30.0,25.0,8.078,-3.078,-12.31,50,0.0453,50,Latest chronological test-window forecast
2025-05-31 19:00:00,20,87,89,Brooklyn,Flatbush/Ditmas Park,Boro Zone,5.221,11.0,6.0,5.779,-0.779,-12.98,79,0.0108,79,Latest chronological test-window forecast
2025-05-31 19:00:00,20,88,90,Manhattan,Flatiron,Yellow Zone,106.562,158.0,121.0,51.438,-14.438,-11.93,28,0.22,28,Latest chronological test-window forecast
2025-05-31 19:00:00,20,89,91,Brooklyn,Flatlands,Boro Zone,2.555,8.0,3.0,5.445,-0.445,-14.83,92,0.0053,95,Latest chronological test-window forecast
2025-05-31 19:00:00,20,90,92,Queens,Flushing,Boro Zone,0.778,4.0,1.0,3.222,-0.222,-22.2,129,0.0016,129,Latest chronological test-window forecast
2025-05-31 19:00:00,20,91,93,Queens,Flushing Meadows-Corona Park,Boro Zone,0.765,15.0,1.0,14.235,-0.235,-23.5,161,0.0016,130,Latest chronological test-window forecast
2025-05-31 19:00:00,20,92,94,Bronx,Fordham South,Boro Zone,0.0,1.0,0.0,1.0,0.0,,201,0.0,201,Latest chronological test-window forecast
2025-05-31 19:00:00,20,93,95,Queens,Forest Hills,Boro Zone,1.665,4.0,2.0,2.335,-0.335,-16.75,108,0.0034,112,Latest chronological test-window forecast
2025-05-31 19:00:00,20,94,96,Queens,Forest Park/Highland Park,Boro Zone,0.0,0.0,0.0,0.0,0.0,,202,0.0,202,Latest chronological test-window forecast
2025-05-31 19:00:00,20,95,97,Brooklyn,Fort Greene,Boro Zone,7.846,13.0,9.0,5.154,-1.154,-12.82,72,0.0162,71,Latest chronological test-window forecast
2025-05-31 19:00:00,20,96,98,Queens,Fresh Meadows,Boro Zone,0.0,0.0,0.0,0.0,0.0,,203,0.0,203,Latest chronological test-window forecast
2025-05-31 19:00:00,20,97,100,Manhattan,Garment District,Yellow Zone,68.649,65.0,78.0,3.649,-9.351,-11.99,39,0.1417,39,Latest chronological test-window forecast
2025-05-31 19:00:00,20,98,101,Queens,Glen Oaks,Boro Zone,0.0,0.0,0.0,0.0,0.0,,204,0.0,204,Latest chronological test-window forecast
2025-05-31 19:00:00,20,99,102,Queens,Glendale,Boro Zone,0.0,1.0,0.0,1.0,0.0,,205,0.0,205,Latest chronological test-window forecast
2025-05-31 19:00:00,20,100,106,Brooklyn,Gowanus,Boro Zone,0.777,6.0,1.0,5.223,-0.223,-22.3,134,0.0016,131,Latest chronological test-window forecast
2025-05-31 19:00:00,20,101,107,Manhattan,Gramercy,Yellow Zone,151.521,210.0,172.0,58.479,-20.479,-11.91,19,0.3128,18,Latest chronological test-window forecast
2025-05-31 19:00:00,20,102,108,Brooklyn,Gravesend,Boro Zone,0.0,3.0,0.0,3.0,0.0,,206,0.0,206,Latest chronological test-window forecast
2025-05-31 19:00:00,20,103,109,Staten Island,Great Kills,Boro Zone,0.0,0.0,0.0,0.0,0.0,,207,0.0,207,Latest chronological test-window forecast
2025-05-31 19:00:00,20,104,111,Brooklyn,Green-Wood Cemetery,Boro Zone,0.0,0.0,0.0,0.0,0.0,,208,0.0,208,Latest chronological test-window forecast
2025-05-31 19:00:00,20,105,112,Brooklyn,Greenpoint,Boro Zone,11.374,11.0,13.0,0.374,-1.626,-12.51,62,0.0235,61,Latest chronological test-window forecast
2025-05-31 19:00:00,20,106,113,Manhattan,Greenwich Village North,Yellow Zone,97.745,133.0,111.0,35.255,-13.255,-11.94,30,0.2018,30,Latest chronological test-window forecast
2025-05-31 19:00:00,20,107,114,Manhattan,Greenwich Village South,Yellow Zone,79.236,140.0,90.0,60.764,-10.764,-11.96,37,0.1636,37,Latest chronological test-window forecast
2025-05-31 19:00:00,20,108,115,Staten Island,Grymes Hill/Clifton,Boro Zone,0.0,0.0,0.0,0.0,0.0,,209,0.0,209,Latest chronological test-window forecast
2025-05-31 19:00:00,20,109,116,Manhattan,Hamilton Heights,Boro Zone,11.382,23.0,13.0,11.618,-1.618,-12.45,61,0.0235,62,Latest chronological test-window forecast
2025-05-31 19:00:00,20,110,117,Queens,Hammels/Arverne,Boro Zone,0.0,0.0,0.0,0.0,0.0,,210,0.0,210,Latest chronological test-window forecast
2025-05-31 19:00:00,20,111,118,Staten Island,Heartland Village/Todt Hill,Boro Zone,0.0,0.0,0.0,0.0,0.0,,211,0.0,211,Latest chronological test-window forecast
2025-05-31 19:00:00,20,112,119,Bronx,Highbridge,Boro Zone,2.547,0.0,3.0,2.547,-0.453,-15.1,96,0.0053,96,Latest chronological test-window forecast
2025-05-31 19:00:00,20,113,120,Manhattan,Highbridge Park,Boro Zone,0.0,0.0,0.0,0.0,0.0,,212,0.0,212,Latest chronological test-window forecast
2025-05-31 19:00:00,20,114,121,Queens,Hillcrest/Pomonok,Boro Zone,0.0,2.0,0.0,2.0,0.0,,213,0.0,213,Latest chronological test-window forecast
2025-05-31 19:00:00,20,115,122,Queens,Hollis,Boro Zone,0.0,0.0,0.0,0.0,0.0,,214,0.0,214,Latest chronological test-window forecast
2025-05-31 19:00:00,20,116,123,Brooklyn,Homecrest,Boro Zone,0.0,1.0,0.0,1.0,0.0,,215,0.0,215,Latest chronological test-window forecast
2025-05-31 19:00:00,20,117,124,Queens,Howard Beach,Boro Zone,0.777,0.0,1.0,0.777,-0.223,-22.3,135,0.0016,132,Latest chronological test-window forecast
2025-05-31 19:00:00,20,118,125,Manhattan,Hudson Sq,Yellow Zone,38.679,52.0,44.0,13.321,-5.321,-12.09,46,0.0798,46,Latest chronological test-window forecast
2025-05-31 19:00:00,20,119,126,Bronx,Hunts Point,Boro Zone,0.0,0.0,0.0,0.0,0.0,,216,0.0,216,Latest chronological test-window forecast
2025-05-31 19:00:00,20,120,127,Manhattan,Inwood,Boro Zone,1.657,3.0,2.0,1.343,-0.343,-17.15,117,0.0034,113,Latest chronological test-window forecast
2025-05-31 19:00:00,20,121,128,Manhattan,Inwood Hill Park,Boro Zone,0.764,0.0,1.0,0.764,-0.236,-23.6,164,0.0016,133,Latest chronological test-window forecast
2025-05-31 19:00:00,20,122,129,Queens,Jackson Heights,Boro Zone,5.208,8.0,6.0,2.792,-0.792,-13.2,80,0.0108,80,Latest chronological test-window forecast
2025-05-31 19:00:00,20,123,130,Queens,Jamaica,Boro Zone,3.443,6.0,4.0,2.557,-0.557,-13.92,85,0.0071,86,Latest chronological test-window forecast
2025-05-31 19:00:00,20,124,131,Queens,Jamaica Estates,Boro Zone,0.0,2.0,0.0,2.0,0.0,,217,0.0,217,Latest chronological test-window forecast
2025-05-31 19:00:00,20,125,132,Queens,JFK Airport,Airports,339.109,352.0,384.0,12.891,-44.891,-11.69,1,0.7,1,Latest chronological test-window forecast
2025-05-31 19:00:00,20,126,133,Brooklyn,Kensington,Boro Zone,0.0,0.0,0.0,0.0,0.0,,218,0.0,218,Latest chronological test-window forecast
2025-05-31 19:00:00,20,127,134,Queens,Kew Gardens,Boro Zone,0.776,1.0,1.0,0.224,-0.224,-22.4,143,0.0016,134,Latest chronological test-window forecast
2025-05-31 19:00:00,20,128,135,Queens,Kew Gardens Hills,Boro Zone,0.0,1.0,0.0,1.0,0.0,,219,0.0,219,Latest chronological test-window forecast
2025-05-31 19:00:00,20,129,136,Bronx,Kingsbridge Heights,Boro Zone,1.663,2.0,2.0,0.337,-0.337,-16.85,112,0.0034,114,Latest chronological test-window forecast
2025-05-31 19:00:00,20,130,137,Manhattan,Kips Bay,Yellow Zone,102.195,118.0,116.0,15.805,-13.805,-11.9,29,0.211,29,Latest chronological test-window forecast
2025-05-31 19:00:00,20,131,138,Queens,LaGuardia Airport,Airports,169.253,153.0,192.0,16.253,-22.747,-11.85,12,0.3494,12,Latest chronological test-window forecast
2025-05-31 19:00:00,20,132,139,Queens,Laurelton,Boro Zone,0.776,1.0,1.0,0.224,-0.224,-22.4,144,0.0016,135,Latest chronological test-window forecast
2025-05-31 19:00:00,20,133,140,Manhattan,Lenox Hill East,Yellow Zone,131.438,140.0,149.0,8.562,-17.562,-11.79,24,0.2713,24,Latest chronological test-window forecast
2025-05-31 19:00:00,20,134,141,Manhattan,Lenox Hill West,Yellow Zone,169.172,214.0,192.0,44.828,-22.828,-11.89,14,0.3492,14,Latest chronological test-window forecast
2025-05-31 19:00:00,20,135,142,Manhattan,Lincoln Square East,Yellow Zone,218.572,227.0,248.0,8.428,-29.428,-11.87,6,0.4512,6,Latest chronological test-window forecast
2025-05-31 19:00:00,20,136,143,Manhattan,Lincoln Square West,Yellow Zone,83.641,75.0,95.0,8.641,-11.359,-11.96,34,0.1727,34,Latest chronological test-window forecast
2025-05-31 19:00:00,20,137,144,Manhattan,Little Italy/NoLiTa,Yellow Zone,88.048,126.0,100.0,37.952,-11.952,-11.95,32,0.1818,32,Latest chronological test-window forecast
2025-05-31 19:00:00,20,138,145,Queens,Long Island City/Hunters Point,Boro Zone,16.687,25.0,19.0,8.313,-2.313,-12.17,53,0.0344,53,Latest chronological test-window forecast
2025-05-31 19:00:00,20,139,146,Queens,Long Island City/Queens Plaza,Boro Zone,2.531,22.0,3.0,19.469,-0.469,-15.63,103,0.0052,101,Latest chronological test-window forecast
2025-05-31 19:00:00,20,140,147,Bronx,Longwood,Boro Zone,0.776,1.0,1.0,0.224,-0.224,-22.4,145,0.0016,136,Latest chronological test-window forecast
2025-05-31 19:00:00,20,141,148,Manhattan,Lower East Side,Yellow Zone,80.99,108.0,92.0,27.01,-11.01,-11.97,36,0.1672,36,Latest chronological test-window forecast
2025-05-31 19:00:00,20,142,149,Brooklyn,Madison,Boro Zone,0.0,0.0,0.0,0.0,0.0,,220,0.0,220,Latest chronological test-window forecast
2025-05-31 19:00:00,20,143,150,Brooklyn,Manhattan Beach,Boro Zone,0.784,2.0,1.0,1.216,-0.216,-21.6,118,0.0016,137,Latest chronological test-window forecast
2025-05-31 19:00:00,20,144,151,Manhattan,Manhattan Valley,Yellow Zone,57.215,65.0,65.0,7.785,-7.785,-11.98,43,0.1181,43,Latest chronological test-window forecast
2025-05-31 19:00:00,20,145,152,Manhattan,Manhattanville,Boro Zone,7.834,14.0,9.0,6.166,-1.166,-12.96,73,0.0162,72,Latest chronological test-window forecast
2025-05-31 19:00:00,20,146,153,Manhattan,Marble Hill,Boro Zone,0.0,0.0,0.0,0.0,0.0,,221,0.0,221,Latest chronological test-window forecast
2025-05-31 19:00:00,20,147,154,Brooklyn,Marine Park/Floyd Bennett Field,Boro Zone,0.0,0.0,0.0,0.0,0.0,,222,0.0,222,Latest chronological test-window forecast
2025-05-31 19:00:00,20,148,155,Brooklyn,Marine Park/Mill Basin,Boro Zone,1.668,4.0,2.0,2.332,-0.332,-16.6,105,0.0034,115,Latest chronological test-window forecast
2025-05-31 19:00:00,20,149,156,Staten Island,Mariners Harbor,Boro Zone,0.0,0.0,0.0,0.0,0.0,,223,0.0,223,Latest chronological test-window forecast
2025-05-31 19:00:00,20,150,157,Queens,Maspeth,Boro Zone,0.772,2.0,1.0,1.228,-0.228,-22.8,156,0.0016,138,Latest chronological test-window forecast
2025-05-31 19:00:00,20,151,158,Manhattan,Meatpacking/West Village West,Yellow Zone,83.643,121.0,95.0,37.357,-11.357,-11.95,33,0.1727,35,Latest chronological test-window forecast
2025-05-31 19:00:00,20,152,159,Bronx,Melrose South,Boro Zone,1.664,3.0,2.0,1.336,-0.336,-16.8,109,0.0034,116,Latest chronological test-window forecast
2025-05-31 19:00:00,20,153,160,Queens,Middle Village,Boro Zone,0.774,3.0,1.0,2.226,-0.226,-22.6,153,0.0016,139,Latest chronological test-window forecast
2025-05-31 19:00:00,20,154,161,Manhattan,Midtown Center,Yellow Zone,284.65,300.0,323.0,15.35,-38.35,-11.87,3,0.5876,3,Latest chronological test-window forecast
2025-05-31 19:00:00,20,155,162,Manhattan,Midtown East,Yellow Zone,251.145,196.0,285.0,55.145,-33.855,-11.88,5,0.5184,5,Latest chronological test-window forecast
2025-05-31 19:00:00,20,156,163,Manhattan,Midtown North,Yellow Zone,200.898,199.0,228.0,1.898,-27.102,-11.89,10,0.4147,10,Latest chronological test-window forecast
2025-05-31 19:00:00,20,157,164,Manhattan,Midtown South,Yellow Zone,139.18,156.0,158.0,16.82,-18.82,-11.91,22,0.2873,22,Latest chronological test-window forecast
2025-05-31 19:00:00,20,158,165,Brooklyn,Midwood,Boro Zone,0.782,0.0,1.0,0.782,-0.218,-21.8,121,0.0016,140,Latest chronological test-window forecast
2025-05-31 19:00:00,20,159,166,Manhattan,Morningside Heights,Boro Zone,24.609,43.0,28.0,18.391,-3.391,-12.11,49,0.0508,49,Latest chronological test-window forecast
2025-05-31 19:00:00,20,160,167,Bronx,Morrisania/Melrose,Boro Zone,0.776,2.0,1.0,1.224,-0.224,-22.4,146,0.0016,141,Latest chronological test-window forecast
2025-05-31 19:00:00,20,161,168,Bronx,Mott Haven/Port Morris,Boro Zone,3.441,4.0,4.0,0.559,-0.559,-13.98,87,0.0071,87,Latest chronological test-window forecast
2025-05-31 19:00:00,20,162,169,Bronx,Mount Hope,Boro Zone,0.777,2.0,1.0,1.223,-0.223,-22.3,136,0.0016,142,Latest chronological test-window forecast
2025-05-31 19:00:00,20,163,170,Manhattan,Murray Hill,Yellow Zone,202.655,241.0,230.0,38.345,-27.345,-11.89,9,0.4183,9,Latest chronological test-window forecast
2025-05-31 19:00:00,20,164,171,Queens,Murray Hill-Queens,Boro Zone,0.778,0.0,1.0,0.778,-0.222,-22.2,130,0.0016,143,Latest chronological test-window forecast
2025-05-31 19:00:00,20,165,172,Staten Island,New Dorp/Midland Beach,Boro Zone,0.0,0.0,0.0,0.0,0.0,,224,0.0,224,Latest chronological test-window forecast
2025-05-31 19:00:00,20,166,173,Queens,North Corona,Boro Zone,0.775,9.0,1.0,8.225,-0.225,-22.5,152,0.0016,144,Latest chronological test-window forecast
2025-05-31 19:00:00,20,167,174,Bronx,Norwood,Boro Zone,0.0,1.0,0.0,1.0,0.0,,225,0.0,225,Latest chronological test-window forecast
2025-05-31 19:00:00,20,168,175,Queens,Oakland Gardens,Boro Zone,0.78,0.0,1.0,0.78,-0.22,-22.0,123,0.0016,145,Latest chronological test-window forecast
2025-05-31 19:00:00,20,169,176,Staten Island,Oakwood,Boro Zone,0.0,0.0,0.0,0.0,0.0,,226,0.0,226,Latest chronological test-window forecast
2025-05-31 19:00:00,20,170,177,Brooklyn,Ocean Hill,Boro Zone,3.433,5.0,4.0,1.567,-0.567,-14.17,89,0.0071,88,Latest chronological test-window forecast
2025-05-31 19:00:00,20,171,178,Brooklyn,Ocean Parkway South,Boro Zone,0.783,0.0,1.0,0.783,-0.217,-21.7,119,0.0016,146,Latest chronological test-window forecast
2025-05-31 19:00:00,20,172,179,Queens,Old Astoria,Boro Zone,0.768,11.0,1.0,10.232,-0.232,-23.2,159,0.0016,147,Latest chronological test-window forecast
2025-05-31 19:00:00,20,173,180,Queens,Ozone Park,Boro Zone,0.777,1.0,1.0,0.223,-0.223,-22.3,137,0.0016,148,Latest chronological test-window forecast
2025-05-31 19:00:00,20,174,181,Brooklyn,Park Slope,Boro Zone,10.513,8.0,12.0,2.513,-1.487,-12.39,65,0.0217,65,Latest chronological test-window forecast
2025-05-31 19:00:00,20,175,182,Bronx,Parkchester,Boro Zone,2.544,0.0,3.0,2.544,-0.456,-15.2,99,0.0053,97,Latest chronological test-window forecast
2025-05-31 19:00:00,20,176,183,Bronx,Pelham Bay,Boro Zone,0.776,0.0,1.0,0.776,-0.224,-22.4,147,0.0016,149,Latest chronological test-window forecast
2025-05-31 19:00:00,20,177,184,Bronx,Pelham Bay Park,Boro Zone,0.0,1.0,0.0,1.0,0.0,,227,0.0,227,Latest chronological test-window forecast
2025-05-31 19:00:00,20,178,185,Bronx,Pelham Parkway,Boro Zone,0.0,1.0,0.0,1.0,0.0,,228,0.0,228,Latest chronological test-window forecast
2025-05-31 19:00:00,20,179,186,Manhattan,Penn Station/Madison Sq West,Yellow Zone,206.206,185.0,234.0,21.206,-27.794,-11.88,8,0.4257,8,Latest chronological test-window forecast
2025-05-31 19:00:00,20,180,187,Staten Island,Port Richmond,Boro Zone,0.0,0.0,0.0,0.0,0.0,,229,0.0,229,Latest chronological test-window forecast
2025-05-31 19:00:00,20,181,188,Brooklyn,Prospect-Lefferts Gardens,Boro Zone,4.323,10.0,5.0,5.677,-0.677,-13.54,82,0.0089,83,Latest chronological test-window forecast
2025-05-31 19:00:00,20,182,189,Brooklyn,Prospect Heights,Boro Zone,2.544,2.0,3.0,0.544,-0.456,-15.2,100,0.0053,98,Latest chronological test-window forecast
2025-05-31 19:00:00,20,183,190,Brooklyn,Prospect Park,Boro Zone,0.0,4.0,0.0,4.0,0.0,,230,0.0,230,Latest chronological test-window forecast
2025-05-31 19:00:00,20,184,191,Queens,Queens Village,Boro Zone,0.0,1.0,0.0,1.0,0.0,,231,0.0,231,Latest chronological test-window forecast
2025-05-31 19:00:00,20,185,192,Queens,Queensboro Hill,Boro Zone,0.779,0.0,1.0,0.779,-0.221,-22.1,126,0.0016,150,Latest chronological test-window forecast
2025-05-31 19:00:00,20,186,193,Queens,Queensbridge/Ravenswood,Boro Zone,2.534,1.0,3.0,1.534,-0.466,-15.53,102,0.0052,102,Latest chronological test-window forecast
2025-05-31 19:00:00,20,187,194,Manhattan,Randalls Island,Yellow Zone,0.0,0.0,0.0,0.0,0.0,,232,0.0,232,Latest chronological test-window forecast
2025-05-31 19:00:00,20,188,195,Brooklyn,Red Hook,Boro Zone,0.769,6.0,1.0,5.231,-0.231,-23.1,158,0.0016,151,Latest chronological test-window forecast
2025-05-31 19:00:00,20,189,196,Queens,Rego Park,Boro Zone,0.776,6.0,1.0,5.224,-0.224,-22.4,148,0.0016,152,Latest chronological test-window forecast
2025-05-31 19:00:00,20,190,197,Queens,Richmond Hill,Boro Zone,0.0,3.0,0.0,3.0,0.0,,233,0.0,233,Latest chronological test-window forecast
2025-05-31 19:00:00,20,191,198,Queens,Ridgewood,Boro Zone,2.545,4.0,3.0,1.455,-0.455,-15.17,98,0.0053,99,Latest chronological test-window forecast
2025-05-31 19:00:00,20,192,200,Bronx,Riverdale/North Riverdale/Fieldston,Boro Zone,0.765,0.0,1.0,0.765,-0.235,-23.5,162,0.0016,153,Latest chronological test-window forecast
2025-05-31 19:00:00,20,193,201,Queens,Rockaway Park,Boro Zone,0.0,0.0,0.0,0.0,0.0,,234,0.0,234,Latest chronological test-window forecast
2025-05-31 19:00:00,20,194,202,Manhattan,Roosevelt Island,Boro Zone,0.0,1.0,0.0,1.0,0.0,,235,0.0,235,Latest chronological test-window forecast
2025-05-31 19:00:00,20,195,203,Queens,Rosedale,Boro Zone,0.776,0.0,1.0,0.776,-0.224,-22.4,149,0.0016,154,Latest chronological test-window forecast
2025-05-31 19:00:00,20,196,204,Staten Island,Rossville/Woodrow,Boro Zone,0.0,0.0,0.0,0.0,0.0,,236,0.0,236,Latest chronological test-window forecast
2025-05-31 19:00:00,20,197,205,Queens,Saint Albans,Boro Zone,0.778,2.0,1.0,1.222,-0.222,-22.2,131,0.0016,155,Latest chronological test-window forecast
2025-05-31 19:00:00,20,198,206,Staten Island,Saint George/New Brighton,Boro Zone,0.0,0.0,0.0,0.0,0.0,,237,0.0,237,Latest chronological test-window forecast
2025-05-31 19:00:00,20,199,207,Queens,Saint Michaels Cemetery/Woodside,Boro Zone,0.0,0.0,0.0,0.0,0.0,,238,0.0,238,Latest chronological test-window forecast
2025-05-31 19:00:00,20,200,208,Bronx,Schuylerville/Edgewater Park,Boro Zone,0.777,0.0,1.0,0.777,-0.223,-22.3,138,0.0016,156,Latest chronological test-window forecast
2025-05-31 19:00:00,20,201,209,Manhattan,Seaport,Yellow Zone,29.857,24.0,34.0,5.857,-4.143,-12.19,48,0.0616,48,Latest chronological test-window forecast
2025-05-31 19:00:00,20,202,210,Brooklyn,Sheepshead Bay,Boro Zone,0.783,1.0,1.0,0.217,-0.217,-21.7,120,0.0016,157,Latest chronological test-window forecast
2025-05-31 19:00:00,20,203,211,Manhattan,SoHo,Yellow Zone,72.177,103.0,82.0,30.823,-9.823,-11.98,38,0.149,38,Latest chronological test-window forecast
2025-05-31 19:00:00,20,204,212,Bronx,Soundview/Bruckner,Boro Zone,0.777,0.0,1.0,0.777,-0.223,-22.3,139,0.0016,158,Latest chronological test-window forecast
2025-05-31 19:00:00,20,205,213,Bronx,Soundview/Castle Hill,Boro Zone,0.0,2.0,0.0,2.0,0.0,,239,0.0,239,Latest chronological test-window forecast
2025-05-31 19:00:00,20,206,214,Staten Island,South Beach/Dongan Hills,Boro Zone,0.0,0.0,0.0,0.0,0.0,,240,0.0,240,Latest chronological test-window forecast
2025-05-31 19:00:00,20,207,215,Queens,South Jamaica,Boro Zone,0.78,4.0,1.0,3.22,-0.22,-22.0,124,0.0016,159,Latest chronological test-window forecast
2025-05-31 19:00:00,20,208,216,Queens,South Ozone Park,Boro Zone,3.443,9.0,4.0,5.557,-0.557,-13.92,86,0.0071,89,Latest chronological test-window forecast
2025-05-31 19:00:00,20,209,217,Brooklyn,South Williamsburg,Boro Zone,0.0,0.0,0.0,0.0,0.0,,241,0.0,241,Latest chronological test-window forecast
2025-05-31 19:00:00,20,210,218,Queens,Springfield Gardens North,Boro Zone,0.779,2.0,1.0,1.221,-0.221,-22.1,127,0.0016,160,Latest chronological test-window forecast
2025-05-31 19:00:00,20,211,219,Queens,Springfield Gardens South,Boro Zone,0.776,1.0,1.0,0.224,-0.224,-22.4,150,0.0016,161,Latest chronological test-window forecast
2025-05-31 19:00:00,20,212,220,Bronx,Spuyten Duyvil/Kingsbridge,Boro Zone,1.658,3.0,2.0,1.342,-0.342,-17.1,115,0.0034,117,Latest chronological test-window forecast
2025-05-31 19:00:00,20,213,221,Staten Island,Stapleton,Boro Zone,0.0,0.0,0.0,0.0,0.0,,242,0.0,242,Latest chronological test-window forecast
2025-05-31 19:00:00,20,214,222,Brooklyn,Starrett City,Boro Zone,0.0,0.0,0.0,0.0,0.0,,243,0.0,243,Latest chronological test-window forecast
2025-05-31 19:00:00,20,215,223,Queens,Steinway,Boro Zone,3.422,13.0,4.0,9.578,-0.578,-14.45,90,0.0071,90,Latest chronological test-window forecast
2025-05-31 19:00:00,20,216,224,Manhattan,Stuy Town/Peter Cooper Village,Yellow Zone,14.87,13.0,17.0,1.87,-2.13,-12.53,55,0.0307,55,Latest chronological test-window forecast
2025-05-31 19:00:00,20,217,225,Brooklyn,Stuyvesant Heights,Boro Zone,6.087,14.0,7.0,7.913,-0.913,-13.04,77,0.0126,77,Latest chronological test-window forecast
2025-05-31 19:00:00,20,218,226,Queens,Sunnyside,Boro Zone,7.857,20.0,9.0,12.143,-1.143,-12.7,71,0.0162,73,Latest chronological test-window forecast
2025-05-31 19:00:00,20,219,227,Brooklyn,Sunset Park East,Boro Zone,0.0,2.0,0.0,2.0,0.0,,244,0.0,244,Latest chronological test-window forecast
2025-05-31 19:00:00,20,220,228,Brooklyn,Sunset Park West,Boro Zone,0.0,2.0,0.0,2.0,0.0,,245,0.0,245,Latest chronological test-window forecast
2025-05-31 19:00:00,20,221,229,Manhattan,Sutton Place/Turtle Bay North,Yellow Zone,119.783,146.0,136.0,26.217,-16.217,-11.92,27,0.2473,26,Latest chronological test-window forecast
2025-05-31 19:00:00,20,222,230,Manhattan,Times Sq/Theatre District,Yellow Zone,168.28,198.0,191.0,29.72,-22.72,-11.9,15,0.3474,15,Latest chronological test-window forecast
2025-05-31 19:00:00,20,223,231,Manhattan,TriBeCa/Civic Center,Yellow Zone,151.531,152.0,172.0,0.469,-20.469,-11.9,18,0.3128,19,Latest chronological test-window forecast
2025-05-31 19:00:00,20,224,232,Manhattan,Two Bridges/Seward Park,Yellow Zone,11.343,23.0,13.0,11.657,-1.657,-12.75,63,0.0234,63,Latest chronological test-window forecast
2025-05-31 19:00:00,20,225,233,Manhattan,UN/Turtle Bay South,Yellow Zone,119.786,109.0,136.0,10.786,-16.214,-11.92,26,0.2473,27,Latest chronological test-window forecast
2025-05-31 19:00:00,20,226,234,Manhattan,Union Sq,Yellow Zone,194.736,227.0,221.0,32.264,-26.264,-11.88,11,0.402,11,Latest chronological test-window forecast
2025-05-31 19:00:00,20,227,235,Bronx,University Heights/Morris Heights,Boro Zone,0.776,3.0,1.0,2.224,-0.224,-22.4,151,0.0016,162,Latest chronological test-window forecast
2025-05-31 19:00:00,20,228,236,Manhattan,Upper East Side North,Yellow Zone,275.893,285.0,313.0,9.107,-37.107,-11.86,4,0.5695,4,Latest chronological test-window forecast
2025-05-31 19:00:00,20,229,237,Manhattan,Upper East Side South,Yellow Zone,295.262,309.0,335.0,13.738,-39.738,-11.86,2,0.6095,2,Latest chronological test-window forecast
2025-05-31 19:00:00,20,230,238,Manhattan,Upper West Side North,Yellow Zone,135.718,146.0,154.0,10.282,-18.282,-11.87,23,0.2802,23,Latest chronological test-window forecast
2025-05-31 19:00:00,20,231,239,Manhattan,Upper West Side South,Yellow Zone,169.221,213.0,192.0,43.779,-22.779,-11.86,13,0.3493,13,Latest chronological test-window forecast
2025-05-31 19:00:00,20,232,240,Bronx,Van Cortlandt Park,Boro Zone,0.0,0.0,0.0,0.0,0.0,,246,0.0,246,Latest chronological test-window forecast
2025-05-31 19:00:00,20,233,241,Bronx,Van Cortlandt Village,Boro Zone,0.0,1.0,0.0,1.0,0.0,,247,0.0,247,Latest chronological test-window forecast
2025-05-31 19:00:00,20,234,242,Bronx,Van Nest/Morris Park,Boro Zone,0.778,1.0,1.0,0.222,-0.222,-22.2,132,0.0016,163,Latest chronological test-window forecast
2025-05-31 19:00:00,20,235,243,Manhattan,Washington Heights North,Boro Zone,4.313,7.0,5.0,2.687,-0.687,-13.74,84,0.0089,84,Latest chronological test-window forecast
2025-05-31 19:00:00,20,236,244,Manhattan,Washington Heights South,Boro Zone,17.605,13.0,20.0,4.605,-2.395,-11.98,52,0.0363,52,Latest chronological test-window forecast
2025-05-31 19:00:00,20,237,245,Staten Island,West Brighton,Boro Zone,0.0,0.0,0.0,0.0,0.0,,248,0.0,248,Latest chronological test-window forecast
2025-05-31 19:00:00,20,238,246,Manhattan,West Chelsea/Hudson Yards,Yellow Zone,120.68,184.0,137.0,63.32,-16.32,-11.91,25,0.2491,25,Latest chronological test-window forecast
2025-05-31 19:00:00,20,239,247,Bronx,West Concourse,Boro Zone,2.551,3.0,3.0,0.449,-0.449,-14.97,94,0.0053,100,Latest chronological test-window forecast
2025-05-31 19:00:00,20,240,248,Bronx,West Farms/Bronx River,Boro Zone,0.0,1.0,0.0,1.0,0.0,,249,0.0,249,Latest chronological test-window forecast
2025-05-31 19:00:00,20,241,249,Manhattan,West Village,Yellow Zone,164.773,225.0,187.0,60.227,-22.227,-11.89,16,0.3401,16,Latest chronological test-window forecast
2025-05-31 19:00:00,20,242,250,Bronx,Westchester Village/Unionport,Boro Zone,0.0,1.0,0.0,1.0,0.0,,250,0.0,250,Latest chronological test-window forecast
2025-05-31 19:00:00,20,243,251,Staten Island,Westerleigh,Boro Zone,0.0,0.0,0.0,0.0,0.0,,251,0.0,251,Latest chronological test-window forecast
2025-05-31 19:00:00,20,244,252,Queens,Whitestone,Boro Zone,0.0,2.0,0.0,2.0,0.0,,252,0.0,252,Latest chronological test-window forecast
2025-05-31 19:00:00,20,245,253,Queens,Willets Point,Boro Zone,0.0,0.0,0.0,0.0,0.0,,253,0.0,253,Latest chronological test-window forecast
2025-05-31 19:00:00,20,246,254,Bronx,Williamsbridge/Olinville,Boro Zone,0.0,3.0,0.0,3.0,0.0,,254,0.0,254,Latest chronological test-window forecast
2025-05-31 19:00:00,20,247,255,Brooklyn,Williamsburg (North Side),Boro Zone,12.257,24.0,14.0,11.743,-1.743,-12.45,60,0.0253,60,Latest chronological test-window forecast
2025-05-31 19:00:00,20,248,256,Brooklyn,Williamsburg (South Side),Boro Zone,10.487,14.0,12.0,3.513,-1.513,-12.61,66,0.0216,67,Latest chronological test-window forecast
2025-05-31 19:00:00,20,249,257,Brooklyn,Windsor Terrace,Boro Zone,0.0,3.0,0.0,3.0,0.0,,255,0.0,255,Latest chronological test-window forecast
2025-05-31 19:00:00,20,250,258,Queens,Woodhaven,Boro Zone,0.0,2.0,0.0,2.0,0.0,,256,0.0,256,Latest chronological test-window forecast
2025-05-31 19:00:00,20,251,259,Bronx,Woodlawn/Wakefield,Boro Zone,0.78,0.0,1.0,0.78,-0.22,-22.0,125,0.0016,164,Latest chronological test-window forecast
2025-05-31 19:00:00,20,252,260,Queens,Woodside,Boro Zone,2.541,7.0,3.0,4.459,-0.459,-15.3,101,0.0052,103,Latest chronological test-window forecast
2025-05-31 19:00:00,20,253,261,Manhattan,World Trade Center,Yellow Zone,49.253,51.0,56.0,1.747,-6.747,-12.05,44,0.1017,44,Latest chronological test-window forecast
2025-05-31 19:00:00,20,254,262,Manhattan,Yorkville East,Yellow Zone,91.576,119.0,104.0,27.424,-12.424,-11.95,31,0.189,31,Latest chronological test-window forecast
2025-05-31 19:00:00,20,255,263,Manhattan,Yorkville West,Yellow Zone,141.913,171.0,161.0,29.087,-19.087,-11.86,21,0.2929,21,Latest chronological test-window forecast
2025-05-31 20:00:00,21,0,1,EWR,Newark Airport,EWR,0.0,0.0,0.0,0.0,0.0,,180,0.0,180,Latest chronological test-window forecast
2025-05-31 20:00:00,21,1,2,Queens,Jamaica Bay,Boro Zone,0.0,0.0,0.0,0.0,0.0,,181,0.0,181,Latest chronological test-window forecast
2025-05-31 20:00:00,21,2,3,Bronx,Allerton/Pelham Gardens,Boro Zone,1.671,3.0,2.0,1.329,-0.329,-16.45,120,0.0034,115,Latest chronological test-window forecast
2025-05-31 20:00:00,21,3,4,Manhattan,Alphabet City,Yellow Zone,25.451,36.0,29.0,10.549,-3.549,-12.24,49,0.0517,49,Latest chronological test-window forecast
2025-05-31 20:00:00,21,4,6,Staten Island,Arrochar/Fort Wadsworth,Boro Zone,0.0,0.0,0.0,0.0,0.0,,182,0.0,182,Latest chronological test-window forecast
2025-05-31 20:00:00,21,5,7,Queens,Astoria,Boro Zone,22.08,26.0,25.0,3.92,-2.92,-11.68,51,0.0448,51,Latest chronological test-window forecast
2025-05-31 20:00:00,21,6,8,Queens,Astoria Park,Boro Zone,0.0,0.0,0.0,0.0,0.0,,183,0.0,183,Latest chronological test-window forecast
2025-05-31 20:00:00,21,7,9,Queens,Auburndale,Boro Zone,0.782,0.0,1.0,0.782,-0.218,-21.8,152,0.0016,136,Latest chronological test-window forecast
2025-05-31 20:00:00,21,8,10,Queens,Baisley Park,Boro Zone,2.552,2.0,3.0,0.552,-0.448,-14.93,113,0.0052,110,Latest chronological test-window forecast
2025-05-31 20:00:00,21,9,11,Brooklyn,Bath Beach,Boro Zone,0.0,1.0,0.0,1.0,0.0,,184,0.0,184,Latest chronological test-window forecast
2025-05-31 20:00:00,21,10,12,Manhattan,Battery Park,Yellow Zone,0.0,2.0,0.0,2.0,0.0,,185,0.0,185,Latest chronological test-window forecast
2025-05-31 20:00:00,21,11,13,Manhattan,Battery Park City,Yellow Zone,40.461,37.0,46.0,3.461,-5.539,-12.04,43,0.0821,43,Latest chronological test-window forecast
2025-05-31 20:00:00,21,12,14,Brooklyn,Bay Ridge,Boro Zone,0.783,2.0,1.0,1.217,-0.217,-21.7,147,0.0016,137,Latest chronological test-window forecast
2025-05-31 20:00:00,21,13,15,Queens,Bay Terrace/Fort Totten,Boro Zone,0.0,1.0,0.0,1.0,0.0,,186,0.0,186,Latest chronological test-window forecast
2025-05-31 20:00:00,21,14,16,Queens,Bayside,Boro Zone,0.0,0.0,0.0,0.0,0.0,,187,0.0,187,Latest chronological test-window forecast
2025-05-31 20:00:00,21,15,17,Brooklyn,Bedford,Boro Zone,8.766,7.0,10.0,1.766,-1.234,-12.34,74,0.0178,74,Latest chronological test-window forecast
2025-05-31 20:00:00,21,16,18,Bronx,Bedford Park,Boro Zone,0.78,2.0,1.0,1.22,-0.22,-22.0,162,0.0016,138,Latest chronological test-window forecast
2025-05-31 20:00:00,21,17,19,Queens,Bellerose,Boro Zone,0.0,0.0,0.0,0.0,0.0,,188,0.0,188,Latest chronological test-window forecast
2025-05-31 20:00:00,21,18,20,Bronx,Belmont,Boro Zone,0.0,2.0,0.0,2.0,0.0,,189,0.0,189,Latest chronological test-window forecast
2025-05-31 20:00:00,21,19,21,Brooklyn,Bensonhurst East,Boro Zone,0.789,1.0,1.0,0.211,-0.211,-21.1,136,0.0016,139,Latest chronological test-window forecast
2025-05-31 20:00:00,21,20,22,Brooklyn,Bensonhurst West,Boro Zone,0.787,5.0,1.0,4.213,-0.213,-21.3,139,0.0016,140,Latest chronological test-window forecast
2025-05-31 20:00:00,21,21,23,Staten Island,Bloomfield/Emerson Hill,Boro Zone,0.0,0.0,0.0,0.0,0.0,,190,0.0,190,Latest chronological test-window forecast
2025-05-31 20:00:00,21,22,24,Manhattan,Bloomingdale,Yellow Zone,21.069,32.0,24.0,10.931,-2.931,-12.21,52,0.0428,52,Latest chronological test-window forecast
2025-05-31 20:00:00,21,23,25,Brooklyn,Boerum Hill,Boro Zone,7.87,10.0,9.0,2.13,-1.13,-12.56,76,0.016,76,Latest chronological test-window forecast
2025-05-31 20:00:00,21,24,26,Brooklyn,Borough Park,Boro Zone,0.784,3.0,1.0,2.216,-0.216,-21.6,143,0.0016,141,Latest chronological test-window forecast
2025-05-31 20:00:00,21,25,27,Queens,Breezy Point/Fort Tilden/Riis Beach,Boro Zone,0.0,0.0,0.0,0.0,0.0,,191,0.0,191,Latest chronological test-window forecast
2025-05-31 20:00:00,21,26,28,Queens,Briarwood/Jamaica Hills,Boro Zone,0.0,2.0,0.0,2.0,0.0,,192,0.0,192,Latest chronological test-window forecast
2025-05-31 20:00:00,21,27,29,Brooklyn,Brighton Beach,Boro Zone,0.0,1.0,0.0,1.0,0.0,,193,0.0,193,Latest chronological test-window forecast
2025-05-31 20:00:00,21,28,30,Queens,Broad Channel,Boro Zone,0.0,1.0,0.0,1.0,0.0,,194,0.0,194,Latest chronological test-window forecast
2025-05-31 20:00:00,21,29,31,Bronx,Bronx Park,Boro Zone,0.0,2.0,0.0,2.0,0.0,,195,0.0,195,Latest chronological test-window forecast
2025-05-31 20:00:00,21,30,32,Bronx,Bronxdale,Boro Zone,0.782,0.0,1.0,0.782,-0.218,-21.8,153,0.0016,142,Latest chronological test-window forecast
2025-05-31 20:00:00,21,31,33,Brooklyn,Brooklyn Heights,Boro Zone,6.953,16.0,8.0,9.047,-1.047,-13.09,81,0.0141,81,Latest chronological test-window forecast
2025-05-31 20:00:00,21,32,34,Brooklyn,Brooklyn Navy Yard,Boro Zone,1.652,2.0,2.0,0.348,-0.348,-17.4,132,0.0034,116,Latest chronological test-window forecast
2025-05-31 20:00:00,21,33,35,Brooklyn,Brownsville,Boro Zone,3.45,8.0,4.0,4.55,-0.55,-13.75,105,0.007,103,Latest chronological test-window forecast
2025-05-31 20:00:00,21,34,36,Brooklyn,Bushwick North,Boro Zone,6.096,14.0,7.0,7.904,-0.904,-12.91,88,0.0124,82,Latest chronological test-window forecast
2025-05-31 20:00:00,21,35,37,Brooklyn,Bushwick South,Boro Zone,14.077,18.0,16.0,3.923,-1.923,-12.02,61,0.0286,61,Latest chronological test-window forecast
2025-05-31 20:00:00,21,36,38,Queens,Cambria Heights,Boro Zone,0.0,0.0,0.0,0.0,0.0,,196,0.0,196,Latest chronological test-window forecast
2025-05-31 20:00:00,21,37,39,Brooklyn,Canarsie,Boro Zone,6.121,9.0,7.0,2.879,-0.879,-12.56,83,0.0124,83,Latest chronological test-window forecast
2025-05-31 20:00:00,21,38,40,Brooklyn,Carroll Gardens,Boro Zone,1.652,4.0,2.0,2.348,-0.348,-17.4,133,0.0034,117,Latest chronological test-window forecast
2025-05-31 20:00:00,21,39,41,Manhattan,Central Harlem,Boro Zone,32.692,42.0,37.0,9.308,-4.308,-11.64,47,0.0664,47,Latest chronological test-window forecast
2025-05-31 20:00:00,21,40,42,Manhattan,Central Harlem North,Boro Zone,20.312,33.0,23.0,12.688,-2.688,-11.69,53,0.0412,53,Latest chronological test-window forecast
2025-05-31 20:00:00,21,41,43,Manhattan,Central Park,Yellow Zone,55.435,150.0,63.0,94.565,-7.565,-12.01,40,0.1125,40,Latest chronological test-window forecast
2025-05-31 20:00:00,21,42,44,Staten Island,Charleston/Tottenville,Boro Zone,0.0,0.0,0.0,0.0,0.0,,197,0.0,197,Latest chronological test-window forecast
2025-05-31 20:00:00,21,43,45,Manhattan,Chinatown,Yellow Zone,20.18,22.0,23.0,1.82,-2.82,-12.26,55,0.041,54,Latest chronological test-window forecast
2025-05-31 20:00:00,21,44,46,Bronx,City Island,Boro Zone,0.0,0.0,0.0,0.0,0.0,,198,0.0,198,Latest chronological test-window forecast
2025-05-31 20:00:00,21,45,47,Bronx,Claremont/Bathgate,Boro Zone,0.0,2.0,0.0,2.0,0.0,,199,0.0,199,Latest chronological test-window forecast
2025-05-31 20:00:00,21,46,48,Manhattan,Clinton East,Yellow Zone,139.321,164.0,158.0,24.679,-18.679,-11.82,21,0.2829,20,Latest chronological test-window forecast
2025-05-31 20:00:00,21,47,49,Brooklyn,Clinton Hill,Boro Zone,3.431,11.0,4.0,7.569,-0.569,-14.22,109,0.007,104,Latest chronological test-window forecast
2025-05-31 20:00:00,21,48,50,Manhattan,Clinton West,Yellow Zone,34.273,39.0,39.0,4.727,-4.727,-12.12,46,0.0696,46,Latest chronological test-window forecast
2025-05-31 20:00:00,21,49,51,Bronx,Co-Op City,Boro Zone,3.455,4.0,4.0,0.545,-0.545,-13.62,103,0.007,105,Latest chronological test-window forecast
2025-05-31 20:00:00,21,50,52,Brooklyn,Cobble Hill,Boro Zone,1.652,3.0,2.0,1.348,-0.348,-17.4,134,0.0034,118,Latest chronological test-window forecast
2025-05-31 20:00:00,21,51,53,Queens,College Point,Boro Zone,0.0,1.0,0.0,1.0,0.0,,200,0.0,200,Latest chronological test-window forecast
2025-05-31 20:00:00,21,52,54,Brooklyn,Columbia Street,Boro Zone,0.0,2.0,0.0,2.0,0.0,,201,0.0,201,Latest chronological test-window forecast
2025-05-31 20:00:00,21,53,55,Brooklyn,Coney Island,Boro Zone,1.679,2.0,2.0,0.321,-0.321,-16.05,116,0.0034,119,Latest chronological test-window forecast
2025-05-31 20:00:00,21,54,56,Queens,Corona,Boro Zone,0.78,4.0,1.0,3.22,-0.22,-22.0,163,0.0016,143,Latest chronological test-window forecast
2025-05-31 20:00:00,21,55,57,Queens,Corona,Boro Zone,0.0,0.0,0.0,0.0,0.0,,202,0.0,202,Latest chronological test-window forecast
2025-05-31 20:00:00,21,56,58,Bronx,Country Club,Boro Zone,0.0,0.0,0.0,0.0,0.0,,203,0.0,203,Latest chronological test-window forecast
2025-05-31 20:00:00,21,57,59,Bronx,Crotona Park,Boro Zone,0.0,1.0,0.0,1.0,0.0,,204,0.0,204,Latest chronological test-window forecast
2025-05-31 20:00:00,21,58,60,Bronx,Crotona Park East,Boro Zone,1.671,0.0,2.0,1.671,-0.329,-16.45,121,0.0034,120,Latest chronological test-window forecast
2025-05-31 20:00:00,21,59,61,Brooklyn,Crown Heights North,Boro Zone,8.764,17.0,10.0,8.236,-1.236,-12.36,75,0.0178,75,Latest chronological test-window forecast
2025-05-31 20:00:00,21,60,62,Brooklyn,Crown Heights South,Boro Zone,6.112,3.0,7.0,3.112,-0.888,-12.69,85,0.0124,84,Latest chronological test-window forecast
2025-05-31 20:00:00,21,61,63,Brooklyn,Cypress Hills,Boro Zone,1.668,1.0,2.0,0.668,-0.332,-16.6,127,0.0034,121,Latest chronological test-window forecast
2025-05-31 20:00:00,21,62,64,Queens,Douglaston,Boro Zone,0.0,0.0,0.0,0.0,0.0,,205,0.0,205,Latest chronological test-window forecast
2025-05-31 20:00:00,21,63,65,Brooklyn,Downtown Brooklyn/MetroTech,Boro Zone,18.436,21.0,21.0,2.564,-2.564,-12.21,58,0.0374,58,Latest chronological test-window forecast
2025-05-31 20:00:00,21,64,66,Brooklyn,DUMBO/Vinegar Hill,Boro Zone,15.758,17.0,18.0,1.242,-2.242,-12.46,60,0.032,60,Latest chronological test-window forecast
2025-05-31 20:00:00,21,65,67,Brooklyn,Dyker Heights,Boro Zone,0.0,2.0,0.0,2.0,0.0,,206,0.0,206,Latest chronological test-window forecast
2025-05-31 20:00:00,21,66,68,Manhattan,East Chelsea,Yellow Zone,181.556,188.0,206.0,6.444,-24.444,-11.87,11,0.3686,11,Latest chronological test-window forecast
2025-05-31 20:00:00,21,67,69,Bronx,East Concourse/Concourse Village,Boro Zone,0.0,2.0,0.0,2.0,0.0,,207,0.0,207,Latest chronological test-window forecast
2025-05-31 20:00:00,21,68,70,Queens,East Elmhurst,Boro Zone,20.182,18.0,23.0,2.182,-2.818,-12.25,54,0.041,55,Latest chronological test-window forecast
2025-05-31 20:00:00,21,69,71,Brooklyn,East Flatbush/Farragut,Boro Zone,1.669,4.0,2.0,2.331,-0.331,-16.55,125,0.0034,122,Latest chronological test-window forecast
2025-05-31 20:00:00,21,70,72,Brooklyn,East Flatbush/Remsen Village,Boro Zone,0.779,12.0,1.0,11.221,-0.221,-22.1,170,0.0016,144,Latest chronological test-window forecast
2025-05-31 20:00:00,21,71,73,Queens,East Flushing,Boro Zone,0.783,0.0,1.0,0.783,-0.217,-21.7,148,0.0016,145,Latest chronological test-window forecast
2025-05-31 20:00:00,21,72,74,Manhattan,East Harlem North,Boro Zone,12.299,38.0,14.0,25.701,-1.701,-12.15,64,0.025,64,Latest chronological test-window forecast
2025-05-31 20:00:00,21,73,75,Manhattan,East Harlem South,Boro Zone,35.293,41.0,40.0,5.707,-4.707,-11.77,45,0.0717,45,Latest chronological test-window forecast
2025-05-31 20:00:00,21,74,76,Brooklyn,East New York,Boro Zone,6.116,3.0,7.0,3.116,-0.884,-12.63,84,0.0124,85,Latest chronological test-window forecast
2025-05-31 20:00:00,21,75,77,Brooklyn,East New York/Pennsylvania Avenue,Boro Zone,5.225,4.0,6.0,1.225,-0.775,-12.92,90,0.0106,89,Latest chronological test-window forecast
2025-05-31 20:00:00,21,76,78,Bronx,East Tremont,Boro Zone,0.0,2.0,0.0,2.0,0.0,,208,0.0,208,Latest chronological test-window forecast
2025-05-31 20:00:00,21,77,79,Manhattan,East Village,Yellow Zone,193.872,263.0,220.0,69.128,-26.128,-11.88,9,0.3936,9,Latest chronological test-window forecast
2025-05-31 20:00:00,21,78,80,Brooklyn,East Williamsburg,Boro Zone,4.314,14.0,5.0,9.686,-0.686,-13.72,102,0.0088,94,Latest chronological test-window forecast
2025-05-31 20:00:00,21,79,81,Bronx,Eastchester,Boro Zone,0.784,0.0,1.0,0.784,-0.216,-21.6,144,0.0016,146,Latest chronological test-window forecast
2025-05-31 20:00:00,21,80,82,Queens,Elmhurst,Boro Zone,7.008,12.0,8.0,4.992,-0.992,-12.4,77,0.0142,77,Latest chronological test-window forecast
2025-05-31 20:00:00,21,81,83,Queens,Elmhurst/Maspeth,Boro Zone,1.662,3.0,2.0,1.338,-0.338,-16.9,130,0.0034,123,Latest chronological test-window forecast
2025-05-31 20:00:00,21,82,84,Staten Island,Eltingville/Annadale/Prince's Bay,Boro Zone,0.0,0.0,0.0,0.0,0.0,,209,0.0,209,Latest chronological test-window forecast
2025-05-31 20:00:00,21,83,85,Brooklyn,Erasmus,Boro Zone,3.444,4.0,4.0,0.556,-0.556,-13.9,106,0.007,106,Latest chronological test-window forecast
2025-05-31 20:00:00,21,84,86,Queens,Far Rockaway,Boro Zone,0.78,1.0,1.0,0.22,-0.22,-22.0,164,0.0016,147,Latest chronological test-window forecast
2025-05-31 20:00:00,21,85,87,Manhattan,Financial District North,Yellow Zone,68.66,85.0,78.0,16.34,-9.34,-11.97,37,0.1394,36,Latest chronological test-window forecast
2025-05-31 20:00:00,21,86,88,Manhattan,Financial District South,Yellow Zone,19.279,25.0,22.0,5.721,-2.721,-12.37,57,0.0391,57,Latest chronological test-window forecast
2025-05-31 20:00:00,21,87,89,Brooklyn,Flatbush/Ditmas Park,Boro Zone,2.563,7.0,3.0,4.437,-0.437,-14.57,110,0.0052,111,Latest chronological test-window forecast
2025-05-31 20:00:00,21,88,90,Manhattan,Flatiron,Yellow Zone,140.073,140.0,159.0,0.073,-18.927,-11.9,19,0.2844,19,Latest chronological test-window forecast
2025-05-31 20:00:00,21,89,91,Brooklyn,Flatlands,Boro Zone,0.782,1.0,1.0,0.218,-0.218,-21.8,154,0.0016,148,Latest chronological test-window forecast
2025-05-31 20:00:00,21,90,92,Queens,Flushing,Boro Zone,4.345,3.0,5.0,1.345,-0.655,-13.1,95,0.0088,95,Latest chronological test-window forecast
2025-05-31 20:00:00,21,91,93,Queens,Flushing Meadows-Corona Park,Boro Zone,0.766,2.0,1.0,1.234,-0.234,-23.4,179,0.0016,149,Latest chronological test-window forecast
2025-05-31 20:00:00,21,92,94,Bronx,Fordham South,Boro Zone,0.778,2.0,1.0,1.222,-0.222,-22.2,171,0.0016,150,Latest chronological test-window forecast
2025-05-31 20:00:00,21,93,95,Queens,Forest Hills,Boro Zone,3.451,7.0,4.0,3.549,-0.549,-13.72,104,0.007,107,Latest chronological test-window forecast
2025-05-31 20:00:00,21,94,96,Queens,Forest Park/Highland Park,Boro Zone,0.0,0.0,0.0,0.0,0.0,,210,0.0,210,Latest chronological test-window forecast
2025-05-31 20:00:00,21,95,97,Brooklyn,Fort Greene,Boro Zone,14.059,14.0,16.0,0.059,-1.941,-12.13,62,0.0285,62,Latest chronological test-window forecast
2025-05-31 20:00:00,21,96,98,Queens,Fresh Meadows,Boro Zone,0.785,0.0,1.0,0.785,-0.215,-21.5,141,0.0016,151,Latest chronological test-window forecast
2025-05-31 20:00:00,21,97,100,Manhattan,Garment District,Yellow Zone,73.065,63.0,83.0,10.065,-9.935,-11.97,35,0.1483,35,Latest chronological test-window forecast
2025-05-31 20:00:00,21,98,101,Queens,Glen Oaks,Boro Zone,0.783,0.0,1.0,0.783,-0.217,-21.7,149,0.0016,152,Latest chronological test-window forecast
2025-05-31 20:00:00,21,99,102,Queens,Glendale,Boro Zone,0.0,1.0,0.0,1.0,0.0,,211,0.0,211,Latest chronological test-window forecast
2025-05-31 20:00:00,21,100,106,Brooklyn,Gowanus,Boro Zone,0.78,2.0,1.0,1.22,-0.22,-22.0,165,0.0016,153,Latest chronological test-window forecast
2025-05-31 20:00:00,21,101,107,Manhattan,Gramercy,Yellow Zone,194.761,177.0,221.0,17.761,-26.239,-11.87,8,0.3954,8,Latest chronological test-window forecast
2025-05-31 20:00:00,21,102,108,Brooklyn,Gravesend,Boro Zone,0.787,0.0,1.0,0.787,-0.213,-21.3,140,0.0016,154,Latest chronological test-window forecast
2025-05-31 20:00:00,21,103,109,Staten Island,Great Kills,Boro Zone,0.0,0.0,0.0,0.0,0.0,,212,0.0,212,Latest chronological test-window forecast
2025-05-31 20:00:00,21,104,111,Brooklyn,Green-Wood Cemetery,Boro Zone,0.0,1.0,0.0,1.0,0.0,,213,0.0,213,Latest chronological test-window forecast
2025-05-31 20:00:00,21,105,112,Brooklyn,Greenpoint,Boro Zone,12.273,10.0,14.0,2.273,-1.727,-12.34,65,0.0249,65,Latest chronological test-window forecast
2025-05-31 20:00:00,21,106,113,Manhattan,Greenwich Village North,Yellow Zone,110.115,143.0,125.0,32.885,-14.885,-11.91,27,0.2236,27,Latest chronological test-window forecast
2025-05-31 20:00:00,21,107,114,Manhattan,Greenwich Village South,Yellow Zone,126.847,206.0,144.0,79.153,-17.153,-11.91,24,0.2575,24,Latest chronological test-window forecast
2025-05-31 20:00:00,21,108,115,Staten Island,Grymes Hill/Clifton,Boro Zone,0.0,0.0,0.0,0.0,0.0,,214,0.0,214,Latest chronological test-window forecast
2025-05-31 20:00:00,21,109,116,Manhattan,Hamilton Heights,Boro Zone,11.399,19.0,13.0,7.601,-1.601,-12.32,67,0.0231,67,Latest chronological test-window forecast
2025-05-31 20:00:00,21,110,117,Queens,Hammels/Arverne,Boro Zone,0.781,2.0,1.0,1.219,-0.219,-21.9,158,0.0016,155,Latest chronological test-window forecast
2025-05-31 20:00:00,21,111,118,Staten Island,Heartland Village/Todt Hill,Boro Zone,0.784,1.0,1.0,0.216,-0.216,-21.6,145,0.0016,156,Latest chronological test-window forecast
2025-05-31 20:00:00,21,112,119,Bronx,Highbridge,Boro Zone,1.665,3.0,2.0,1.335,-0.335,-16.75,129,0.0034,124,Latest chronological test-window forecast
2025-05-31 20:00:00,21,113,120,Manhattan,Highbridge Park,Boro Zone,0.767,1.0,1.0,0.233,-0.233,-23.3,178,0.0016,157,Latest chronological test-window forecast
2025-05-31 20:00:00,21,114,121,Queens,Hillcrest/Pomonok,Boro Zone,0.0,0.0,0.0,0.0,0.0,,215,0.0,215,Latest chronological test-window forecast
2025-05-31 20:00:00,21,115,122,Queens,Hollis,Boro Zone,0.0,0.0,0.0,0.0,0.0,,216,0.0,216,Latest chronological test-window forecast
2025-05-31 20:00:00,21,116,123,Brooklyn,Homecrest,Boro Zone,1.684,1.0,2.0,0.684,-0.316,-15.8,115,0.0034,125,Latest chronological test-window forecast
2025-05-31 20:00:00,21,117,124,Queens,Howard Beach,Boro Zone,0.781,0.0,1.0,0.781,-0.219,-21.9,159,0.0016,158,Latest chronological test-window forecast
2025-05-31 20:00:00,21,118,125,Manhattan,Hudson Sq,Yellow Zone,41.322,47.0,47.0,5.678,-5.678,-12.08,42,0.0839,42,Latest chronological test-window forecast
2025-05-31 20:00:00,21,119,126,Bronx,Hunts Point,Boro Zone,2.561,1.0,3.0,1.561,-0.439,-14.63,111,0.0052,112,Latest chronological test-window forecast
2025-05-31 20:00:00,21,120,127,Manhattan,Inwood,Boro Zone,3.435,2.0,4.0,1.435,-0.565,-14.12,108,0.007,108,Latest chronological test-window forecast
2025-05-31 20:00:00,21,121,128,Manhattan,Inwood Hill Park,Boro Zone,0.0,1.0,0.0,1.0,0.0,,217,0.0,217,Latest chronological test-window forecast
2025-05-31 20:00:00,21,122,129,Queens,Jackson Heights,Boro Zone,6.107,16.0,7.0,9.893,-0.893,-12.76,86,0.0124,86,Latest chronological test-window forecast
2025-05-31 20:00:00,21,123,130,Queens,Jamaica,Boro Zone,8.796,14.0,10.0,5.204,-1.204,-12.04,73,0.0179,73,Latest chronological test-window forecast
2025-05-31 20:00:00,21,124,131,Queens,Jamaica Estates,Boro Zone,0.0,1.0,0.0,1.0,0.0,,218,0.0,218,Latest chronological test-window forecast
2025-05-31 20:00:00,21,125,132,Queens,JFK Airport,Airports,344.79,425.0,390.0,80.21,-45.21,-11.59,1,0.7,1,Latest chronological test-window forecast
2025-05-31 20:00:00,21,126,133,Brooklyn,Kensington,Boro Zone,0.0,1.0,0.0,1.0,0.0,,219,0.0,219,Latest chronological test-window forecast
2025-05-31 20:00:00,21,127,134,Queens,Kew Gardens,Boro Zone,0.78,0.0,1.0,0.78,-0.22,-22.0,166,0.0016,159,Latest chronological test-window forecast
2025-05-31 20:00:00,21,128,135,Queens,Kew Gardens Hills,Boro Zone,0.0,1.0,0.0,1.0,0.0,,220,0.0,220,Latest chronological test-window forecast
2025-05-31 20:00:00,21,129,136,Bronx,Kingsbridge Heights,Boro Zone,0.0,2.0,0.0,2.0,0.0,,221,0.0,221,Latest chronological test-window forecast
2025-05-31 20:00:00,21,130,137,Manhattan,Kips Bay,Yellow Zone,86.373,85.0,98.0,1.373,-11.627,-11.86,32,0.1754,32,Latest chronological test-window forecast
2025-05-31 20:00:00,21,131,138,Queens,LaGuardia Airport,Airports,177.307,74.0,201.0,103.307,-23.693,-11.79,12,0.36,12,Latest chronological test-window forecast
2025-05-31 20:00:00,21,132,139,Queens,Laurelton,Boro Zone,0.0,1.0,0.0,1.0,0.0,,222,0.0,222,Latest chronological test-window forecast
2025-05-31 20:00:00,21,133,140,Manhattan,Lenox Hill East,Yellow Zone,136.871,106.0,155.0,30.871,-18.129,-11.7,22,0.2779,22,Latest chronological test-window forecast
2025-05-31 20:00:00,21,134,141,Manhattan,Lenox Hill West,Yellow Zone,156.885,190.0,178.0,33.115,-21.115,-11.86,15,0.3185,15,Latest chronological test-window forecast
2025-05-31 20:00:00,21,135,142,Manhattan,Lincoln Square East,Yellow Zone,213.376,217.0,242.0,3.624,-28.624,-11.83,5,0.4332,5,Latest chronological test-window forecast
2025-05-31 20:00:00,21,136,143,Manhattan,Lincoln Square West,Yellow Zone,68.673,57.0,78.0,11.673,-9.327,-11.96,36,0.1394,37,Latest chronological test-window forecast
2025-05-31 20:00:00,21,137,144,Manhattan,Little Italy/NoLiTa,Yellow Zone,81.879,130.0,93.0,48.121,-11.121,-11.96,34,0.1662,33,Latest chronological test-window forecast
2025-05-31 20:00:00,21,138,145,Queens,Long Island City/Hunters Point,Boro Zone,11.398,30.0,13.0,18.602,-1.602,-12.32,68,0.0231,68,Latest chronological test-window forecast
2025-05-31 20:00:00,21,139,146,Queens,Long Island City/Queens Plaza,Boro Zone,1.651,28.0,2.0,26.349,-0.349,-17.45,135,0.0034,126,Latest chronological test-window forecast
2025-05-31 20:00:00,21,140,147,Bronx,Longwood,Boro Zone,0.78,3.0,1.0,2.22,-0.22,-22.0,167,0.0016,160,Latest chronological test-window forecast
2025-05-31 20:00:00,21,141,148,Manhattan,Lower East Side,Yellow Zone,81.885,139.0,93.0,57.115,-11.115,-11.95,33,0.1662,34,Latest chronological test-window forecast
2025-05-31 20:00:00,21,142,149,Brooklyn,Madison,Boro Zone,0.788,1.0,1.0,0.212,-0.212,-21.2,138,0.0016,161,Latest chronological test-window forecast
2025-05-31 20:00:00,21,143,150,Brooklyn,Manhattan Beach,Boro Zone,0.789,0.0,1.0,0.789,-0.211,-21.1,137,0.0016,162,Latest chronological test-window forecast
2025-05-31 20:00:00,21,144,151,Manhattan,Manhattan Valley,Yellow Zone,41.364,50.0,47.0,8.636,-5.636,-11.99,41,0.084,41,Latest chronological test-window forecast
2025-05-31 20:00:00,21,145,152,Manhattan,Manhattanville,Boro Zone,11.382,11.0,13.0,0.382,-1.618,-12.45,69,0.0231,69,Latest chronological test-window forecast
2025-05-31 20:00:00,21,146,153,Manhattan,Marble Hill,Boro Zone,0.0,1.0,0.0,1.0,0.0,,223,0.0,223,Latest chronological test-window forecast
2025-05-31 20:00:00,21,147,154,Brooklyn,Marine Park/Floyd Bennett Field,Boro Zone,0.0,1.0,0.0,1.0,0.0,,224,0.0,224,Latest chronological test-window forecast
2025-05-31 20:00:00,21,148,155,Brooklyn,Marine Park/Mill Basin,Boro Zone,0.783,3.0,1.0,2.217,-0.217,-21.7,150,0.0016,163,Latest chronological test-window forecast
2025-05-31 20:00:00,21,149,156,Staten Island,Mariners Harbor,Boro Zone,0.0,0.0,0.0,0.0,0.0,,225,0.0,225,Latest chronological test-window forecast
2025-05-31 20:00:00,21,150,157,Queens,Maspeth,Boro Zone,0.775,3.0,1.0,2.225,-0.225,-22.5,172,0.0016,164,Latest chronological test-window forecast
2025-05-31 20:00:00,21,151,158,Manhattan,Meatpacking/West Village West,Yellow Zone,92.461,110.0,105.0,17.539,-12.539,-11.94,30,0.1877,29,Latest chronological test-window forecast
2025-05-31 20:00:00,21,152,159,Bronx,Melrose South,Boro Zone,1.67,4.0,2.0,2.33,-0.33,-16.5,123,0.0034,127,Latest chronological test-window forecast
2025-05-31 20:00:00,21,153,160,Queens,Middle Village,Boro Zone,1.667,1.0,2.0,0.667,-0.333,-16.65,128,0.0034,128,Latest chronological test-window forecast
2025-05-31 20:00:00,21,154,161,Manhattan,Midtown Center,Yellow Zone,246.78,183.0,280.0,63.78,-33.22,-11.86,3,0.501,3,Latest chronological test-window forecast
2025-05-31 20:00:00,21,155,162,Manhattan,Midtown East,Yellow Zone,163.891,129.0,186.0,34.891,-22.109,-11.89,13,0.3327,13,Latest chronological test-window forecast
2025-05-31 20:00:00,21,156,163,Manhattan,Midtown North,Yellow Zone,145.38,170.0,165.0,24.62,-19.62,-11.89,18,0.2952,18,Latest chronological test-window forecast
2025-05-31 20:00:00,21,157,164,Manhattan,Midtown South,Yellow Zone,133.036,130.0,151.0,3.036,-17.964,-11.9,23,0.2701,23,Latest chronological test-window forecast
2025-05-31 20:00:00,21,158,165,Brooklyn,Midwood,Boro Zone,0.0,2.0,0.0,2.0,0.0,,226,0.0,226,Latest chronological test-window forecast
2025-05-31 20:00:00,21,159,166,Manhattan,Morningside Heights,Boro Zone,36.127,46.0,41.0,9.873,-4.873,-11.89,44,0.0733,44,Latest chronological test-window forecast
2025-05-31 20:00:00,21,160,167,Bronx,Morrisania/Melrose,Boro Zone,0.78,1.0,1.0,0.22,-0.22,-22.0,168,0.0016,165,Latest chronological test-window forecast
2025-05-31 20:00:00,21,161,168,Bronx,Mott Haven/Port Morris,Boro Zone,5.23,8.0,6.0,2.77,-0.77,-12.83,89,0.0106,90,Latest chronological test-window forecast
2025-05-31 20:00:00,21,162,169,Bronx,Mount Hope,Boro Zone,0.0,1.0,0.0,1.0,0.0,,227,0.0,227,Latest chronological test-window forecast
2025-05-31 20:00:00,21,163,170,Manhattan,Murray Hill,Yellow Zone,185.939,179.0,211.0,6.939,-25.061,-11.88,10,0.3775,10,Latest chronological test-window forecast
2025-05-31 20:00:00,21,164,171,Queens,Murray Hill-Queens,Boro Zone,0.0,1.0,0.0,1.0,0.0,,228,0.0,228,Latest chronological test-window forecast
2025-05-31 20:00:00,21,165,172,Staten Island,New Dorp/Midland Beach,Boro Zone,0.0,0.0,0.0,0.0,0.0,,229,0.0,229,Latest chronological test-window forecast
2025-05-31 20:00:00,21,166,173,Queens,North Corona,Boro Zone,4.334,1.0,5.0,3.334,-0.666,-13.32,100,0.0088,96,Latest chronological test-window forecast
2025-05-31 20:00:00,21,167,174,Bronx,Norwood,Boro Zone,0.782,2.0,1.0,1.218,-0.218,-21.8,155,0.0016,166,Latest chronological test-window forecast
2025-05-31 20:00:00,21,168,175,Queens,Oakland Gardens,Boro Zone,0.785,0.0,1.0,0.785,-0.215,-21.5,142,0.0016,167,Latest chronological test-window forecast
2025-05-31 20:00:00,21,169,176,Staten Island,Oakwood,Boro Zone,0.0,0.0,0.0,0.0,0.0,,230,0.0,230,Latest chronological test-window forecast
2025-05-31 20:00:00,21,170,177,Brooklyn,Ocean Hill,Boro Zone,4.329,4.0,5.0,0.329,-0.671,-13.42,101,0.0088,97,Latest chronological test-window forecast
2025-05-31 20:00:00,21,171,178,Brooklyn,Ocean Parkway South,Boro Zone,0.0,0.0,0.0,0.0,0.0,,231,0.0,231,Latest chronological test-window forecast
2025-05-31 20:00:00,21,172,179,Queens,Old Astoria,Boro Zone,1.655,7.0,2.0,5.345,-0.345,-17.25,131,0.0034,129,Latest chronological test-window forecast
2025-05-31 20:00:00,21,173,180,Queens,Ozone Park,Boro Zone,0.0,0.0,0.0,0.0,0.0,,232,0.0,232,Latest chronological test-window forecast
2025-05-31 20:00:00,21,174,181,Brooklyn,Park Slope,Boro Zone,10.532,8.0,12.0,2.532,-1.468,-12.23,72,0.0214,71,Latest chronological test-window forecast
2025-05-31 20:00:00,21,175,182,Bronx,Parkchester,Boro Zone,0.775,1.0,1.0,0.225,-0.225,-22.5,173,0.0016,168,Latest chronological test-window forecast
2025-05-31 20:00:00,21,176,183,Bronx,Pelham Bay,Boro Zone,1.669,0.0,2.0,1.669,-0.331,-16.55,126,0.0034,130,Latest chronological test-window forecast
2025-05-31 20:00:00,21,177,184,Bronx,Pelham Bay Park,Boro Zone,0.0,0.0,0.0,0.0,0.0,,233,0.0,233,Latest chronological test-window forecast
2025-05-31 20:00:00,21,178,185,Bronx,Pelham Parkway,Boro Zone,0.0,0.0,0.0,0.0,0.0,,234,0.0,234,Latest chronological test-window forecast
2025-05-31 20:00:00,21,179,186,Manhattan,Penn Station/Madison Sq West,Yellow Zone,153.298,180.0,174.0,26.702,-20.702,-11.9,17,0.3112,17,Latest chronological test-window forecast
2025-05-31 20:00:00,21,180,187,Staten Island,Port Richmond,Boro Zone,0.0,0.0,0.0,0.0,0.0,,235,0.0,235,Latest chronological test-window forecast
2025-05-31 20:00:00,21,181,188,Brooklyn,Prospect-Lefferts Gardens,Boro Zone,6.999,11.0,8.0,4.001,-1.001,-12.51,78,0.0142,78,Latest chronological test-window forecast
2025-05-31 20:00:00,21,182,189,Brooklyn,Prospect Heights,Boro Zone,3.437,7.0,4.0,3.563,-0.563,-14.08,107,0.007,109,Latest chronological test-window forecast
2025-05-31 20:00:00,21,183,190,Brooklyn,Prospect Park,Boro Zone,0.0,1.0,0.0,1.0,0.0,,236,0.0,236,Latest chronological test-window forecast
2025-05-31 20:00:00,21,184,191,Queens,Queens Village,Boro Zone,1.676,0.0,2.0,1.676,-0.324,-16.2,117,0.0034,131,Latest chronological test-window forecast
2025-05-31 20:00:00,21,185,192,Queens,Queensboro Hill,Boro Zone,0.0,1.0,0.0,1.0,0.0,,237,0.0,237,Latest chronological test-window forecast
2025-05-31 20:00:00,21,186,193,Queens,Queensbridge/Ravenswood,Boro Zone,5.192,5.0,6.0,0.192,-0.808,-13.47,93,0.0105,93,Latest chronological test-window forecast
2025-05-31 20:00:00,21,187,194,Manhattan,Randalls Island,Yellow Zone,0.0,0.0,0.0,0.0,0.0,,238,0.0,238,Latest chronological test-window forecast
2025-05-31 20:00:00,21,188,195,Brooklyn,Red Hook,Boro Zone,5.198,2.0,6.0,3.198,-0.802,-13.37,92,0.0106,91,Latest chronological test-window forecast
2025-05-31 20:00:00,21,189,196,Queens,Rego Park,Boro Zone,4.338,2.0,5.0,2.338,-0.662,-13.24,99,0.0088,98,Latest chronological test-window forecast
2025-05-31 20:00:00,21,190,197,Queens,Richmond Hill,Boro Zone,4.344,3.0,5.0,1.344,-0.656,-13.12,97,0.0088,99,Latest chronological test-window forecast
2025-05-31 20:00:00,21,191,198,Queens,Ridgewood,Boro Zone,6.103,5.0,7.0,1.103,-0.897,-12.81,87,0.0124,87,Latest chronological test-window forecast
2025-05-31 20:00:00,21,192,200,Bronx,Riverdale/North Riverdale/Fieldston,Boro Zone,0.0,0.0,0.0,0.0,0.0,,239,0.0,239,Latest chronological test-window forecast
2025-05-31 20:00:00,21,193,201,Queens,Rockaway Park,Boro Zone,0.0,0.0,0.0,0.0,0.0,,240,0.0,240,Latest chronological test-window forecast
2025-05-31 20:00:00,21,194,202,Manhattan,Roosevelt Island,Boro Zone,0.768,1.0,1.0,0.232,-0.232,-23.2,177,0.0016,169,Latest chronological test-window forecast
2025-05-31 20:00:00,21,195,203,Queens,Rosedale,Boro Zone,0.0,0.0,0.0,0.0,0.0,,241,0.0,241,Latest chronological test-window forecast
2025-05-31 20:00:00,21,196,204,Staten Island,Rossville/Woodrow,Boro Zone,0.0,0.0,0.0,0.0,0.0,,242,0.0,242,Latest chronological test-window forecast
2025-05-31 20:00:00,21,197,205,Queens,Saint Albans,Boro Zone,4.345,1.0,5.0,3.345,-0.655,-13.1,96,0.0088,100,Latest chronological test-window forecast
2025-05-31 20:00:00,21,198,206,Staten Island,Saint George/New Brighton,Boro Zone,0.0,0.0,0.0,0.0,0.0,,243,0.0,243,Latest chronological test-window forecast
2025-05-31 20:00:00,21,199,207,Queens,Saint Michaels Cemetery/Woodside,Boro Zone,0.0,0.0,0.0,0.0,0.0,,244,0.0,244,Latest chronological test-window forecast
2025-05-31 20:00:00,21,200,208,Bronx,Schuylerville/Edgewater Park,Boro Zone,4.344,4.0,5.0,0.344,-0.656,-13.12,98,0.0088,101,Latest chronological test-window forecast
2025-05-31 20:00:00,21,201,209,Manhattan,Seaport,Yellow Zone,20.164,24.0,23.0,3.836,-2.836,-12.33,56,0.0409,56,Latest chronological test-window forecast
2025-05-31 20:00:00,21,202,210,Brooklyn,Sheepshead Bay,Boro Zone,0.0,2.0,0.0,2.0,0.0,,245,0.0,245,Latest chronological test-window forecast
2025-05-31 20:00:00,21,203,211,Manhattan,SoHo,Yellow Zone,58.073,80.0,66.0,21.927,-7.927,-12.01,39,0.1179,39,Latest chronological test-window forecast
2025-05-31 20:00:00,21,204,212,Bronx,Soundview/Bruckner,Boro Zone,1.671,2.0,2.0,0.329,-0.329,-16.45,122,0.0034,132,Latest chronological test-window forecast
2025-05-31 20:00:00,21,205,213,Bronx,Soundview/Castle Hill,Boro Zone,1.672,3.0,2.0,1.328,-0.328,-16.4,119,0.0034,133,Latest chronological test-window forecast
2025-05-31 20:00:00,21,206,214,Staten Island,South Beach/Dongan Hills,Boro Zone,0.781,0.0,1.0,0.781,-0.219,-21.9,160,0.0016,170,Latest chronological test-window forecast
2025-05-31 20:00:00,21,207,215,Queens,South Jamaica,Boro Zone,1.676,1.0,2.0,0.676,-0.324,-16.2,118,0.0034,134,Latest chronological test-window forecast
2025-05-31 20:00:00,21,208,216,Queens,South Ozone Park,Boro Zone,0.781,8.0,1.0,7.219,-0.219,-21.9,161,0.0016,171,Latest chronological test-window forecast
2025-05-31 20:00:00,21,209,217,Brooklyn,South Williamsburg,Boro Zone,0.775,0.0,1.0,0.775,-0.225,-22.5,174,0.0016,172,Latest chronological test-window forecast
2025-05-31 20:00:00,21,210,218,Queens,Springfield Gardens North,Boro Zone,0.0,3.0,0.0,3.0,0.0,,246,0.0,246,Latest chronological test-window forecast
2025-05-31 20:00:00,21,211,219,Queens,Springfield Gardens South,Boro Zone,0.78,2.0,1.0,1.22,-0.22,-22.0,169,0.0016,173,Latest chronological test-window forecast
2025-05-31 20:00:00,21,212,220,Bronx,Spuyten Duyvil/Kingsbridge,Boro Zone,0.775,1.0,1.0,0.225,-0.225,-22.5,175,0.0016,174,Latest chronological test-window forecast
2025-05-31 20:00:00,21,213,221,Staten Island,Stapleton,Boro Zone,0.0,0.0,0.0,0.0,0.0,,247,0.0,247,Latest chronological test-window forecast
2025-05-31 20:00:00,21,214,222,Brooklyn,Starrett City,Boro Zone,0.0,0.0,0.0,0.0,0.0,,248,0.0,248,Latest chronological test-window forecast
2025-05-31 20:00:00,21,215,223,Queens,Steinway,Boro Zone,2.542,10.0,3.0,7.458,-0.458,-15.27,114,0.0052,113,Latest chronological test-window forecast
2025-05-31 20:00:00,21,216,224,Manhattan,Stuy Town/Peter Cooper Village,Yellow Zone,11.344,15.0,13.0,3.656,-1.656,-12.74,70,0.023,70,Latest chronological test-window forecast
2025-05-31 20:00:00,21,217,225,Brooklyn,Stuyvesant Heights,Boro Zone,6.986,15.0,8.0,8.014,-1.014,-12.68,79,0.0142,79,Latest chronological test-window forecast
2025-05-31 20:00:00,21,218,226,Queens,Sunnyside,Boro Zone,10.533,13.0,12.0,2.467,-1.467,-12.22,71,0.0214,72,Latest chronological test-window forecast
2025-05-31 20:00:00,21,219,227,Brooklyn,Sunset Park East,Boro Zone,4.359,5.0,5.0,0.641,-0.641,-12.82,94,0.0088,102,Latest chronological test-window forecast
2025-05-31 20:00:00,21,220,228,Brooklyn,Sunset Park West,Boro Zone,6.128,7.0,7.0,0.872,-0.872,-12.46,82,0.0124,88,Latest chronological test-window forecast
2025-05-31 20:00:00,21,221,229,Manhattan,Sutton Place/Turtle Bay North,Yellow Zone,98.638,112.0,112.0,13.362,-13.362,-11.93,28,0.2003,28,Latest chronological test-window forecast
2025-05-31 20:00:00,21,222,230,Manhattan,Times Sq/Theatre District,Yellow Zone,206.246,213.0,234.0,6.754,-27.754,-11.86,6,0.4187,6,Latest chronological test-window forecast
2025-05-31 20:00:00,21,223,231,Manhattan,TriBeCa/Civic Center,Yellow Zone,124.244,143.0,141.0,18.756,-16.756,-11.88,25,0.2522,25,Latest chronological test-window forecast
2025-05-31 20:00:00,21,224,232,Manhattan,Two Bridges/Seward Park,Yellow Zone,22.809,28.0,26.0,5.191,-3.191,-12.27,50,0.0463,50,Latest chronological test-window forecast
2025-05-31 20:00:00,21,225,233,Manhattan,UN/Turtle Bay South,Yellow Zone,92.475,62.0,105.0,30.475,-12.525,-11.93,29,0.1877,30,Latest chronological test-window forecast
2025-05-31 20:00:00,21,226,234,Manhattan,Union Sq,Yellow Zone,205.317,216.0,233.0,10.683,-27.683,-11.88,7,0.4168,7,Latest chronological test-window forecast
2025-05-31 20:00:00,21,227,235,Bronx,University Heights/Morris Heights,Boro Zone,0.0,4.0,0.0,4.0,0.0,,249,0.0,249,Latest chronological test-window forecast
2025-05-31 20:00:00,21,228,236,Manhattan,Upper East Side North,Yellow Zone,216.025,202.0,245.0,14.025,-28.975,-11.83,4,0.4386,4,Latest chronological test-window forecast
2025-05-31 20:00:00,21,229,237,Manhattan,Upper East Side South,Yellow Zone,266.261,303.0,302.0,36.739,-35.739,-11.83,2,0.5406,2,Latest chronological test-window forecast
2025-05-31 20:00:00,21,230,238,Manhattan,Upper West Side North,Yellow Zone,87.259,105.0,99.0,17.741,-11.741,-11.86,31,0.1772,31,Latest chronological test-window forecast
2025-05-31 20:00:00,21,231,239,Manhattan,Upper West Side South,Yellow Zone,163.135,158.0,185.0,5.135,-21.865,-11.82,14,0.3312,14,Latest chronological test-window forecast
2025-05-31 20:00:00,21,232,240,Bronx,Van Cortlandt Park,Boro Zone,0.775,0.0,1.0,0.775,-0.225,-22.5,176,0.0016,175,Latest chronological test-window forecast
2025-05-31 20:00:00,21,233,241,Bronx,Van Cortlandt Village,Boro Zone,0.0,1.0,0.0,1.0,0.0,,250,0.0,250,Latest chronological test-window forecast
2025-05-31 20:00:00,21,234,242,Bronx,Van Nest/Morris Park,Boro Zone,0.782,0.0,1.0,0.782,-0.218,-21.8,156,0.0016,176,Latest chronological test-window forecast
2025-05-31 20:00:00,21,235,243,Manhattan,Washington Heights North,Boro Zone,6.982,5.0,8.0,1.982,-1.018,-12.72,80,0.0142,80,Latest chronological test-window forecast
2025-05-31 20:00:00,21,236,244,Manhattan,Washington Heights South,Boro Zone,17.637,16.0,20.0,1.637,-2.363,-11.82,59,0.0358,59,Latest chronological test-window forecast
2025-05-31 20:00:00,21,237,245,Staten Island,West Brighton,Boro Zone,0.0,0.0,0.0,0.0,0.0,,251,0.0,251,Latest chronological test-window forecast
2025-05-31 20:00:00,21,238,246,Manhattan,West Chelsea/Hudson Yards,Yellow Zone,121.559,173.0,138.0,51.441,-16.441,-11.91,26,0.2468,26,Latest chronological test-window forecast
2025-05-31 20:00:00,21,239,247,Bronx,West Concourse,Boro Zone,2.558,7.0,3.0,4.442,-0.442,-14.73,112,0.0052,114,Latest chronological test-window forecast
2025-05-31 20:00:00,21,240,248,Bronx,West Farms/Bronx River,Boro Zone,0.0,1.0,0.0,1.0,0.0,,252,0.0,252,Latest chronological test-window forecast
2025-05-31 20:00:00,21,241,249,Manhattan,West Village,Yellow Zone,155.063,256.0,176.0,100.937,-20.937,-11.9,16,0.3148,16,Latest chronological test-window forecast
2025-05-31 20:00:00,21,242,250,Bronx,Westchester Village/Unionport,Boro Zone,0.0,0.0,0.0,0.0,0.0,,253,0.0,253,Latest chronological test-window forecast
2025-05-31 20:00:00,21,243,251,Staten Island,Westerleigh,Boro Zone,0.0,0.0,0.0,0.0,0.0,,254,0.0,254,Latest chronological test-window forecast
2025-05-31 20:00:00,21,244,252,Queens,Whitestone,Boro Zone,0.783,1.0,1.0,0.217,-0.217,-21.7,151,0.0016,177,Latest chronological test-window forecast
2025-05-31 20:00:00,21,245,253,Queens,Willets Point,Boro Zone,0.0,0.0,0.0,0.0,0.0,,255,0.0,255,Latest chronological test-window forecast
2025-05-31 20:00:00,21,246,254,Bronx,Williamsbridge/Olinville,Boro Zone,0.782,1.0,1.0,0.218,-0.218,-21.8,157,0.0016,178,Latest chronological test-window forecast
2025-05-31 20:00:00,21,247,255,Brooklyn,Williamsburg (North Side),Boro Zone,13.157,21.0,15.0,7.843,-1.843,-12.29,63,0.0267,63,Latest chronological test-window forecast
2025-05-31 20:00:00,21,248,256,Brooklyn,Williamsburg (South Side),Boro Zone,12.27,19.0,14.0,6.73,-1.73,-12.36,66,0.0249,66,Latest chronological test-window forecast
2025-05-31 20:00:00,21,249,257,Brooklyn,Windsor Terrace,Boro Zone,0.0,1.0,0.0,1.0,0.0,,256,0.0,256,Latest chronological test-window forecast
2025-05-31 20:00:00,21,250,258,Queens,Woodhaven,Boro Zone,1.67,4.0,2.0,2.33,-0.33,-16.5,124,0.0034,135,Latest chronological test-window forecast
2025-05-31 20:00:00,21,251,259,Bronx,Woodlawn/Wakefield,Boro Zone,0.784,0.0,1.0,0.784,-0.216,-21.6,146,0.0016,179,Latest chronological test-window forecast
2025-05-31 20:00:00,21,252,260,Queens,Woodside,Boro Zone,5.207,4.0,6.0,1.207,-0.793,-13.22,91,0.0106,92,Latest chronological test-window forecast
2025-05-31 20:00:00,21,253,261,Manhattan,World Trade Center,Yellow Zone,30.747,40.0,35.0,9.253,-4.253,-12.15,48,0.0624,48,Latest chronological test-window forecast
2025-05-31 20:00:00,21,254,262,Manhattan,Yorkville East,Yellow Zone,66.908,78.0,76.0,11.092,-9.092,-11.96,38,0.1358,38,Latest chronological test-window forecast
2025-05-31 20:00:00,21,255,263,Manhattan,Yorkville West,Yellow Zone,139.358,167.0,158.0,27.642,-18.642,-11.8,20,0.2829,21,Latest chronological test-window forecast
2025-05-31 21:00:00,22,0,1,EWR,Newark Airport,EWR,0.0,0.0,0.0,0.0,0.0,,179,0.0,179,Latest chronological test-window forecast
2025-05-31 21:00:00,22,1,2,Queens,Jamaica Bay,Boro Zone,0.0,0.0,0.0,0.0,0.0,,180,0.0,180,Latest chronological test-window forecast
2025-05-31 21:00:00,22,2,3,Bronx,Allerton/Pelham Gardens,Boro Zone,0.0,0.0,0.0,0.0,0.0,,181,0.0,181,Latest chronological test-window forecast
2025-05-31 21:00:00,22,3,4,Manhattan,Alphabet City,Yellow Zone,14.159,25.0,16.0,10.841,-1.841,-11.51,62,0.0311,62,Latest chronological test-window forecast
2025-05-31 21:00:00,22,4,6,Staten Island,Arrochar/Fort Wadsworth,Boro Zone,0.0,0.0,0.0,0.0,0.0,,182,0.0,182,Latest chronological test-window forecast
2025-05-31 21:00:00,22,5,7,Queens,Astoria,Boro Zone,18.751,29.0,21.0,10.249,-2.249,-10.71,52,0.0412,52,Latest chronological test-window forecast
2025-05-31 21:00:00,22,6,8,Queens,Astoria Park,Boro Zone,0.0,0.0,0.0,0.0,0.0,,183,0.0,183,Latest chronological test-window forecast
2025-05-31 21:00:00,22,7,9,Queens,Auburndale,Boro Zone,0.0,0.0,0.0,0.0,0.0,,184,0.0,184,Latest chronological test-window forecast
2025-05-31 21:00:00,22,8,10,Queens,Baisley Park,Boro Zone,3.491,3.0,4.0,0.491,-0.509,-12.72,103,0.0077,95,Latest chronological test-window forecast
2025-05-31 21:00:00,22,9,11,Brooklyn,Bath Beach,Boro Zone,0.0,0.0,0.0,0.0,0.0,,185,0.0,185,Latest chronological test-window forecast
2025-05-31 21:00:00,22,10,12,Manhattan,Battery Park,Yellow Zone,0.0,2.0,0.0,2.0,0.0,,186,0.0,186,Latest chronological test-window forecast
2025-05-31 21:00:00,22,11,13,Manhattan,Battery Park City,Yellow Zone,39.152,26.0,44.0,13.152,-4.848,-11.02,46,0.0861,46,Latest chronological test-window forecast
2025-05-31 21:00:00,22,12,14,Brooklyn,Bay Ridge,Boro Zone,2.605,8.0,3.0,5.395,-0.395,-13.17,106,0.0057,106,Latest chronological test-window forecast
2025-05-31 21:00:00,22,13,15,Queens,Bay Terrace/Fort Totten,Boro Zone,0.802,0.0,1.0,0.802,-0.198,-19.8,150,0.0018,144,Latest chronological test-window forecast
2025-05-31 21:00:00,22,14,16,Queens,Bayside,Boro Zone,1.706,2.0,2.0,0.294,-0.294,-14.7,120,0.0038,116,Latest chronological test-window forecast
2025-05-31 21:00:00,22,15,17,Brooklyn,Bedford,Boro Zone,7.979,13.0,9.0,5.021,-1.021,-11.34,79,0.0175,79,Latest chronological test-window forecast
2025-05-31 21:00:00,22,16,18,Bronx,Bedford Park,Boro Zone,0.0,2.0,0.0,2.0,0.0,,187,0.0,187,Latest chronological test-window forecast
2025-05-31 21:00:00,22,17,19,Queens,Bellerose,Boro Zone,0.0,1.0,0.0,1.0,0.0,,188,0.0,188,Latest chronological test-window forecast
2025-05-31 21:00:00,22,18,20,Bronx,Belmont,Boro Zone,1.699,1.0,2.0,0.699,-0.301,-15.05,135,0.0037,121,Latest chronological test-window forecast
2025-05-31 21:00:00,22,19,21,Brooklyn,Bensonhurst East,Boro Zone,1.712,0.0,2.0,1.712,-0.288,-14.4,116,0.0038,117,Latest chronological test-window forecast
2025-05-31 21:00:00,22,20,22,Brooklyn,Bensonhurst West,Boro Zone,1.71,2.0,2.0,0.29,-0.29,-14.5,118,0.0038,118,Latest chronological test-window forecast
2025-05-31 21:00:00,22,21,23,Staten Island,Bloomfield/Emerson Hill,Boro Zone,0.0,0.0,0.0,0.0,0.0,,189,0.0,189,Latest chronological test-window forecast
2025-05-31 21:00:00,22,22,24,Manhattan,Bloomingdale,Yellow Zone,15.073,14.0,17.0,1.073,-1.927,-11.34,59,0.0331,59,Latest chronological test-window forecast
2025-05-31 21:00:00,22,23,25,Brooklyn,Boerum Hill,Boro Zone,8.868,5.0,10.0,3.868,-1.132,-11.32,77,0.0195,75,Latest chronological test-window forecast
2025-05-31 21:00:00,22,24,26,Brooklyn,Borough Park,Boro Zone,0.0,3.0,0.0,3.0,0.0,,190,0.0,190,Latest chronological test-window forecast
2025-05-31 21:00:00,22,25,27,Queens,Breezy Point/Fort Tilden/Riis Beach,Boro Zone,0.798,0.0,1.0,0.798,-0.202,-20.2,166,0.0018,145,Latest chronological test-window forecast
2025-05-31 21:00:00,22,26,28,Queens,Briarwood/Jamaica Hills,Boro Zone,2.601,4.0,3.0,1.399,-0.399,-13.3,109,0.0057,107,Latest chronological test-window forecast
2025-05-31 21:00:00,22,27,29,Brooklyn,Brighton Beach,Boro Zone,1.711,2.0,2.0,0.289,-0.289,-14.45,117,0.0038,119,Latest chronological test-window forecast
2025-05-31 21:00:00,22,28,30,Queens,Broad Channel,Boro Zone,0.0,0.0,0.0,0.0,0.0,,191,0.0,191,Latest chronological test-window forecast
2025-05-31 21:00:00,22,29,31,Bronx,Bronx Park,Boro Zone,0.794,1.0,1.0,0.206,-0.206,-20.6,173,0.0017,171,Latest chronological test-window forecast
2025-05-31 21:00:00,22,30,32,Bronx,Bronxdale,Boro Zone,0.0,1.0,0.0,1.0,0.0,,192,0.0,192,Latest chronological test-window forecast
2025-05-31 21:00:00,22,31,33,Brooklyn,Brooklyn Heights,Boro Zone,10.62,12.0,12.0,1.38,-1.38,-11.5,72,0.0234,70,Latest chronological test-window forecast
2025-05-31 21:00:00,22,32,34,Brooklyn,Brooklyn Navy Yard,Boro Zone,0.0,1.0,0.0,1.0,0.0,,193,0.0,193,Latest chronological test-window forecast
2025-05-31 21:00:00,22,33,35,Brooklyn,Brownsville,Boro Zone,5.3,10.0,6.0,4.7,-0.7,-11.67,87,0.0117,85,Latest chronological test-window forecast
2025-05-31 21:00:00,22,34,36,Brooklyn,Bushwick North,Boro Zone,3.486,8.0,4.0,4.514,-0.514,-12.85,104,0.0077,96,Latest chronological test-window forecast
2025-05-31 21:00:00,22,35,37,Brooklyn,Bushwick South,Boro Zone,16.044,18.0,18.0,1.956,-1.956,-10.87,58,0.0353,58,Latest chronological test-window forecast
2025-05-31 21:00:00,22,36,38,Queens,Cambria Heights,Boro Zone,0.0,0.0,0.0,0.0,0.0,,194,0.0,194,Latest chronological test-window forecast
2025-05-31 21:00:00,22,37,39,Brooklyn,Canarsie,Boro Zone,6.201,4.0,7.0,2.201,-0.799,-11.41,82,0.0136,82,Latest chronological test-window forecast
2025-05-31 21:00:00,22,38,40,Brooklyn,Carroll Gardens,Boro Zone,1.683,7.0,2.0,5.317,-0.317,-15.85,143,0.0037,122,Latest chronological test-window forecast
2025-05-31 21:00:00,22,39,41,Manhattan,Central Harlem,Boro Zone,27.695,38.0,31.0,10.305,-3.305,-10.66,47,0.0609,47,Latest chronological test-window forecast
2025-05-31 21:00:00,22,40,42,Manhattan,Central Harlem North,Boro Zone,12.47,16.0,14.0,3.53,-1.53,-10.93,66,0.0274,66,Latest chronological test-window forecast
2025-05-31 21:00:00,22,41,43,Manhattan,Central Park,Yellow Zone,94.431,78.0,106.0,16.431,-11.569,-10.91,28,0.2077,28,Latest chronological test-window forecast
2025-05-31 21:00:00,22,42,44,Staten Island,Charleston/Tottenville,Boro Zone,0.0,0.0,0.0,0.0,0.0,,195,0.0,195,Latest chronological test-window forecast
2025-05-31 21:00:00,22,43,45,Manhattan,Chinatown,Yellow Zone,17.746,25.0,20.0,7.254,-2.254,-11.27,55,0.039,55,Latest chronological test-window forecast
2025-05-31 21:00:00,22,44,46,Bronx,City Island,Boro Zone,0.0,0.0,0.0,0.0,0.0,,196,0.0,196,Latest chronological test-window forecast
2025-05-31 21:00:00,22,45,47,Bronx,Claremont/Bathgate,Boro Zone,0.799,1.0,1.0,0.201,-0.201,-20.1,160,0.0018,146,Latest chronological test-window forecast
2025-05-31 21:00:00,22,46,48,Manhattan,Clinton East,Yellow Zone,223.949,222.0,251.0,1.949,-27.051,-10.78,7,0.4925,7,Latest chronological test-window forecast
2025-05-31 21:00:00,22,47,49,Brooklyn,Clinton Hill,Boro Zone,8.86,4.0,10.0,4.86,-1.14,-11.4,78,0.0195,76,Latest chronological test-window forecast
2025-05-31 21:00:00,22,48,50,Manhattan,Clinton West,Yellow Zone,47.163,56.0,53.0,8.837,-5.837,-11.01,41,0.1037,41,Latest chronological test-window forecast
2025-05-31 21:00:00,22,49,51,Bronx,Co-Op City,Boro Zone,1.703,3.0,2.0,1.297,-0.297,-14.85,126,0.0037,123,Latest chronological test-window forecast
2025-05-31 21:00:00,22,50,52,Brooklyn,Cobble Hill,Boro Zone,0.788,3.0,1.0,2.212,-0.212,-21.2,175,0.0017,172,Latest chronological test-window forecast
2025-05-31 21:00:00,22,51,53,Queens,College Point,Boro Zone,1.702,0.0,2.0,1.702,-0.298,-14.9,127,0.0037,124,Latest chronological test-window forecast
2025-05-31 21:00:00,22,52,54,Brooklyn,Columbia Street,Boro Zone,0.0,2.0,0.0,2.0,0.0,,197,0.0,197,Latest chronological test-window forecast
2025-05-31 21:00:00,22,53,55,Brooklyn,Coney Island,Boro Zone,0.806,0.0,1.0,0.806,-0.194,-19.4,146,0.0018,147,Latest chronological test-window forecast
2025-05-31 21:00:00,22,54,56,Queens,Corona,Boro Zone,3.5,2.0,4.0,1.5,-0.5,-12.5,97,0.0077,97,Latest chronological test-window forecast
2025-05-31 21:00:00,22,55,57,Queens,Corona,Boro Zone,0.799,0.0,1.0,0.799,-0.201,-20.1,161,0.0018,148,Latest chronological test-window forecast
2025-05-31 21:00:00,22,56,58,Bronx,Country Club,Boro Zone,0.0,0.0,0.0,0.0,0.0,,198,0.0,198,Latest chronological test-window forecast
2025-05-31 21:00:00,22,57,59,Bronx,Crotona Park,Boro Zone,0.0,0.0,0.0,0.0,0.0,,199,0.0,199,Latest chronological test-window forecast
2025-05-31 21:00:00,22,58,60,Bronx,Crotona Park East,Boro Zone,0.0,2.0,0.0,2.0,0.0,,200,0.0,200,Latest chronological test-window forecast
2025-05-31 21:00:00,22,59,61,Brooklyn,Crown Heights North,Boro Zone,12.465,18.0,14.0,5.535,-1.535,-10.96,67,0.0274,67,Latest chronological test-window forecast
2025-05-31 21:00:00,22,60,62,Brooklyn,Crown Heights South,Boro Zone,3.495,5.0,4.0,1.505,-0.505,-12.62,101,0.0077,98,Latest chronological test-window forecast
2025-05-31 21:00:00,22,61,63,Brooklyn,Cypress Hills,Boro Zone,3.496,7.0,4.0,3.504,-0.504,-12.6,100,0.0077,99,Latest chronological test-window forecast
2025-05-31 21:00:00,22,62,64,Queens,Douglaston,Boro Zone,0.0,0.0,0.0,0.0,0.0,,201,0.0,201,Latest chronological test-window forecast
2025-05-31 21:00:00,22,63,65,Brooklyn,Downtown Brooklyn/MetroTech,Boro Zone,12.404,7.0,14.0,5.404,-1.596,-11.4,68,0.0273,68,Latest chronological test-window forecast
2025-05-31 21:00:00,22,64,66,Brooklyn,DUMBO/Vinegar Hill,Boro Zone,13.274,16.0,15.0,2.726,-1.726,-11.51,65,0.0292,65,Latest chronological test-window forecast
2025-05-31 21:00:00,22,65,67,Brooklyn,Dyker Heights,Boro Zone,1.705,1.0,2.0,0.705,-0.295,-14.75,121,0.0037,125,Latest chronological test-window forecast
2025-05-31 21:00:00,22,66,68,Manhattan,East Chelsea,Yellow Zone,161.343,160.0,181.0,1.343,-19.657,-10.86,14,0.3548,14,Latest chronological test-window forecast
2025-05-31 21:00:00,22,67,69,Bronx,East Concourse/Concourse Village,Boro Zone,0.0,4.0,0.0,4.0,0.0,,202,0.0,202,Latest chronological test-window forecast
2025-05-31 21:00:00,22,68,70,Queens,East Elmhurst,Boro Zone,27.568,13.0,31.0,14.568,-3.432,-11.07,48,0.0606,48,Latest chronological test-window forecast
2025-05-31 21:00:00,22,69,71,Brooklyn,East Flatbush/Farragut,Boro Zone,3.498,4.0,4.0,0.502,-0.502,-12.55,98,0.0077,100,Latest chronological test-window forecast
2025-05-31 21:00:00,22,70,72,Brooklyn,East Flatbush/Remsen Village,Boro Zone,0.799,3.0,1.0,2.201,-0.201,-20.1,162,0.0018,149,Latest chronological test-window forecast
2025-05-31 21:00:00,22,71,73,Queens,East Flushing,Boro Zone,0.0,0.0,0.0,0.0,0.0,,203,0.0,203,Latest chronological test-window forecast
2025-05-31 21:00:00,22,72,74,Manhattan,East Harlem North,Boro Zone,18.727,24.0,21.0,5.273,-2.273,-10.82,53,0.0412,53,Latest chronological test-window forecast
2025-05-31 21:00:00,22,73,75,Manhattan,East Harlem South,Boro Zone,41.081,29.0,46.0,12.081,-4.919,-10.69,45,0.0903,45,Latest chronological test-window forecast
2025-05-31 21:00:00,22,74,76,Brooklyn,East New York,Boro Zone,3.497,10.0,4.0,6.503,-0.503,-12.58,99,0.0077,101,Latest chronological test-window forecast
2025-05-31 21:00:00,22,75,77,Brooklyn,East New York/Pennsylvania Avenue,Boro Zone,0.799,3.0,1.0,2.201,-0.201,-20.1,163,0.0018,150,Latest chronological test-window forecast
2025-05-31 21:00:00,22,76,78,Bronx,East Tremont,Boro Zone,0.801,4.0,1.0,3.199,-0.199,-19.9,152,0.0018,151,Latest chronological test-window forecast
2025-05-31 21:00:00,22,77,79,Manhattan,East Village,Yellow Zone,246.041,304.0,276.0,57.959,-29.959,-10.85,5,0.541,5,Latest chronological test-window forecast
2025-05-31 21:00:00,22,78,80,Brooklyn,East Williamsburg,Boro Zone,13.333,10.0,15.0,3.333,-1.667,-11.11,63,0.0293,63,Latest chronological test-window forecast
2025-05-31 21:00:00,22,79,81,Bronx,Eastchester,Boro Zone,0.803,1.0,1.0,0.197,-0.197,-19.7,149,0.0018,152,Latest chronological test-window forecast
2025-05-31 21:00:00,22,80,82,Queens,Elmhurst,Boro Zone,8.897,9.0,10.0,0.103,-1.103,-11.03,74,0.0196,74,Latest chronological test-window forecast
2025-05-31 21:00:00,22,81,83,Queens,Elmhurst/Maspeth,Boro Zone,2.59,2.0,3.0,0.59,-0.41,-13.67,114,0.0057,108,Latest chronological test-window forecast
2025-05-31 21:00:00,22,82,84,Staten Island,Eltingville/Annadale/Prince's Bay,Boro Zone,0.0,0.0,0.0,0.0,0.0,,204,0.0,204,Latest chronological test-window forecast
2025-05-31 21:00:00,22,83,85,Brooklyn,Erasmus,Boro Zone,1.697,4.0,2.0,2.303,-0.303,-15.15,136,0.0037,126,Latest chronological test-window forecast
2025-05-31 21:00:00,22,84,86,Queens,Far Rockaway,Boro Zone,0.0,2.0,0.0,2.0,0.0,,205,0.0,205,Latest chronological test-window forecast
2025-05-31 21:00:00,22,85,87,Manhattan,Financial District North,Yellow Zone,81.942,92.0,92.0,10.058,-10.058,-10.93,32,0.1802,32,Latest chronological test-window forecast
2025-05-31 21:00:00,22,86,88,Manhattan,Financial District South,Yellow Zone,23.078,25.0,26.0,1.922,-2.922,-11.24,50,0.0507,50,Latest chronological test-window forecast
2025-05-31 21:00:00,22,87,89,Brooklyn,Flatbush/Ditmas Park,Boro Zone,5.304,9.0,6.0,3.696,-0.696,-11.6,86,0.0117,86,Latest chronological test-window forecast
2025-05-31 21:00:00,22,88,90,Manhattan,Flatiron,Yellow Zone,110.465,153.0,124.0,42.535,-13.535,-10.92,24,0.2429,24,Latest chronological test-window forecast
2025-05-31 21:00:00,22,89,91,Brooklyn,Flatlands,Boro Zone,2.603,4.0,3.0,1.397,-0.397,-13.23,107,0.0057,109,Latest chronological test-window forecast
2025-05-31 21:00:00,22,90,92,Queens,Flushing,Boro Zone,5.306,7.0,6.0,1.694,-0.694,-11.57,85,0.0117,87,Latest chronological test-window forecast
2025-05-31 21:00:00,22,91,93,Queens,Flushing Meadows-Corona Park,Boro Zone,16.862,1.0,19.0,15.862,-2.138,-11.25,56,0.0371,56,Latest chronological test-window forecast
2025-05-31 21:00:00,22,92,94,Bronx,Fordham South,Boro Zone,0.0,1.0,0.0,1.0,0.0,,206,0.0,206,Latest chronological test-window forecast
2025-05-31 21:00:00,22,93,95,Queens,Forest Hills,Boro Zone,0.0,9.0,0.0,9.0,0.0,,207,0.0,207,Latest chronological test-window forecast
2025-05-31 21:00:00,22,94,96,Queens,Forest Park/Highland Park,Boro Zone,0.0,2.0,0.0,2.0,0.0,,208,0.0,208,Latest chronological test-window forecast
2025-05-31 21:00:00,22,95,97,Brooklyn,Fort Greene,Boro Zone,5.272,23.0,6.0,17.728,-0.728,-12.13,88,0.0116,88,Latest chronological test-window forecast
2025-05-31 21:00:00,22,96,98,Queens,Fresh Meadows,Boro Zone,0.0,0.0,0.0,0.0,0.0,,209,0.0,209,Latest chronological test-window forecast
2025-05-31 21:00:00,22,97,100,Manhattan,Garment District,Yellow Zone,68.56,82.0,77.0,13.44,-8.44,-10.96,36,0.1508,36,Latest chronological test-window forecast
2025-05-31 21:00:00,22,98,101,Queens,Glen Oaks,Boro Zone,0.0,0.0,0.0,0.0,0.0,,210,0.0,210,Latest chronological test-window forecast
2025-05-31 21:00:00,22,99,102,Queens,Glendale,Boro Zone,2.599,2.0,3.0,0.599,-0.401,-13.37,112,0.0057,110,Latest chronological test-window forecast
2025-05-31 21:00:00,22,100,106,Brooklyn,Gowanus,Boro Zone,3.501,5.0,4.0,1.499,-0.499,-12.48,96,0.0077,102,Latest chronological test-window forecast
2025-05-31 21:00:00,22,101,107,Manhattan,Gramercy,Yellow Zone,130.104,196.0,146.0,65.896,-15.896,-10.89,21,0.2861,21,Latest chronological test-window forecast
2025-05-31 21:00:00,22,102,108,Brooklyn,Gravesend,Boro Zone,0.0,2.0,0.0,2.0,0.0,,211,0.0,211,Latest chronological test-window forecast
2025-05-31 21:00:00,22,103,109,Staten Island,Great Kills,Boro Zone,0.0,0.0,0.0,0.0,0.0,,212,0.0,212,Latest chronological test-window forecast
2025-05-31 21:00:00,22,104,111,Brooklyn,Green-Wood Cemetery,Boro Zone,0.0,0.0,0.0,0.0,0.0,,213,0.0,213,Latest chronological test-window forecast
2025-05-31 21:00:00,22,105,112,Brooklyn,Greenpoint,Boro Zone,19.587,18.0,22.0,1.587,-2.413,-10.97,51,0.0431,51,Latest chronological test-window forecast
2025-05-31 21:00:00,22,106,113,Manhattan,Greenwich Village North,Yellow Zone,119.409,126.0,134.0,6.591,-14.591,-10.89,23,0.2626,23,Latest chronological test-window forecast
2025-05-31 21:00:00,22,107,114,Manhattan,Greenwich Village South,Yellow Zone,148.806,229.0,167.0,80.194,-18.194,-10.89,15,0.3272,15,Latest chronological test-window forecast
2025-05-31 21:00:00,22,108,115,Staten Island,Grymes Hill/Clifton,Boro Zone,0.0,0.0,0.0,0.0,0.0,,214,0.0,214,Latest chronological test-window forecast
2025-05-31 21:00:00,22,109,116,Manhattan,Hamilton Heights,Boro Zone,10.645,13.0,12.0,2.355,-1.355,-11.29,71,0.0234,71,Latest chronological test-window forecast
2025-05-31 21:00:00,22,110,117,Queens,Hammels/Arverne,Boro Zone,0.0,0.0,0.0,0.0,0.0,,215,0.0,215,Latest chronological test-window forecast
2025-05-31 21:00:00,22,111,118,Staten Island,Heartland Village/Todt Hill,Boro Zone,0.0,0.0,0.0,0.0,0.0,,216,0.0,216,Latest chronological test-window forecast
2025-05-31 21:00:00,22,112,119,Bronx,Highbridge,Boro Zone,0.797,3.0,1.0,2.203,-0.203,-20.3,168,0.0018,153,Latest chronological test-window forecast
2025-05-31 21:00:00,22,113,120,Manhattan,Highbridge Park,Boro Zone,0.787,0.0,1.0,0.787,-0.213,-21.3,177,0.0017,173,Latest chronological test-window forecast
2025-05-31 21:00:00,22,114,121,Queens,Hillcrest/Pomonok,Boro Zone,1.705,0.0,2.0,1.705,-0.295,-14.75,122,0.0037,127,Latest chronological test-window forecast
2025-05-31 21:00:00,22,115,122,Queens,Hollis,Boro Zone,0.0,1.0,0.0,1.0,0.0,,217,0.0,217,Latest chronological test-window forecast
2025-05-31 21:00:00,22,116,123,Brooklyn,Homecrest,Boro Zone,0.0,0.0,0.0,0.0,0.0,,218,0.0,218,Latest chronological test-window forecast
2025-05-31 21:00:00,22,117,124,Queens,Howard Beach,Boro Zone,0.801,0.0,1.0,0.801,-0.199,-19.9,153,0.0018,154,Latest chronological test-window forecast
2025-05-31 21:00:00,22,118,125,Manhattan,Hudson Sq,Yellow Zone,47.151,38.0,53.0,9.151,-5.849,-11.04,43,0.1037,42,Latest chronological test-window forecast
2025-05-31 21:00:00,22,119,126,Bronx,Hunts Point,Boro Zone,0.8,2.0,1.0,1.2,-0.2,-20.0,155,0.0018,155,Latest chronological test-window forecast
2025-05-31 21:00:00,22,120,127,Manhattan,Inwood,Boro Zone,4.382,4.0,5.0,0.382,-0.618,-12.36,93,0.0096,92,Latest chronological test-window forecast
2025-05-31 21:00:00,22,121,128,Manhattan,Inwood Hill Park,Boro Zone,0.785,0.0,1.0,0.785,-0.215,-21.5,178,0.0017,174,Latest chronological test-window forecast
2025-05-31 21:00:00,22,122,129,Queens,Jackson Heights,Boro Zone,4.391,6.0,5.0,1.609,-0.609,-12.18,91,0.0097,90,Latest chronological test-window forecast
2025-05-31 21:00:00,22,123,130,Queens,Jamaica,Boro Zone,7.104,11.0,8.0,3.896,-0.896,-11.2,81,0.0156,81,Latest chronological test-window forecast
2025-05-31 21:00:00,22,124,131,Queens,Jamaica Estates,Boro Zone,1.707,1.0,2.0,0.707,-0.293,-14.65,119,0.0038,120,Latest chronological test-window forecast
2025-05-31 21:00:00,22,125,132,Queens,JFK Airport,Airports,311.184,443.0,348.0,131.816,-36.816,-10.58,3,0.6843,3,Latest chronological test-window forecast
2025-05-31 21:00:00,22,126,133,Brooklyn,Kensington,Boro Zone,0.0,3.0,0.0,3.0,0.0,,219,0.0,219,Latest chronological test-window forecast
2025-05-31 21:00:00,22,127,134,Queens,Kew Gardens,Boro Zone,0.8,0.0,1.0,0.8,-0.2,-20.0,156,0.0018,156,Latest chronological test-window forecast
2025-05-31 21:00:00,22,128,135,Queens,Kew Gardens Hills,Boro Zone,0.0,0.0,0.0,0.0,0.0,,220,0.0,220,Latest chronological test-window forecast
2025-05-31 21:00:00,22,129,136,Bronx,Kingsbridge Heights,Boro Zone,0.0,0.0,0.0,0.0,0.0,,221,0.0,221,Latest chronological test-window forecast
2025-05-31 21:00:00,22,130,137,Manhattan,Kips Bay,Yellow Zone,60.596,85.0,68.0,24.404,-7.404,-10.89,38,0.1332,38,Latest chronological test-window forecast
2025-05-31 21:00:00,22,131,138,Queens,LaGuardia Airport,Airports,174.003,62.0,195.0,112.003,-20.997,-10.77,13,0.3826,13,Latest chronological test-window forecast
2025-05-31 21:00:00,22,132,139,Queens,Laurelton,Boro Zone,0.0,0.0,0.0,0.0,0.0,,222,0.0,222,Latest chronological test-window forecast
2025-05-31 21:00:00,22,133,140,Manhattan,Lenox Hill East,Yellow Zone,74.986,79.0,84.0,4.014,-9.014,-10.73,35,0.1649,35,Latest chronological test-window forecast
2025-05-31 21:00:00,22,134,141,Manhattan,Lenox Hill West,Yellow Zone,140.854,170.0,158.0,29.146,-17.146,-10.85,17,0.3097,17,Latest chronological test-window forecast
2025-05-31 21:00:00,22,135,142,Manhattan,Lincoln Square East,Yellow Zone,313.106,498.0,351.0,184.894,-37.894,-10.8,2,0.6885,2,Latest chronological test-window forecast
2025-05-31 21:00:00,22,136,143,Manhattan,Lincoln Square West,Yellow Zone,81.069,70.0,91.0,11.069,-9.931,-10.91,33,0.1783,33,Latest chronological test-window forecast
2025-05-31 21:00:00,22,137,144,Manhattan,Little Italy/NoLiTa,Yellow Zone,78.363,125.0,88.0,46.637,-9.637,-10.95,34,0.1723,34,Latest chronological test-window forecast
2025-05-31 21:00:00,22,138,145,Queens,Long Island City/Hunters Point,Boro Zone,14.227,40.0,16.0,25.773,-1.773,-11.08,60,0.0313,60,Latest chronological test-window forecast
2025-05-31 21:00:00,22,139,146,Queens,Long Island City/Queens Plaza,Boro Zone,5.257,31.0,6.0,25.743,-0.743,-12.38,89,0.0116,89,Latest chronological test-window forecast
2025-05-31 21:00:00,22,140,147,Bronx,Longwood,Boro Zone,2.6,1.0,3.0,1.6,-0.4,-13.33,110,0.0057,111,Latest chronological test-window forecast
2025-05-31 21:00:00,22,141,148,Manhattan,Lower East Side,Yellow Zone,100.667,111.0,113.0,10.333,-12.333,-10.91,27,0.2214,27,Latest chronological test-window forecast
2025-05-31 21:00:00,22,142,149,Brooklyn,Madison,Boro Zone,0.0,2.0,0.0,2.0,0.0,,223,0.0,223,Latest chronological test-window forecast
2025-05-31 21:00:00,22,143,150,Brooklyn,Manhattan Beach,Boro Zone,0.808,0.0,1.0,0.808,-0.192,-19.2,144,0.0018,157,Latest chronological test-window forecast
2025-05-31 21:00:00,22,144,151,Manhattan,Manhattan Valley,Yellow Zone,42.745,44.0,48.0,1.255,-5.255,-10.95,44,0.094,44,Latest chronological test-window forecast
2025-05-31 21:00:00,22,145,152,Manhattan,Manhattanville,Boro Zone,4.367,8.0,5.0,3.633,-0.633,-12.66,94,0.0096,93,Latest chronological test-window forecast
2025-05-31 21:00:00,22,146,153,Manhattan,Marble Hill,Boro Zone,0.0,0.0,0.0,0.0,0.0,,224,0.0,224,Latest chronological test-window forecast
2025-05-31 21:00:00,22,147,154,Brooklyn,Marine Park/Floyd Bennett Field,Boro Zone,0.0,0.0,0.0,0.0,0.0,,225,0.0,225,Latest chronological test-window forecast
2025-05-31 21:00:00,22,148,155,Brooklyn,Marine Park/Mill Basin,Boro Zone,1.704,1.0,2.0,0.704,-0.296,-14.8,124,0.0037,128,Latest chronological test-window forecast
2025-05-31 21:00:00,22,149,156,Staten Island,Mariners Harbor,Boro Zone,0.0,0.0,0.0,0.0,0.0,,226,0.0,226,Latest chronological test-window forecast
2025-05-31 21:00:00,22,150,157,Queens,Maspeth,Boro Zone,4.385,9.0,5.0,4.615,-0.615,-12.3,92,0.0096,94,Latest chronological test-window forecast
2025-05-31 21:00:00,22,151,158,Manhattan,Meatpacking/West Village West,Yellow Zone,93.522,85.0,105.0,8.522,-11.478,-10.93,29,0.2057,29,Latest chronological test-window forecast
2025-05-31 21:00:00,22,152,159,Bronx,Melrose South,Boro Zone,1.7,3.0,2.0,1.3,-0.3,-15.0,133,0.0037,129,Latest chronological test-window forecast
2025-05-31 21:00:00,22,153,160,Queens,Middle Village,Boro Zone,1.697,3.0,2.0,1.303,-0.303,-15.15,137,0.0037,130,Latest chronological test-window forecast
2025-05-31 21:00:00,22,154,161,Manhattan,Midtown Center,Yellow Zone,220.181,183.0,247.0,37.181,-26.819,-10.86,8,0.4842,8,Latest chronological test-window forecast
2025-05-31 21:00:00,22,155,162,Manhattan,Midtown East,Yellow Zone,130.993,118.0,147.0,12.993,-16.007,-10.89,20,0.288,20,Latest chronological test-window forecast
2025-05-31 21:00:00,22,156,163,Manhattan,Midtown North,Yellow Zone,175.594,180.0,197.0,4.406,-21.406,-10.87,12,0.3861,12,Latest chronological test-window forecast
2025-05-31 21:00:00,22,157,164,Manhattan,Midtown South,Yellow Zone,131.001,136.0,147.0,4.999,-15.999,-10.88,19,0.2881,19,Latest chronological test-window forecast
2025-05-31 21:00:00,22,158,165,Brooklyn,Midwood,Boro Zone,0.807,4.0,1.0,3.193,-0.193,-19.3,145,0.0018,158,Latest chronological test-window forecast
2025-05-31 21:00:00,22,159,166,Manhattan,Morningside Heights,Boro Zone,49.967,86.0,56.0,36.033,-6.033,-10.77,39,0.1099,39,Latest chronological test-window forecast
2025-05-31 21:00:00,22,160,167,Bronx,Morrisania/Melrose,Boro Zone,0.8,3.0,1.0,2.2,-0.2,-20.0,157,0.0018,159,Latest chronological test-window forecast
2025-05-31 21:00:00,22,161,168,Bronx,Mott Haven/Port Morris,Boro Zone,1.7,6.0,2.0,4.3,-0.3,-15.0,134,0.0037,131,Latest chronological test-window forecast
2025-05-31 21:00:00,22,162,169,Bronx,Mount Hope,Boro Zone,0.0,1.0,0.0,1.0,0.0,,227,0.0,227,Latest chronological test-window forecast
2025-05-31 21:00:00,22,163,170,Manhattan,Murray Hill,Yellow Zone,145.263,136.0,163.0,9.263,-17.737,-10.88,16,0.3194,16,Latest chronological test-window forecast
2025-05-31 21:00:00,22,164,171,Queens,Murray Hill-Queens,Boro Zone,1.702,0.0,2.0,1.702,-0.298,-14.9,128,0.0037,132,Latest chronological test-window forecast
2025-05-31 21:00:00,22,165,172,Staten Island,New Dorp/Midland Beach,Boro Zone,0.0,0.0,0.0,0.0,0.0,,228,0.0,228,Latest chronological test-window forecast
2025-05-31 21:00:00,22,166,173,Queens,North Corona,Boro Zone,0.798,2.0,1.0,1.202,-0.202,-20.2,167,0.0018,160,Latest chronological test-window forecast
2025-05-31 21:00:00,22,167,174,Bronx,Norwood,Boro Zone,0.0,2.0,0.0,2.0,0.0,,229,0.0,229,Latest chronological test-window forecast
2025-05-31 21:00:00,22,168,175,Queens,Oakland Gardens,Boro Zone,0.0,0.0,0.0,0.0,0.0,,230,0.0,230,Latest chronological test-window forecast
2025-05-31 21:00:00,22,169,176,Staten Island,Oakwood,Boro Zone,0.0,0.0,0.0,0.0,0.0,,231,0.0,231,Latest chronological test-window forecast
2025-05-31 21:00:00,22,170,177,Brooklyn,Ocean Hill,Boro Zone,3.492,8.0,4.0,4.508,-0.508,-12.7,102,0.0077,103,Latest chronological test-window forecast
2025-05-31 21:00:00,22,171,178,Brooklyn,Ocean Parkway South,Boro Zone,0.0,0.0,0.0,0.0,0.0,,232,0.0,232,Latest chronological test-window forecast
2025-05-31 21:00:00,22,172,179,Queens,Old Astoria,Boro Zone,3.477,11.0,4.0,7.523,-0.523,-13.08,105,0.0076,105,Latest chronological test-window forecast
2025-05-31 21:00:00,22,173,180,Queens,Ozone Park,Boro Zone,0.801,0.0,1.0,0.801,-0.199,-19.9,154,0.0018,161,Latest chronological test-window forecast
2025-05-31 21:00:00,22,174,181,Brooklyn,Park Slope,Boro Zone,10.663,12.0,12.0,1.337,-1.337,-11.14,70,0.0234,72,Latest chronological test-window forecast
2025-05-31 21:00:00,22,175,182,Bronx,Parkchester,Boro Zone,0.795,3.0,1.0,2.205,-0.205,-20.5,171,0.0017,175,Latest chronological test-window forecast
2025-05-31 21:00:00,22,176,183,Bronx,Pelham Bay,Boro Zone,0.0,0.0,0.0,0.0,0.0,,233,0.0,233,Latest chronological test-window forecast
2025-05-31 21:00:00,22,177,184,Bronx,Pelham Bay Park,Boro Zone,0.0,0.0,0.0,0.0,0.0,,234,0.0,234,Latest chronological test-window forecast
2025-05-31 21:00:00,22,178,185,Bronx,Pelham Parkway,Boro Zone,0.8,0.0,1.0,0.8,-0.2,-20.0,158,0.0018,162,Latest chronological test-window forecast
2025-05-31 21:00:00,22,179,186,Manhattan,Penn Station/Madison Sq West,Yellow Zone,133.646,129.0,150.0,4.646,-16.354,-10.9,18,0.2939,18,Latest chronological test-window forecast
2025-05-31 21:00:00,22,180,187,Staten Island,Port Richmond,Boro Zone,0.0,0.0,0.0,0.0,0.0,,235,0.0,235,Latest chronological test-window forecast
2025-05-31 21:00:00,22,181,188,Brooklyn,Prospect-Lefferts Gardens,Boro Zone,8.887,12.0,10.0,3.113,-1.113,-11.13,75,0.0195,77,Latest chronological test-window forecast
2025-05-31 21:00:00,22,182,189,Brooklyn,Prospect Heights,Boro Zone,1.692,4.0,2.0,2.308,-0.308,-15.4,140,0.0037,133,Latest chronological test-window forecast
2025-05-31 21:00:00,22,183,190,Brooklyn,Prospect Park,Boro Zone,1.693,0.0,2.0,1.693,-0.307,-15.35,139,0.0037,134,Latest chronological test-window forecast
2025-05-31 21:00:00,22,184,191,Queens,Queens Village,Boro Zone,0.0,2.0,0.0,2.0,0.0,,236,0.0,236,Latest chronological test-window forecast
2025-05-31 21:00:00,22,185,192,Queens,Queensboro Hill,Boro Zone,0.0,1.0,0.0,1.0,0.0,,237,0.0,237,Latest chronological test-window forecast
2025-05-31 21:00:00,22,186,193,Queens,Queensbridge/Ravenswood,Boro Zone,0.789,4.0,1.0,3.211,-0.211,-21.1,174,0.0017,176,Latest chronological test-window forecast
2025-05-31 21:00:00,22,187,194,Manhattan,Randalls Island,Yellow Zone,0.0,0.0,0.0,0.0,0.0,,238,0.0,238,Latest chronological test-window forecast
2025-05-31 21:00:00,22,188,195,Brooklyn,Red Hook,Boro Zone,1.687,2.0,2.0,0.313,-0.313,-15.65,142,0.0037,135,Latest chronological test-window forecast
2025-05-31 21:00:00,22,189,196,Queens,Rego Park,Boro Zone,0.0,2.0,0.0,2.0,0.0,,239,0.0,239,Latest chronological test-window forecast
2025-05-31 21:00:00,22,190,197,Queens,Richmond Hill,Boro Zone,2.602,1.0,3.0,1.602,-0.398,-13.27,108,0.0057,112,Latest chronological test-window forecast
2025-05-31 21:00:00,22,191,198,Queens,Ridgewood,Boro Zone,1.694,4.0,2.0,2.306,-0.306,-15.3,138,0.0037,136,Latest chronological test-window forecast
2025-05-31 21:00:00,22,192,200,Bronx,Riverdale/North Riverdale/Fieldston,Boro Zone,0.0,2.0,0.0,2.0,0.0,,240,0.0,240,Latest chronological test-window forecast
2025-05-31 21:00:00,22,193,201,Queens,Rockaway Park,Boro Zone,0.0,0.0,0.0,0.0,0.0,,241,0.0,241,Latest chronological test-window forecast
2025-05-31 21:00:00,22,194,202,Manhattan,Roosevelt Island,Boro Zone,0.0,0.0,0.0,0.0,0.0,,242,0.0,242,Latest chronological test-window forecast
2025-05-31 21:00:00,22,195,203,Queens,Rosedale,Boro Zone,0.799,1.0,1.0,0.201,-0.201,-20.1,164,0.0018,163,Latest chronological test-window forecast
2025-05-31 21:00:00,22,196,204,Staten Island,Rossville/Woodrow,Boro Zone,0.0,0.0,0.0,0.0,0.0,,243,0.0,243,Latest chronological test-window forecast
2025-05-31 21:00:00,22,197,205,Queens,Saint Albans,Boro Zone,0.802,1.0,1.0,0.198,-0.198,-19.8,151,0.0018,164,Latest chronological test-window forecast
2025-05-31 21:00:00,22,198,206,Staten Island,Saint George/New Brighton,Boro Zone,0.0,0.0,0.0,0.0,0.0,,244,0.0,244,Latest chronological test-window forecast
2025-05-31 21:00:00,22,199,207,Queens,Saint Michaels Cemetery/Woodside,Boro Zone,0.788,0.0,1.0,0.788,-0.212,-21.2,176,0.0017,177,Latest chronological test-window forecast
2025-05-31 21:00:00,22,200,208,Bronx,Schuylerville/Edgewater Park,Boro Zone,1.702,2.0,2.0,0.298,-0.298,-14.9,129,0.0037,137,Latest chronological test-window forecast
2025-05-31 21:00:00,22,201,209,Manhattan,Seaport,Yellow Zone,27.541,27.0,31.0,0.541,-3.459,-11.16,49,0.0606,49,Latest chronological test-window forecast
2025-05-31 21:00:00,22,202,210,Brooklyn,Sheepshead Bay,Boro Zone,0.0,1.0,0.0,1.0,0.0,,245,0.0,245,Latest chronological test-window forecast
2025-05-31 21:00:00,22,203,211,Manhattan,SoHo,Yellow Zone,47.152,70.0,53.0,22.848,-5.848,-11.03,42,0.1037,43,Latest chronological test-window forecast
2025-05-31 21:00:00,22,204,212,Bronx,Soundview/Bruckner,Boro Zone,1.701,1.0,2.0,0.701,-0.299,-14.95,132,0.0037,138,Latest chronological test-window forecast
2025-05-31 21:00:00,22,205,213,Bronx,Soundview/Castle Hill,Boro Zone,1.702,2.0,2.0,0.298,-0.298,-14.9,130,0.0037,139,Latest chronological test-window forecast
2025-05-31 21:00:00,22,206,214,Staten Island,South Beach/Dongan Hills,Boro Zone,0.0,0.0,0.0,0.0,0.0,,246,0.0,246,Latest chronological test-window forecast
2025-05-31 21:00:00,22,207,215,Queens,South Jamaica,Boro Zone,0.804,2.0,1.0,1.196,-0.196,-19.6,147,0.0018,165,Latest chronological test-window forecast
2025-05-31 21:00:00,22,208,216,Queens,South Ozone Park,Boro Zone,3.502,5.0,4.0,1.498,-0.498,-12.45,95,0.0077,104,Latest chronological test-window forecast
2025-05-31 21:00:00,22,209,217,Brooklyn,South Williamsburg,Boro Zone,1.692,1.0,2.0,0.692,-0.308,-15.4,141,0.0037,140,Latest chronological test-window forecast
2025-05-31 21:00:00,22,210,218,Queens,Springfield Gardens North,Boro Zone,0.0,0.0,0.0,0.0,0.0,,247,0.0,247,Latest chronological test-window forecast
2025-05-31 21:00:00,22,211,219,Queens,Springfield Gardens South,Boro Zone,0.8,0.0,1.0,0.8,-0.2,-20.0,159,0.0018,166,Latest chronological test-window forecast
2025-05-31 21:00:00,22,212,220,Bronx,Spuyten Duyvil/Kingsbridge,Boro Zone,0.795,5.0,1.0,4.205,-0.205,-20.5,172,0.0017,178,Latest chronological test-window forecast
2025-05-31 21:00:00,22,213,221,Staten Island,Stapleton,Boro Zone,0.0,0.0,0.0,0.0,0.0,,248,0.0,248,Latest chronological test-window forecast
2025-05-31 21:00:00,22,214,222,Brooklyn,Starrett City,Boro Zone,0.0,0.0,0.0,0.0,0.0,,249,0.0,249,Latest chronological test-window forecast
2025-05-31 21:00:00,22,215,223,Queens,Steinway,Boro Zone,6.165,12.0,7.0,5.835,-0.835,-11.93,84,0.0136,83,Latest chronological test-window forecast
2025-05-31 21:00:00,22,216,224,Manhattan,Stuy Town/Peter Cooper Village,Yellow Zone,7.917,17.0,9.0,9.083,-1.083,-12.03,80,0.0174,80,Latest chronological test-window forecast
2025-05-31 21:00:00,22,217,225,Brooklyn,Stuyvesant Heights,Boro Zone,8.872,13.0,10.0,4.128,-1.128,-11.28,76,0.0195,78,Latest chronological test-window forecast
2025-05-31 21:00:00,22,218,226,Queens,Sunnyside,Boro Zone,9.767,13.0,11.0,3.233,-1.233,-11.21,73,0.0215,73,Latest chronological test-window forecast
2025-05-31 21:00:00,22,219,227,Brooklyn,Sunset Park East,Boro Zone,0.0,1.0,0.0,1.0,0.0,,250,0.0,250,Latest chronological test-window forecast
2025-05-31 21:00:00,22,220,228,Brooklyn,Sunset Park West,Boro Zone,4.406,8.0,5.0,3.594,-0.594,-11.88,90,0.0097,91,Latest chronological test-window forecast
2025-05-31 21:00:00,22,221,229,Manhattan,Sutton Place/Turtle Bay North,Yellow Zone,106.021,90.0,119.0,16.021,-12.979,-10.91,25,0.2331,25,Latest chronological test-window forecast
2025-05-31 21:00:00,22,222,230,Manhattan,Times Sq/Theatre District,Yellow Zone,318.331,244.0,357.0,74.331,-38.669,-10.83,1,0.7,1,Latest chronological test-window forecast
2025-05-31 21:00:00,22,223,231,Manhattan,TriBeCa/Civic Center,Yellow Zone,89.102,97.0,100.0,7.898,-10.898,-10.9,30,0.1959,30,Latest chronological test-window forecast
2025-05-31 21:00:00,22,224,232,Manhattan,Two Bridges/Seward Park,Yellow Zone,18.622,21.0,21.0,2.378,-2.378,-11.32,54,0.0409,54,Latest chronological test-window forecast
2025-05-31 21:00:00,22,225,233,Manhattan,UN/Turtle Bay South,Yellow Zone,63.22,50.0,71.0,13.22,-7.78,-10.96,37,0.139,37,Latest chronological test-window forecast
2025-05-31 21:00:00,22,226,234,Manhattan,Union Sq,Yellow Zone,198.74,235.0,223.0,36.26,-24.26,-10.88,10,0.437,10,Latest chronological test-window forecast
2025-05-31 21:00:00,22,227,235,Bronx,University Heights/Morris Heights,Boro Zone,0.0,0.0,0.0,0.0,0.0,,251,0.0,251,Latest chronological test-window forecast
2025-05-31 21:00:00,22,228,236,Manhattan,Upper East Side North,Yellow Zone,189.073,158.0,212.0,31.073,-22.927,-10.81,11,0.4158,11,Latest chronological test-window forecast
2025-05-31 21:00:00,22,229,237,Manhattan,Upper East Side South,Yellow Zone,296.988,286.0,333.0,10.988,-36.012,-10.81,4,0.6531,4,Latest chronological test-window forecast
2025-05-31 21:00:00,22,230,238,Manhattan,Upper West Side North,Yellow Zone,84.704,123.0,95.0,38.296,-10.296,-10.84,31,0.1863,31,Latest chronological test-window forecast
2025-05-31 21:00:00,22,231,239,Manhattan,Upper West Side South,Yellow Zone,212.333,219.0,238.0,6.667,-25.667,-10.78,9,0.4669,9,Latest chronological test-window forecast
2025-05-31 21:00:00,22,232,240,Bronx,Van Cortlandt Park,Boro Zone,0.0,2.0,0.0,2.0,0.0,,252,0.0,252,Latest chronological test-window forecast
2025-05-31 21:00:00,22,233,241,Bronx,Van Cortlandt Village,Boro Zone,0.797,1.0,1.0,0.203,-0.203,-20.3,169,0.0018,167,Latest chronological test-window forecast
2025-05-31 21:00:00,22,234,242,Bronx,Van Nest/Morris Park,Boro Zone,0.0,0.0,0.0,0.0,0.0,,253,0.0,253,Latest chronological test-window forecast
2025-05-31 21:00:00,22,235,243,Manhattan,Washington Heights North,Boro Zone,6.176,7.0,7.0,0.824,-0.824,-11.77,83,0.0136,84,Latest chronological test-window forecast
2025-05-31 21:00:00,22,236,244,Manhattan,Washington Heights South,Boro Zone,11.566,9.0,13.0,2.566,-1.434,-11.03,69,0.0254,69,Latest chronological test-window forecast
2025-05-31 21:00:00,22,237,245,Staten Island,West Brighton,Boro Zone,0.0,0.0,0.0,0.0,0.0,,254,0.0,254,Latest chronological test-window forecast
2025-05-31 21:00:00,22,238,246,Manhattan,West Chelsea/Hudson Yards,Yellow Zone,122.948,125.0,138.0,2.052,-15.052,-10.91,22,0.2704,22,Latest chronological test-window forecast
2025-05-31 21:00:00,22,239,247,Bronx,West Concourse,Boro Zone,2.598,4.0,3.0,1.402,-0.402,-13.4,113,0.0057,113,Latest chronological test-window forecast
2025-05-31 21:00:00,22,240,248,Bronx,West Farms/Bronx River,Boro Zone,0.799,2.0,1.0,1.201,-0.201,-20.1,165,0.0018,168,Latest chronological test-window forecast
2025-05-31 21:00:00,22,241,249,Manhattan,West Village,Yellow Zone,226.377,283.0,254.0,56.623,-27.623,-10.88,6,0.4978,6,Latest chronological test-window forecast
2025-05-31 21:00:00,22,242,250,Bronx,Westchester Village/Unionport,Boro Zone,1.705,2.0,2.0,0.295,-0.295,-14.75,123,0.0037,141,Latest chronological test-window forecast
2025-05-31 21:00:00,22,243,251,Staten Island,Westerleigh,Boro Zone,0.0,0.0,0.0,0.0,0.0,,255,0.0,255,Latest chronological test-window forecast
2025-05-31 21:00:00,22,244,252,Queens,Whitestone,Boro Zone,1.704,0.0,2.0,1.704,-0.296,-14.8,125,0.0037,142,Latest chronological test-window forecast
2025-05-31 21:00:00,22,245,253,Queens,Willets Point,Boro Zone,0.0,0.0,0.0,0.0,0.0,,256,0.0,256,Latest chronological test-window forecast
2025-05-31 21:00:00,22,246,254,Bronx,Williamsbridge/Olinville,Boro Zone,1.702,1.0,2.0,0.702,-0.298,-14.9,131,0.0037,143,Latest chronological test-window forecast
2025-05-31 21:00:00,22,247,255,Brooklyn,Williamsburg (North Side),Boro Zone,13.32,34.0,15.0,20.68,-1.68,-11.2,64,0.0293,64,Latest chronological test-window forecast
2025-05-31 21:00:00,22,248,256,Brooklyn,Williamsburg (South Side),Boro Zone,14.212,23.0,16.0,8.788,-1.788,-11.18,61,0.0313,61,Latest chronological test-window forecast
2025-05-31 21:00:00,22,249,257,Brooklyn,Windsor Terrace,Boro Zone,0.796,1.0,1.0,0.204,-0.204,-20.4,170,0.0018,169,Latest chronological test-window forecast
2025-05-31 21:00:00,22,250,258,Queens,Woodhaven,Boro Zone,2.6,3.0,3.0,0.4,-0.4,-13.33,111,0.0057,114,Latest chronological test-window forecast
2025-05-31 21:00:00,22,251,259,Bronx,Woodlawn/Wakefield,Boro Zone,0.804,0.0,1.0,0.804,-0.196,-19.6,148,0.0018,170,Latest chronological test-window forecast
2025-05-31 21:00:00,22,252,260,Queens,Woodside,Boro Zone,2.587,6.0,3.0,3.413,-0.413,-13.77,115,0.0057,115,Latest chronological test-window forecast
2025-05-31 21:00:00,22,253,261,Manhattan,World Trade Center,Yellow Zone,16.839,24.0,19.0,7.161,-2.161,-11.37,57,0.037,57,Latest chronological test-window forecast
2025-05-31 21:00:00,22,254,262,Manhattan,Yorkville East,Yellow Zone,48.062,56.0,54.0,7.938,-5.938,-11.0,40,0.1057,40,Latest chronological test-window forecast
2025-05-31 21:00:00,22,255,263,Manhattan,Yorkville West,Yellow Zone,101.686,164.0,114.0,62.314,-12.314,-10.8,26,0.2236,26,Latest chronological test-window forecast
2025-05-31 22:00:00,23,0,1,EWR,Newark Airport,EWR,0.0,0.0,0.0,0.0,0.0,,175,0.0,175,Latest chronological test-window forecast
2025-05-31 22:00:00,23,1,2,Queens,Jamaica Bay,Boro Zone,0.0,0.0,0.0,0.0,0.0,,176,0.0,176,Latest chronological test-window forecast
2025-05-31 22:00:00,23,2,3,Bronx,Allerton/Pelham Gardens,Boro Zone,1.711,1.0,2.0,0.711,-0.289,-14.45,131,0.0027,127,Latest chronological test-window forecast
2025-05-31 22:00:00,23,3,4,Manhattan,Alphabet City,Yellow Zone,31.199,40.0,35.0,8.801,-3.801,-10.86,45,0.0489,45,Latest chronological test-window forecast
2025-05-31 22:00:00,23,4,6,Staten Island,Arrochar/Fort Wadsworth,Boro Zone,0.0,0.0,0.0,0.0,0.0,,177,0.0,177,Latest chronological test-window forecast
2025-05-31 22:00:00,23,5,7,Queens,Astoria,Boro Zone,14.314,28.0,16.0,13.686,-1.686,-10.54,65,0.0224,65,Latest chronological test-window forecast
2025-05-31 22:00:00,23,6,8,Queens,Astoria Park,Boro Zone,0.0,0.0,0.0,0.0,0.0,,178,0.0,178,Latest chronological test-window forecast
2025-05-31 22:00:00,23,7,9,Queens,Auburndale,Boro Zone,0.0,1.0,0.0,1.0,0.0,,179,0.0,179,Latest chronological test-window forecast
2025-05-31 22:00:00,23,8,10,Queens,Baisley Park,Boro Zone,2.605,2.0,3.0,0.605,-0.395,-13.17,121,0.0041,107,Latest chronological test-window forecast
2025-05-31 22:00:00,23,9,11,Brooklyn,Bath Beach,Boro Zone,0.0,0.0,0.0,0.0,0.0,,180,0.0,180,Latest chronological test-window forecast
2025-05-31 22:00:00,23,10,12,Manhattan,Battery Park,Yellow Zone,0.789,2.0,1.0,1.211,-0.211,-21.1,174,0.0012,172,Latest chronological test-window forecast
2025-05-31 22:00:00,23,11,13,Manhattan,Battery Park City,Yellow Zone,16.006,34.0,18.0,17.994,-1.994,-11.08,61,0.0251,61,Latest chronological test-window forecast
2025-05-31 22:00:00,23,12,14,Brooklyn,Bay Ridge,Boro Zone,2.618,2.0,3.0,0.618,-0.382,-12.73,109,0.0041,108,Latest chronological test-window forecast
2025-05-31 22:00:00,23,13,15,Queens,Bay Terrace/Fort Totten,Boro Zone,0.0,0.0,0.0,0.0,0.0,,181,0.0,181,Latest chronological test-window forecast
2025-05-31 22:00:00,23,14,16,Queens,Bayside,Boro Zone,0.0,2.0,0.0,2.0,0.0,,182,0.0,182,Latest chronological test-window forecast
2025-05-31 22:00:00,23,15,17,Brooklyn,Bedford,Boro Zone,4.406,23.0,5.0,18.594,-0.594,-11.88,98,0.0069,97,Latest chronological test-window forecast
2025-05-31 22:00:00,23,16,18,Bronx,Bedford Park,Boro Zone,0.806,1.0,1.0,0.194,-0.194,-19.4,161,0.0013,143,Latest chronological test-window forecast
2025-05-31 22:00:00,23,17,19,Queens,Bellerose,Boro Zone,0.0,0.0,0.0,0.0,0.0,,183,0.0,183,Latest chronological test-window forecast
2025-05-31 22:00:00,23,18,20,Bronx,Belmont,Boro Zone,0.0,1.0,0.0,1.0,0.0,,184,0.0,184,Latest chronological test-window forecast
2025-05-31 22:00:00,23,19,21,Brooklyn,Bensonhurst East,Boro Zone,0.0,1.0,0.0,1.0,0.0,,185,0.0,185,Latest chronological test-window forecast
2025-05-31 22:00:00,23,20,22,Brooklyn,Bensonhurst West,Boro Zone,0.814,1.0,1.0,0.186,-0.186,-18.6,144,0.0013,144,Latest chronological test-window forecast
2025-05-31 22:00:00,23,21,23,Staten Island,Bloomfield/Emerson Hill,Boro Zone,0.0,0.0,0.0,0.0,0.0,,186,0.0,186,Latest chronological test-window forecast
2025-05-31 22:00:00,23,22,24,Manhattan,Bloomingdale,Yellow Zone,15.122,30.0,17.0,14.878,-1.878,-11.05,62,0.0237,62,Latest chronological test-window forecast
2025-05-31 22:00:00,23,23,25,Brooklyn,Boerum Hill,Boro Zone,11.601,17.0,13.0,5.399,-1.399,-10.76,72,0.0182,72,Latest chronological test-window forecast
2025-05-31 22:00:00,23,24,26,Brooklyn,Borough Park,Boro Zone,1.716,2.0,2.0,0.284,-0.284,-14.2,128,0.0027,128,Latest chronological test-window forecast
2025-05-31 22:00:00,23,25,27,Queens,Breezy Point/Fort Tilden/Riis Beach,Boro Zone,0.0,0.0,0.0,0.0,0.0,,187,0.0,187,Latest chronological test-window forecast
2025-05-31 22:00:00,23,26,28,Queens,Briarwood/Jamaica Hills,Boro Zone,1.711,5.0,2.0,3.289,-0.289,-14.45,132,0.0027,129,Latest chronological test-window forecast
2025-05-31 22:00:00,23,27,29,Brooklyn,Brighton Beach,Boro Zone,0.0,1.0,0.0,1.0,0.0,,188,0.0,188,Latest chronological test-window forecast
2025-05-31 22:00:00,23,28,30,Queens,Broad Channel,Boro Zone,0.0,0.0,0.0,0.0,0.0,,189,0.0,189,Latest chronological test-window forecast
2025-05-31 22:00:00,23,29,31,Bronx,Bronx Park,Boro Zone,0.0,1.0,0.0,1.0,0.0,,190,0.0,190,Latest chronological test-window forecast
2025-05-31 22:00:00,23,30,32,Bronx,Bronxdale,Boro Zone,0.0,1.0,0.0,1.0,0.0,,191,0.0,191,Latest chronological test-window forecast
2025-05-31 22:00:00,23,31,33,Brooklyn,Brooklyn Heights,Boro Zone,10.657,15.0,12.0,4.343,-1.343,-11.19,75,0.0167,74,Latest chronological test-window forecast
2025-05-31 22:00:00,23,32,34,Brooklyn,Brooklyn Navy Yard,Boro Zone,1.691,1.0,2.0,0.691,-0.309,-15.45,142,0.0027,130,Latest chronological test-window forecast
2025-05-31 22:00:00,23,33,35,Brooklyn,Brownsville,Boro Zone,5.322,10.0,6.0,4.678,-0.678,-11.3,94,0.0083,93,Latest chronological test-window forecast
2025-05-31 22:00:00,23,34,36,Brooklyn,Bushwick North,Boro Zone,7.1,25.0,8.0,17.9,-0.9,-11.25,89,0.0111,89,Latest chronological test-window forecast
2025-05-31 22:00:00,23,35,37,Brooklyn,Bushwick South,Boro Zone,12.5,26.0,14.0,13.5,-1.5,-10.71,70,0.0196,69,Latest chronological test-window forecast
2025-05-31 22:00:00,23,36,38,Queens,Cambria Heights,Boro Zone,0.0,0.0,0.0,0.0,0.0,,192,0.0,192,Latest chronological test-window forecast
2025-05-31 22:00:00,23,37,39,Brooklyn,Canarsie,Boro Zone,7.129,5.0,8.0,2.129,-0.871,-10.89,87,0.0112,86,Latest chronological test-window forecast
2025-05-31 22:00:00,23,38,40,Brooklyn,Carroll Gardens,Boro Zone,2.588,14.0,3.0,11.412,-0.412,-13.73,124,0.0041,109,Latest chronological test-window forecast
2025-05-31 22:00:00,23,39,41,Manhattan,Central Harlem,Boro Zone,22.393,51.0,25.0,28.607,-2.607,-10.43,48,0.0351,48,Latest chronological test-window forecast
2025-05-31 22:00:00,23,40,42,Manhattan,Central Harlem North,Boro Zone,19.725,29.0,22.0,9.275,-2.275,-10.34,56,0.0309,56,Latest chronological test-window forecast
2025-05-31 22:00:00,23,41,43,Manhattan,Central Park,Yellow Zone,160.92,111.0,180.0,49.92,-19.08,-10.6,18,0.2523,18,Latest chronological test-window forecast
2025-05-31 22:00:00,23,42,44,Staten Island,Charleston/Tottenville,Boro Zone,0.0,0.0,0.0,0.0,0.0,,193,0.0,193,Latest chronological test-window forecast
2025-05-31 22:00:00,23,43,45,Manhattan,Chinatown,Yellow Zone,15.118,17.0,17.0,1.882,-1.882,-11.07,63,0.0237,63,Latest chronological test-window forecast
2025-05-31 22:00:00,23,44,46,Bronx,City Island,Boro Zone,0.0,0.0,0.0,0.0,0.0,,194,0.0,194,Latest chronological test-window forecast
2025-05-31 22:00:00,23,45,47,Bronx,Claremont/Bathgate,Boro Zone,0.0,0.0,0.0,0.0,0.0,,195,0.0,195,Latest chronological test-window forecast
2025-05-31 22:00:00,23,46,48,Manhattan,Clinton East,Yellow Zone,274.805,335.0,307.0,60.195,-32.195,-10.49,5,0.4308,5,Latest chronological test-window forecast
2025-05-31 22:00:00,23,47,49,Brooklyn,Clinton Hill,Boro Zone,7.993,9.0,9.0,1.007,-1.007,-11.19,83,0.0125,82,Latest chronological test-window forecast
2025-05-31 22:00:00,23,48,50,Manhattan,Clinton West,Yellow Zone,57.15,75.0,64.0,17.85,-6.85,-10.7,38,0.0896,38,Latest chronological test-window forecast
2025-05-31 22:00:00,23,49,51,Bronx,Co-Op City,Boro Zone,0.808,2.0,1.0,1.192,-0.192,-19.2,151,0.0013,145,Latest chronological test-window forecast
2025-05-31 22:00:00,23,50,52,Brooklyn,Cobble Hill,Boro Zone,2.587,5.0,3.0,2.413,-0.413,-13.77,125,0.0041,110,Latest chronological test-window forecast
2025-05-31 22:00:00,23,51,53,Queens,College Point,Boro Zone,0.0,2.0,0.0,2.0,0.0,,196,0.0,196,Latest chronological test-window forecast
2025-05-31 22:00:00,23,52,54,Brooklyn,Columbia Street,Boro Zone,0.79,1.0,1.0,0.21,-0.21,-21.0,173,0.0012,173,Latest chronological test-window forecast
2025-05-31 22:00:00,23,53,55,Brooklyn,Coney Island,Boro Zone,0.0,0.0,0.0,0.0,0.0,,197,0.0,197,Latest chronological test-window forecast
2025-05-31 22:00:00,23,54,56,Queens,Corona,Boro Zone,2.613,6.0,3.0,3.387,-0.387,-12.9,115,0.0041,111,Latest chronological test-window forecast
2025-05-31 22:00:00,23,55,57,Queens,Corona,Boro Zone,1.708,0.0,2.0,1.708,-0.292,-14.6,137,0.0027,131,Latest chronological test-window forecast
2025-05-31 22:00:00,23,56,58,Bronx,Country Club,Boro Zone,0.0,1.0,0.0,1.0,0.0,,198,0.0,198,Latest chronological test-window forecast
2025-05-31 22:00:00,23,57,59,Bronx,Crotona Park,Boro Zone,0.0,0.0,0.0,0.0,0.0,,199,0.0,199,Latest chronological test-window forecast
2025-05-31 22:00:00,23,58,60,Bronx,Crotona Park East,Boro Zone,3.518,2.0,4.0,1.518,-0.482,-12.05,101,0.0055,100,Latest chronological test-window forecast
2025-05-31 22:00:00,23,59,61,Brooklyn,Crown Heights North,Boro Zone,16.113,18.0,18.0,1.887,-1.887,-10.48,60,0.0253,60,Latest chronological test-window forecast
2025-05-31 22:00:00,23,60,62,Brooklyn,Crown Heights South,Boro Zone,2.609,5.0,3.0,2.391,-0.391,-13.03,119,0.0041,112,Latest chronological test-window forecast
2025-05-31 22:00:00,23,61,63,Brooklyn,Cypress Hills,Boro Zone,2.609,7.0,3.0,4.391,-0.391,-13.03,120,0.0041,113,Latest chronological test-window forecast
2025-05-31 22:00:00,23,62,64,Queens,Douglaston,Boro Zone,0.0,0.0,0.0,0.0,0.0,,200,0.0,200,Latest chronological test-window forecast
2025-05-31 22:00:00,23,63,65,Brooklyn,Downtown Brooklyn/MetroTech,Boro Zone,8.86,23.0,10.0,14.14,-1.14,-11.4,79,0.0139,79,Latest chronological test-window forecast
2025-05-31 22:00:00,23,64,66,Brooklyn,DUMBO/Vinegar Hill,Boro Zone,15.107,17.0,17.0,1.893,-1.893,-11.14,64,0.0237,64,Latest chronological test-window forecast
2025-05-31 22:00:00,23,65,67,Brooklyn,Dyker Heights,Boro Zone,0.81,2.0,1.0,1.19,-0.19,-19.0,146,0.0013,146,Latest chronological test-window forecast
2025-05-31 22:00:00,23,66,68,Manhattan,East Chelsea,Yellow Zone,185.11,207.0,207.0,21.89,-21.89,-10.57,12,0.2902,12,Latest chronological test-window forecast
2025-05-31 22:00:00,23,67,69,Bronx,East Concourse/Concourse Village,Boro Zone,0.807,3.0,1.0,2.193,-0.193,-19.3,156,0.0013,147,Latest chronological test-window forecast
2025-05-31 22:00:00,23,68,70,Queens,East Elmhurst,Boro Zone,20.492,11.0,23.0,9.492,-2.508,-10.9,54,0.0321,54,Latest chronological test-window forecast
2025-05-31 22:00:00,23,69,71,Brooklyn,East Flatbush/Farragut,Boro Zone,7.125,6.0,8.0,1.125,-0.875,-10.94,88,0.0112,87,Latest chronological test-window forecast
2025-05-31 22:00:00,23,70,72,Brooklyn,East Flatbush/Remsen Village,Boro Zone,2.611,5.0,3.0,2.389,-0.389,-12.97,118,0.0041,114,Latest chronological test-window forecast
2025-05-31 22:00:00,23,71,73,Queens,East Flushing,Boro Zone,0.0,1.0,0.0,1.0,0.0,,201,0.0,201,Latest chronological test-window forecast
2025-05-31 22:00:00,23,72,74,Manhattan,East Harlem North,Boro Zone,11.596,35.0,13.0,23.404,-1.404,-10.8,73,0.0182,73,Latest chronological test-window forecast
2025-05-31 22:00:00,23,73,75,Manhattan,East Harlem South,Boro Zone,31.338,49.0,35.0,17.662,-3.662,-10.46,44,0.0491,44,Latest chronological test-window forecast
2025-05-31 22:00:00,23,74,76,Brooklyn,East New York,Boro Zone,12.539,15.0,14.0,2.461,-1.461,-10.44,68,0.0197,68,Latest chronological test-window forecast
2025-05-31 22:00:00,23,75,77,Brooklyn,East New York/Pennsylvania Avenue,Boro Zone,3.512,0.0,4.0,3.512,-0.488,-12.2,103,0.0055,101,Latest chronological test-window forecast
2025-05-31 22:00:00,23,76,78,Bronx,East Tremont,Boro Zone,0.808,0.0,1.0,0.808,-0.192,-19.2,152,0.0013,148,Latest chronological test-window forecast
2025-05-31 22:00:00,23,77,79,Manhattan,East Village,Yellow Zone,321.942,457.0,360.0,135.058,-38.058,-10.57,3,0.5047,3,Latest chronological test-window forecast
2025-05-31 22:00:00,23,78,80,Brooklyn,East Williamsburg,Boro Zone,10.683,28.0,12.0,17.317,-1.317,-10.98,74,0.0167,75,Latest chronological test-window forecast
2025-05-31 22:00:00,23,79,81,Bronx,Eastchester,Boro Zone,0.81,0.0,1.0,0.81,-0.19,-19.0,147,0.0013,149,Latest chronological test-window forecast
2025-05-31 22:00:00,23,80,82,Queens,Elmhurst,Boro Zone,4.417,7.0,5.0,2.583,-0.583,-11.66,97,0.0069,98,Latest chronological test-window forecast
2025-05-31 22:00:00,23,81,83,Queens,Elmhurst/Maspeth,Boro Zone,1.701,1.0,2.0,0.701,-0.299,-14.95,141,0.0027,132,Latest chronological test-window forecast
2025-05-31 22:00:00,23,82,84,Staten Island,Eltingville/Annadale/Prince's Bay,Boro Zone,0.0,0.0,0.0,0.0,0.0,,202,0.0,202,Latest chronological test-window forecast
2025-05-31 22:00:00,23,83,85,Brooklyn,Erasmus,Boro Zone,3.51,9.0,4.0,5.49,-0.49,-12.25,104,0.0055,102,Latest chronological test-window forecast
2025-05-31 22:00:00,23,84,86,Queens,Far Rockaway,Boro Zone,1.709,1.0,2.0,0.709,-0.291,-14.55,134,0.0027,133,Latest chronological test-window forecast
2025-05-31 22:00:00,23,85,87,Manhattan,Financial District North,Yellow Zone,53.568,139.0,60.0,85.432,-6.432,-10.72,39,0.084,39,Latest chronological test-window forecast
2025-05-31 22:00:00,23,86,88,Manhattan,Financial District South,Yellow Zone,22.256,34.0,25.0,11.744,-2.744,-10.98,52,0.0349,51,Latest chronological test-window forecast
2025-05-31 22:00:00,23,87,89,Brooklyn,Flatbush/Ditmas Park,Boro Zone,7.134,9.0,8.0,1.866,-0.866,-10.82,86,0.0112,88,Latest chronological test-window forecast
2025-05-31 22:00:00,23,88,90,Manhattan,Flatiron,Yellow Zone,105.44,179.0,118.0,73.56,-12.56,-10.64,27,0.1653,27,Latest chronological test-window forecast
2025-05-31 22:00:00,23,89,91,Brooklyn,Flatlands,Boro Zone,2.616,8.0,3.0,5.384,-0.384,-12.8,111,0.0041,115,Latest chronological test-window forecast
2025-05-31 22:00:00,23,90,92,Queens,Flushing,Boro Zone,0.808,3.0,1.0,2.192,-0.192,-19.2,153,0.0013,150,Latest chronological test-window forecast
2025-05-31 22:00:00,23,91,93,Queens,Flushing Meadows-Corona Park,Boro Zone,18.71,2.0,21.0,16.71,-2.29,-10.9,58,0.0293,58,Latest chronological test-window forecast
2025-05-31 22:00:00,23,92,94,Bronx,Fordham South,Boro Zone,0.804,0.0,1.0,0.804,-0.196,-19.6,166,0.0013,151,Latest chronological test-window forecast
2025-05-31 22:00:00,23,93,95,Queens,Forest Hills,Boro Zone,8.938,44.0,10.0,35.062,-1.062,-10.62,76,0.014,76,Latest chronological test-window forecast
2025-05-31 22:00:00,23,94,96,Queens,Forest Park/Highland Park,Boro Zone,0.0,1.0,0.0,1.0,0.0,,203,0.0,203,Latest chronological test-window forecast
2025-05-31 22:00:00,23,95,97,Brooklyn,Fort Greene,Boro Zone,7.989,22.0,9.0,14.011,-1.011,-11.23,84,0.0125,83,Latest chronological test-window forecast
2025-05-31 22:00:00,23,96,98,Queens,Fresh Meadows,Boro Zone,0.0,0.0,0.0,0.0,0.0,,204,0.0,204,Latest chronological test-window forecast
2025-05-31 22:00:00,23,97,100,Manhattan,Garment District,Yellow Zone,77.716,122.0,87.0,44.284,-9.284,-10.67,34,0.1218,34,Latest chronological test-window forecast
2025-05-31 22:00:00,23,98,101,Queens,Glen Oaks,Boro Zone,0.0,3.0,0.0,3.0,0.0,,205,0.0,205,Latest chronological test-window forecast
2025-05-31 22:00:00,23,99,102,Queens,Glendale,Boro Zone,1.708,3.0,2.0,1.292,-0.292,-14.6,138,0.0027,134,Latest chronological test-window forecast
2025-05-31 22:00:00,23,100,106,Brooklyn,Gowanus,Boro Zone,2.613,5.0,3.0,2.387,-0.387,-12.9,116,0.0041,116,Latest chronological test-window forecast
2025-05-31 22:00:00,23,101,107,Manhattan,Gramercy,Yellow Zone,127.827,249.0,143.0,121.173,-15.173,-10.61,25,0.2004,24,Latest chronological test-window forecast
2025-05-31 22:00:00,23,102,108,Brooklyn,Gravesend,Boro Zone,0.813,2.0,1.0,1.187,-0.187,-18.7,145,0.0013,152,Latest chronological test-window forecast
2025-05-31 22:00:00,23,103,109,Staten Island,Great Kills,Boro Zone,0.0,0.0,0.0,0.0,0.0,,206,0.0,206,Latest chronological test-window forecast
2025-05-31 22:00:00,23,104,111,Brooklyn,Green-Wood Cemetery,Boro Zone,0.0,0.0,0.0,0.0,0.0,,207,0.0,207,Latest chronological test-window forecast
2025-05-31 22:00:00,23,105,112,Brooklyn,Greenpoint,Boro Zone,22.346,28.0,25.0,5.654,-2.654,-10.62,50,0.035,50,Latest chronological test-window forecast
2025-05-31 22:00:00,23,106,113,Manhattan,Greenwich Village North,Yellow Zone,144.837,139.0,162.0,5.837,-17.163,-10.59,22,0.227,22,Latest chronological test-window forecast
2025-05-31 22:00:00,23,107,114,Manhattan,Greenwich Village South,Yellow Zone,176.095,301.0,197.0,124.905,-20.905,-10.61,13,0.276,13,Latest chronological test-window forecast
2025-05-31 22:00:00,23,108,115,Staten Island,Grymes Hill/Clifton,Boro Zone,0.0,0.0,0.0,0.0,0.0,,208,0.0,208,Latest chronological test-window forecast
2025-05-31 22:00:00,23,109,116,Manhattan,Hamilton Heights,Boro Zone,12.48,28.0,14.0,15.52,-1.52,-10.86,71,0.0196,70,Latest chronological test-window forecast
2025-05-31 22:00:00,23,110,117,Queens,Hammels/Arverne,Boro Zone,0.0,1.0,0.0,1.0,0.0,,209,0.0,209,Latest chronological test-window forecast
2025-05-31 22:00:00,23,111,118,Staten Island,Heartland Village/Todt Hill,Boro Zone,0.0,0.0,0.0,0.0,0.0,,210,0.0,210,Latest chronological test-window forecast
2025-05-31 22:00:00,23,112,119,Bronx,Highbridge,Boro Zone,0.803,1.0,1.0,0.197,-0.197,-19.7,167,0.0013,153,Latest chronological test-window forecast
2025-05-31 22:00:00,23,113,120,Manhattan,Highbridge Park,Boro Zone,0.0,0.0,0.0,0.0,0.0,,211,0.0,211,Latest chronological test-window forecast
2025-05-31 22:00:00,23,114,121,Queens,Hillcrest/Pomonok,Boro Zone,0.0,0.0,0.0,0.0,0.0,,212,0.0,212,Latest chronological test-window forecast
2025-05-31 22:00:00,23,115,122,Queens,Hollis,Boro Zone,0.0,1.0,0.0,1.0,0.0,,213,0.0,213,Latest chronological test-window forecast
2025-05-31 22:00:00,23,116,123,Brooklyn,Homecrest,Boro Zone,0.816,1.0,1.0,0.184,-0.184,-18.4,143,0.0013,154,Latest chronological test-window forecast
2025-05-31 22:00:00,23,117,124,Queens,Howard Beach,Boro Zone,0.0,2.0,0.0,2.0,0.0,,214,0.0,214,Latest chronological test-window forecast
2025-05-31 22:00:00,23,118,125,Manhattan,Hudson Sq,Yellow Zone,52.665,56.0,59.0,3.335,-6.335,-10.74,40,0.0826,40,Latest chronological test-window forecast
2025-05-31 22:00:00,23,119,126,Bronx,Hunts Point,Boro Zone,0.807,2.0,1.0,1.193,-0.193,-19.3,157,0.0013,155,Latest chronological test-window forecast
2025-05-31 22:00:00,23,120,127,Manhattan,Inwood,Boro Zone,6.2,3.0,7.0,3.2,-0.8,-11.43,91,0.0097,91,Latest chronological test-window forecast
2025-05-31 22:00:00,23,121,128,Manhattan,Inwood Hill Park,Boro Zone,0.791,1.0,1.0,0.209,-0.209,-20.9,172,0.0012,174,Latest chronological test-window forecast
2025-05-31 22:00:00,23,122,129,Queens,Jackson Heights,Boro Zone,8.016,9.0,9.0,0.984,-0.984,-10.93,80,0.0126,80,Latest chronological test-window forecast
2025-05-31 22:00:00,23,123,130,Queens,Jamaica,Boro Zone,5.326,14.0,6.0,8.674,-0.674,-11.23,93,0.0083,94,Latest chronological test-window forecast
2025-05-31 22:00:00,23,124,131,Queens,Jamaica Estates,Boro Zone,0.0,1.0,0.0,1.0,0.0,,215,0.0,215,Latest chronological test-window forecast
2025-05-31 22:00:00,23,125,132,Queens,JFK Airport,Airports,255.66,403.0,285.0,147.34,-29.34,-10.29,7,0.4008,7,Latest chronological test-window forecast
2025-05-31 22:00:00,23,126,133,Brooklyn,Kensington,Boro Zone,1.714,0.0,2.0,1.714,-0.286,-14.3,129,0.0027,135,Latest chronological test-window forecast
2025-05-31 22:00:00,23,127,134,Queens,Kew Gardens,Boro Zone,0.0,1.0,0.0,1.0,0.0,,216,0.0,216,Latest chronological test-window forecast
2025-05-31 22:00:00,23,128,135,Queens,Kew Gardens Hills,Boro Zone,0.0,0.0,0.0,0.0,0.0,,217,0.0,217,Latest chronological test-window forecast
2025-05-31 22:00:00,23,129,136,Bronx,Kingsbridge Heights,Boro Zone,0.805,2.0,1.0,1.195,-0.195,-19.5,164,0.0013,156,Latest chronological test-window forecast
2025-05-31 22:00:00,23,130,137,Manhattan,Kips Bay,Yellow Zone,62.583,88.0,70.0,25.417,-7.417,-10.6,37,0.0981,37,Latest chronological test-window forecast
2025-05-31 22:00:00,23,131,138,Queens,LaGuardia Airport,Airports,163.797,80.0,183.0,83.797,-19.203,-10.49,17,0.2568,17,Latest chronological test-window forecast
2025-05-31 22:00:00,23,132,139,Queens,Laurelton,Boro Zone,0.0,0.0,0.0,0.0,0.0,,218,0.0,218,Latest chronological test-window forecast
2025-05-31 22:00:00,23,133,140,Manhattan,Lenox Hill East,Yellow Zone,62.674,70.0,70.0,7.326,-7.326,-10.47,36,0.0982,36,Latest chronological test-window forecast
2025-05-31 22:00:00,23,134,141,Manhattan,Lenox Hill West,Yellow Zone,127.868,205.0,143.0,77.132,-15.132,-10.58,24,0.2004,25,Latest chronological test-window forecast
2025-05-31 22:00:00,23,135,142,Manhattan,Lincoln Square East,Yellow Zone,446.551,322.0,499.0,124.551,-52.449,-10.51,1,0.7,1,Latest chronological test-window forecast
2025-05-31 22:00:00,23,136,143,Manhattan,Lincoln Square West,Yellow Zone,83.109,69.0,93.0,14.109,-9.891,-10.64,32,0.1303,32,Latest chronological test-window forecast
2025-05-31 22:00:00,23,137,144,Manhattan,Little Italy/NoLiTa,Yellow Zone,100.964,117.0,113.0,16.036,-12.036,-10.65,28,0.1583,28,Latest chronological test-window forecast
2025-05-31 22:00:00,23,138,145,Queens,Long Island City/Hunters Point,Boro Zone,22.365,27.0,25.0,4.635,-2.635,-10.54,49,0.0351,49,Latest chronological test-window forecast
2025-05-31 22:00:00,23,139,146,Queens,Long Island City/Queens Plaza,Boro Zone,2.587,16.0,3.0,13.413,-0.413,-13.77,126,0.0041,117,Latest chronological test-window forecast
2025-05-31 22:00:00,23,140,147,Bronx,Longwood,Boro Zone,0.0,0.0,0.0,0.0,0.0,,219,0.0,219,Latest chronological test-window forecast
2025-05-31 22:00:00,23,141,148,Manhattan,Lower East Side,Yellow Zone,129.603,192.0,145.0,62.397,-15.397,-10.62,23,0.2032,23,Latest chronological test-window forecast
2025-05-31 22:00:00,23,142,149,Brooklyn,Madison,Boro Zone,0.0,0.0,0.0,0.0,0.0,,220,0.0,220,Latest chronological test-window forecast
2025-05-31 22:00:00,23,143,150,Brooklyn,Manhattan Beach,Boro Zone,0.0,0.0,0.0,0.0,0.0,,221,0.0,221,Latest chronological test-window forecast
2025-05-31 22:00:00,23,144,151,Manhattan,Manhattan Valley,Yellow Zone,39.298,48.0,44.0,8.702,-4.702,-10.69,42,0.0616,42,Latest chronological test-window forecast
2025-05-31 22:00:00,23,145,152,Manhattan,Manhattanville,Boro Zone,7.974,13.0,9.0,5.026,-1.026,-11.4,85,0.0125,84,Latest chronological test-window forecast
2025-05-31 22:00:00,23,146,153,Manhattan,Marble Hill,Boro Zone,0.0,0.0,0.0,0.0,0.0,,222,0.0,222,Latest chronological test-window forecast
2025-05-31 22:00:00,23,147,154,Brooklyn,Marine Park/Floyd Bennett Field,Boro Zone,0.0,0.0,0.0,0.0,0.0,,223,0.0,223,Latest chronological test-window forecast
2025-05-31 22:00:00,23,148,155,Brooklyn,Marine Park/Mill Basin,Boro Zone,2.618,1.0,3.0,1.618,-0.382,-12.73,110,0.0041,118,Latest chronological test-window forecast
2025-05-31 22:00:00,23,149,156,Staten Island,Mariners Harbor,Boro Zone,0.0,0.0,0.0,0.0,0.0,,224,0.0,224,Latest chronological test-window forecast
2025-05-31 22:00:00,23,150,157,Queens,Maspeth,Boro Zone,8.004,4.0,9.0,4.004,-0.996,-11.07,82,0.0125,85,Latest chronological test-window forecast
2025-05-31 22:00:00,23,151,158,Manhattan,Meatpacking/West Village West,Yellow Zone,99.176,171.0,111.0,71.824,-11.824,-10.65,29,0.1555,29,Latest chronological test-window forecast
2025-05-31 22:00:00,23,152,159,Bronx,Melrose South,Boro Zone,1.709,6.0,2.0,4.291,-0.291,-14.55,135,0.0027,136,Latest chronological test-window forecast
2025-05-31 22:00:00,23,153,160,Queens,Middle Village,Boro Zone,3.51,7.0,4.0,3.49,-0.49,-12.25,105,0.0055,103,Latest chronological test-window forecast
2025-05-31 22:00:00,23,154,161,Manhattan,Midtown Center,Yellow Zone,188.651,243.0,211.0,54.349,-22.349,-10.59,11,0.2957,11,Latest chronological test-window forecast
2025-05-31 22:00:00,23,155,162,Manhattan,Midtown East,Yellow Zone,145.711,136.0,163.0,9.711,-17.289,-10.61,21,0.2284,21,Latest chronological test-window forecast
2025-05-31 22:00:00,23,156,163,Manhattan,Midtown North,Yellow Zone,171.661,246.0,192.0,74.339,-20.339,-10.59,15,0.2691,15,Latest chronological test-window forecast
2025-05-31 22:00:00,23,157,164,Manhattan,Midtown South,Yellow Zone,166.297,198.0,186.0,31.703,-19.703,-10.59,16,0.2607,16,Latest chronological test-window forecast
2025-05-31 22:00:00,23,158,165,Brooklyn,Midwood,Boro Zone,1.72,0.0,2.0,1.72,-0.28,-14.0,127,0.0027,137,Latest chronological test-window forecast
2025-05-31 22:00:00,23,159,166,Manhattan,Morningside Heights,Boro Zone,18.734,69.0,21.0,50.266,-2.266,-10.79,57,0.0294,57,Latest chronological test-window forecast
2025-05-31 22:00:00,23,160,167,Bronx,Morrisania/Melrose,Boro Zone,2.613,2.0,3.0,0.613,-0.387,-12.9,117,0.0041,119,Latest chronological test-window forecast
2025-05-31 22:00:00,23,161,168,Bronx,Mott Haven/Port Morris,Boro Zone,1.709,5.0,2.0,3.291,-0.291,-14.55,136,0.0027,138,Latest chronological test-window forecast
2025-05-31 22:00:00,23,162,169,Bronx,Mount Hope,Boro Zone,2.615,2.0,3.0,0.615,-0.385,-12.83,113,0.0041,120,Latest chronological test-window forecast
2025-05-31 22:00:00,23,163,170,Manhattan,Murray Hill,Yellow Zone,150.188,189.0,168.0,38.812,-17.812,-10.6,19,0.2354,19,Latest chronological test-window forecast
2025-05-31 22:00:00,23,164,171,Queens,Murray Hill-Queens,Boro Zone,0.808,2.0,1.0,1.192,-0.192,-19.2,154,0.0013,157,Latest chronological test-window forecast
2025-05-31 22:00:00,23,165,172,Staten Island,New Dorp/Midland Beach,Boro Zone,0.0,0.0,0.0,0.0,0.0,,225,0.0,225,Latest chronological test-window forecast
2025-05-31 22:00:00,23,166,173,Queens,North Corona,Boro Zone,1.707,1.0,2.0,0.707,-0.293,-14.65,140,0.0027,139,Latest chronological test-window forecast
2025-05-31 22:00:00,23,167,174,Bronx,Norwood,Boro Zone,0.808,2.0,1.0,1.192,-0.192,-19.2,155,0.0013,158,Latest chronological test-window forecast
2025-05-31 22:00:00,23,168,175,Queens,Oakland Gardens,Boro Zone,0.0,0.0,0.0,0.0,0.0,,226,0.0,226,Latest chronological test-window forecast
2025-05-31 22:00:00,23,169,176,Staten Island,Oakwood,Boro Zone,0.0,0.0,0.0,0.0,0.0,,227,0.0,227,Latest chronological test-window forecast
2025-05-31 22:00:00,23,170,177,Brooklyn,Ocean Hill,Boro Zone,2.605,5.0,3.0,2.395,-0.395,-13.17,122,0.0041,121,Latest chronological test-window forecast
2025-05-31 22:00:00,23,171,178,Brooklyn,Ocean Parkway South,Boro Zone,0.0,2.0,0.0,2.0,0.0,,228,0.0,228,Latest chronological test-window forecast
2025-05-31 22:00:00,23,172,179,Queens,Old Astoria,Boro Zone,5.287,8.0,6.0,2.713,-0.713,-11.88,96,0.0083,95,Latest chronological test-window forecast
2025-05-31 22:00:00,23,173,180,Queens,Ozone Park,Boro Zone,0.807,0.0,1.0,0.807,-0.193,-19.3,158,0.0013,159,Latest chronological test-window forecast
2025-05-31 22:00:00,23,174,181,Brooklyn,Park Slope,Boro Zone,8.902,28.0,10.0,19.098,-1.098,-10.98,78,0.014,77,Latest chronological test-window forecast
2025-05-31 22:00:00,23,175,182,Bronx,Parkchester,Boro Zone,0.801,1.0,1.0,0.199,-0.199,-19.9,170,0.0013,160,Latest chronological test-window forecast
2025-05-31 22:00:00,23,176,183,Bronx,Pelham Bay,Boro Zone,0.0,0.0,0.0,0.0,0.0,,229,0.0,229,Latest chronological test-window forecast
2025-05-31 22:00:00,23,177,184,Bronx,Pelham Bay Park,Boro Zone,0.805,0.0,1.0,0.805,-0.195,-19.5,165,0.0013,161,Latest chronological test-window forecast
2025-05-31 22:00:00,23,178,185,Bronx,Pelham Parkway,Boro Zone,0.0,0.0,0.0,0.0,0.0,,230,0.0,230,Latest chronological test-window forecast
2025-05-31 22:00:00,23,179,186,Manhattan,Penn Station/Madison Sq West,Yellow Zone,236.914,249.0,265.0,12.086,-28.086,-10.6,8,0.3714,8,Latest chronological test-window forecast
2025-05-31 22:00:00,23,180,187,Staten Island,Port Richmond,Boro Zone,0.0,0.0,0.0,0.0,0.0,,231,0.0,231,Latest chronological test-window forecast
2025-05-31 22:00:00,23,181,188,Brooklyn,Prospect-Lefferts Gardens,Boro Zone,8.921,12.0,10.0,3.079,-1.079,-10.79,77,0.014,78,Latest chronological test-window forecast
2025-05-31 22:00:00,23,182,189,Brooklyn,Prospect Heights,Boro Zone,2.602,9.0,3.0,6.398,-0.398,-13.27,123,0.0041,122,Latest chronological test-window forecast
2025-05-31 22:00:00,23,183,190,Brooklyn,Prospect Park,Boro Zone,0.801,0.0,1.0,0.801,-0.199,-19.9,171,0.0013,162,Latest chronological test-window forecast
2025-05-31 22:00:00,23,184,191,Queens,Queens Village,Boro Zone,0.81,3.0,1.0,2.19,-0.19,-19.0,148,0.0013,163,Latest chronological test-window forecast
2025-05-31 22:00:00,23,185,192,Queens,Queensboro Hill,Boro Zone,0.0,0.0,0.0,0.0,0.0,,232,0.0,232,Latest chronological test-window forecast
2025-05-31 22:00:00,23,186,193,Queens,Queensbridge/Ravenswood,Boro Zone,3.488,2.0,4.0,1.488,-0.512,-12.8,106,0.0055,104,Latest chronological test-window forecast
2025-05-31 22:00:00,23,187,194,Manhattan,Randalls Island,Yellow Zone,0.0,0.0,0.0,0.0,0.0,,233,0.0,233,Latest chronological test-window forecast
2025-05-31 22:00:00,23,188,195,Brooklyn,Red Hook,Boro Zone,4.391,1.0,5.0,3.391,-0.609,-12.18,99,0.0069,99,Latest chronological test-window forecast
2025-05-31 22:00:00,23,189,196,Queens,Rego Park,Boro Zone,3.514,3.0,4.0,0.514,-0.486,-12.15,102,0.0055,105,Latest chronological test-window forecast
2025-05-31 22:00:00,23,190,197,Queens,Richmond Hill,Boro Zone,2.615,5.0,3.0,2.385,-0.385,-12.83,114,0.0041,123,Latest chronological test-window forecast
2025-05-31 22:00:00,23,191,198,Queens,Ridgewood,Boro Zone,8.009,7.0,9.0,1.009,-0.991,-11.01,81,0.0126,81,Latest chronological test-window forecast
2025-05-31 22:00:00,23,192,200,Bronx,Riverdale/North Riverdale/Fieldston,Boro Zone,0.0,0.0,0.0,0.0,0.0,,234,0.0,234,Latest chronological test-window forecast
2025-05-31 22:00:00,23,193,201,Queens,Rockaway Park,Boro Zone,0.0,0.0,0.0,0.0,0.0,,235,0.0,235,Latest chronological test-window forecast
2025-05-31 22:00:00,23,194,202,Manhattan,Roosevelt Island,Boro Zone,0.0,1.0,0.0,1.0,0.0,,236,0.0,236,Latest chronological test-window forecast
2025-05-31 22:00:00,23,195,203,Queens,Rosedale,Boro Zone,0.0,2.0,0.0,2.0,0.0,,237,0.0,237,Latest chronological test-window forecast
2025-05-31 22:00:00,23,196,204,Staten Island,Rossville/Woodrow,Boro Zone,0.0,1.0,0.0,1.0,0.0,,238,0.0,238,Latest chronological test-window forecast
2025-05-31 22:00:00,23,197,205,Queens,Saint Albans,Boro Zone,2.616,5.0,3.0,2.384,-0.384,-12.8,112,0.0041,124,Latest chronological test-window forecast
2025-05-31 22:00:00,23,198,206,Staten Island,Saint George/New Brighton,Boro Zone,0.0,0.0,0.0,0.0,0.0,,239,0.0,239,Latest chronological test-window forecast
2025-05-31 22:00:00,23,199,207,Queens,Saint Michaels Cemetery/Woodside,Boro Zone,0.0,1.0,0.0,1.0,0.0,,240,0.0,240,Latest chronological test-window forecast
2025-05-31 22:00:00,23,200,208,Bronx,Schuylerville/Edgewater Park,Boro Zone,3.519,2.0,4.0,1.519,-0.481,-12.02,100,0.0055,106,Latest chronological test-window forecast
2025-05-31 22:00:00,23,201,209,Manhattan,Seaport,Yellow Zone,26.733,54.0,30.0,27.267,-3.267,-10.89,46,0.0419,46,Latest chronological test-window forecast
2025-05-31 22:00:00,23,202,210,Brooklyn,Sheepshead Bay,Boro Zone,0.0,1.0,0.0,1.0,0.0,,241,0.0,241,Latest chronological test-window forecast
2025-05-31 22:00:00,23,203,211,Manhattan,SoHo,Yellow Zone,67.87,88.0,76.0,20.13,-8.13,-10.7,35,0.1064,35,Latest chronological test-window forecast
2025-05-31 22:00:00,23,204,212,Bronx,Soundview/Bruckner,Boro Zone,0.807,0.0,1.0,0.807,-0.193,-19.3,159,0.0013,164,Latest chronological test-window forecast
2025-05-31 22:00:00,23,205,213,Bronx,Soundview/Castle Hill,Boro Zone,0.0,3.0,0.0,3.0,0.0,,242,0.0,242,Latest chronological test-window forecast
2025-05-31 22:00:00,23,206,214,Staten Island,South Beach/Dongan Hills,Boro Zone,0.0,0.0,0.0,0.0,0.0,,243,0.0,243,Latest chronological test-window forecast
2025-05-31 22:00:00,23,207,215,Queens,South Jamaica,Boro Zone,2.621,2.0,3.0,0.621,-0.379,-12.63,108,0.0041,125,Latest chronological test-window forecast
2025-05-31 22:00:00,23,208,216,Queens,South Ozone Park,Boro Zone,0.807,9.0,1.0,8.193,-0.193,-19.3,160,0.0013,165,Latest chronological test-window forecast
2025-05-31 22:00:00,23,209,217,Brooklyn,South Williamsburg,Boro Zone,0.0,0.0,0.0,0.0,0.0,,244,0.0,244,Latest chronological test-window forecast
2025-05-31 22:00:00,23,210,218,Queens,Springfield Gardens North,Boro Zone,0.81,3.0,1.0,2.19,-0.19,-19.0,149,0.0013,166,Latest chronological test-window forecast
2025-05-31 22:00:00,23,211,219,Queens,Springfield Gardens South,Boro Zone,1.71,3.0,2.0,1.29,-0.29,-14.5,133,0.0027,140,Latest chronological test-window forecast
2025-05-31 22:00:00,23,212,220,Bronx,Spuyten Duyvil/Kingsbridge,Boro Zone,0.0,3.0,0.0,3.0,0.0,,245,0.0,245,Latest chronological test-window forecast
2025-05-31 22:00:00,23,213,221,Staten Island,Stapleton,Boro Zone,0.0,0.0,0.0,0.0,0.0,,246,0.0,246,Latest chronological test-window forecast
2025-05-31 22:00:00,23,214,222,Brooklyn,Starrett City,Boro Zone,0.0,1.0,0.0,1.0,0.0,,247,0.0,247,Latest chronological test-window forecast
2025-05-31 22:00:00,23,215,223,Queens,Steinway,Boro Zone,6.188,8.0,7.0,1.812,-0.812,-11.6,92,0.0097,92,Latest chronological test-window forecast
2025-05-31 22:00:00,23,216,224,Manhattan,Stuy Town/Peter Cooper Village,Yellow Zone,13.311,22.0,15.0,8.689,-1.689,-11.26,67,0.0209,67,Latest chronological test-window forecast
2025-05-31 22:00:00,23,217,225,Brooklyn,Stuyvesant Heights,Boro Zone,12.506,8.0,14.0,4.506,-1.494,-10.67,69,0.0196,71,Latest chronological test-window forecast
2025-05-31 22:00:00,23,218,226,Queens,Sunnyside,Boro Zone,13.405,4.0,15.0,9.405,-1.595,-10.63,66,0.021,66,Latest chronological test-window forecast
2025-05-31 22:00:00,23,219,227,Brooklyn,Sunset Park East,Boro Zone,2.625,4.0,3.0,1.375,-0.375,-12.5,107,0.0041,126,Latest chronological test-window forecast
2025-05-31 22:00:00,23,220,228,Brooklyn,Sunset Park West,Boro Zone,1.713,6.0,2.0,4.287,-0.287,-14.35,130,0.0027,141,Latest chronological test-window forecast
2025-05-31 22:00:00,23,221,229,Manhattan,Sutton Place/Turtle Bay North,Yellow Zone,92.034,99.0,103.0,6.966,-10.966,-10.65,30,0.1443,30,Latest chronological test-window forecast
2025-05-31 22:00:00,23,222,230,Manhattan,Times Sq/Theatre District,Yellow Zone,322.001,393.0,360.0,70.999,-37.999,-10.56,2,0.5048,2,Latest chronological test-window forecast
2025-05-31 22:00:00,23,223,231,Manhattan,TriBeCa/Civic Center,Yellow Zone,84.014,149.0,94.0,64.986,-9.986,-10.62,31,0.1317,31,Latest chronological test-window forecast
2025-05-31 22:00:00,23,224,232,Manhattan,Two Bridges/Seward Park,Yellow Zone,20.47,41.0,23.0,20.53,-2.53,-11.0,55,0.0321,55,Latest chronological test-window forecast
2025-05-31 22:00:00,23,225,233,Manhattan,UN/Turtle Bay South,Yellow Zone,46.417,50.0,52.0,3.583,-5.583,-10.74,41,0.0728,41,Latest chronological test-window forecast
2025-05-31 22:00:00,23,226,234,Manhattan,Union Sq,Yellow Zone,227.078,249.0,254.0,21.922,-26.922,-10.6,9,0.356,9,Latest chronological test-window forecast
2025-05-31 22:00:00,23,227,235,Bronx,University Heights/Morris Heights,Boro Zone,0.806,6.0,1.0,5.194,-0.194,-19.4,162,0.0013,167,Latest chronological test-window forecast
2025-05-31 22:00:00,23,228,236,Manhattan,Upper East Side North,Yellow Zone,172.654,195.0,193.0,22.346,-20.346,-10.54,14,0.2706,14,Latest chronological test-window forecast
2025-05-31 22:00:00,23,229,237,Manhattan,Upper East Side South,Yellow Zone,267.478,287.0,299.0,19.522,-31.522,-10.54,6,0.4193,6,Latest chronological test-window forecast
2025-05-31 22:00:00,23,230,238,Manhattan,Upper West Side North,Yellow Zone,81.389,119.0,91.0,37.611,-9.611,-10.56,33,0.1276,33,Latest chronological test-window forecast
2025-05-31 22:00:00,23,231,239,Manhattan,Upper West Side South,Yellow Zone,205.83,254.0,230.0,48.17,-24.17,-10.51,10,0.3227,10,Latest chronological test-window forecast
2025-05-31 22:00:00,23,232,240,Bronx,Van Cortlandt Park,Boro Zone,0.0,1.0,0.0,1.0,0.0,,248,0.0,248,Latest chronological test-window forecast
2025-05-31 22:00:00,23,233,241,Bronx,Van Cortlandt Village,Boro Zone,0.803,2.0,1.0,1.197,-0.197,-19.7,168,0.0013,168,Latest chronological test-window forecast
2025-05-31 22:00:00,23,234,242,Bronx,Van Nest/Morris Park,Boro Zone,0.0,0.0,0.0,0.0,0.0,,249,0.0,249,Latest chronological test-window forecast
2025-05-31 22:00:00,23,235,243,Manhattan,Washington Heights North,Boro Zone,7.1,9.0,8.0,1.9,-0.9,-11.25,90,0.0111,90,Latest chronological test-window forecast
2025-05-31 22:00:00,23,236,244,Manhattan,Washington Heights South,Boro Zone,17.912,35.0,20.0,17.088,-2.088,-10.44,59,0.0281,59,Latest chronological test-window forecast
2025-05-31 22:00:00,23,237,245,Staten Island,West Brighton,Boro Zone,0.0,0.0,0.0,0.0,0.0,,250,0.0,250,Latest chronological test-window forecast
2025-05-31 22:00:00,23,238,246,Manhattan,West Chelsea/Hudson Yards,Yellow Zone,107.226,90.0,120.0,17.226,-12.774,-10.64,26,0.1681,26,Latest chronological test-window forecast
2025-05-31 22:00:00,23,239,247,Bronx,West Concourse,Boro Zone,1.708,3.0,2.0,1.292,-0.292,-14.6,139,0.0027,142,Latest chronological test-window forecast
2025-05-31 22:00:00,23,240,248,Bronx,West Farms/Bronx River,Boro Zone,0.0,1.0,0.0,1.0,0.0,,251,0.0,251,Latest chronological test-window forecast
2025-05-31 22:00:00,23,241,249,Manhattan,West Village,Yellow Zone,311.145,396.0,348.0,84.855,-36.855,-10.59,4,0.4877,4,Latest chronological test-window forecast
2025-05-31 22:00:00,23,242,250,Bronx,Westchester Village/Unionport,Boro Zone,0.81,1.0,1.0,0.19,-0.19,-19.0,150,0.0013,169,Latest chronological test-window forecast
2025-05-31 22:00:00,23,243,251,Staten Island,Westerleigh,Boro Zone,0.0,0.0,0.0,0.0,0.0,,252,0.0,252,Latest chronological test-window forecast
2025-05-31 22:00:00,23,244,252,Queens,Whitestone,Boro Zone,0.0,2.0,0.0,2.0,0.0,,253,0.0,253,Latest chronological test-window forecast
2025-05-31 22:00:00,23,245,253,Queens,Willets Point,Boro Zone,0.0,0.0,0.0,0.0,0.0,,254,0.0,254,Latest chronological test-window forecast
2025-05-31 22:00:00,23,246,254,Bronx,Williamsbridge/Olinville,Boro Zone,0.0,1.0,0.0,1.0,0.0,,255,0.0,255,Latest chronological test-window forecast
2025-05-31 22:00:00,23,247,255,Brooklyn,Williamsburg (North Side),Boro Zone,25.038,45.0,28.0,19.962,-2.962,-10.58,47,0.0392,47,Latest chronological test-window forecast
2025-05-31 22:00:00,23,248,256,Brooklyn,Williamsburg (South Side),Boro Zone,21.442,31.0,24.0,9.558,-2.558,-10.66,53,0.0336,53,Latest chronological test-window forecast
2025-05-31 22:00:00,23,249,257,Brooklyn,Windsor Terrace,Boro Zone,0.802,4.0,1.0,3.198,-0.198,-19.8,169,0.0013,170,Latest chronological test-window forecast
2025-05-31 22:00:00,23,250,258,Queens,Woodhaven,Boro Zone,0.806,4.0,1.0,3.194,-0.194,-19.4,163,0.0013,171,Latest chronological test-window forecast
2025-05-31 22:00:00,23,251,259,Bronx,Woodlawn/Wakefield,Boro Zone,0.0,4.0,0.0,4.0,0.0,,256,0.0,256,Latest chronological test-window forecast
2025-05-31 22:00:00,23,252,260,Queens,Woodside,Boro Zone,5.298,5.0,6.0,0.298,-0.702,-11.7,95,0.0083,96,Latest chronological test-window forecast
2025-05-31 22:00:00,23,253,261,Manhattan,World Trade Center,Yellow Zone,22.262,34.0,25.0,11.738,-2.738,-10.95,51,0.0349,52,Latest chronological test-window forecast
2025-05-31 22:00:00,23,254,262,Manhattan,Yorkville East,Yellow Zone,35.686,38.0,40.0,2.314,-4.314,-10.79,43,0.0559,43,Latest chronological test-window forecast
2025-05-31 22:00:00,23,255,263,Manhattan,Yorkville West,Yellow Zone,148.586,249.0,166.0,100.414,-17.414,-10.49,20,0.2329,20,Latest chronological test-window forecast
2025-05-31 23:00:00,24,0,1,EWR,Newark Airport,EWR,0.0,0.0,0.0,0.0,0.0,,188,0.0,188,Latest chronological test-window forecast
2025-05-31 23:00:00,24,1,2,Queens,Jamaica Bay,Boro Zone,0.0,0.0,0.0,0.0,0.0,,189,0.0,189,Latest chronological test-window forecast
2025-05-31 23:00:00,24,2,3,Bronx,Allerton/Pelham Gardens,Boro Zone,0.832,3.0,1.0,2.168,-0.168,-16.8,155,0.0012,144,Latest chronological test-window forecast
2025-05-31 23:00:00,24,3,4,Manhattan,Alphabet City,Yellow Zone,44.296,84.0,49.0,39.704,-4.704,-9.6,41,0.0655,41,Latest chronological test-window forecast
2025-05-31 23:00:00,24,4,6,Staten Island,Arrochar/Fort Wadsworth,Boro Zone,0.0,0.0,0.0,0.0,0.0,,190,0.0,190,Latest chronological test-window forecast
2025-05-31 23:00:00,24,5,7,Queens,Astoria,Boro Zone,14.521,39.0,16.0,24.479,-1.479,-9.24,66,0.0215,66,Latest chronological test-window forecast
2025-05-31 23:00:00,24,6,8,Queens,Astoria Park,Boro Zone,0.0,0.0,0.0,0.0,0.0,,191,0.0,191,Latest chronological test-window forecast
2025-05-31 23:00:00,24,7,9,Queens,Auburndale,Boro Zone,0.0,1.0,0.0,1.0,0.0,,192,0.0,192,Latest chronological test-window forecast
2025-05-31 23:00:00,24,8,10,Queens,Baisley Park,Boro Zone,3.567,7.0,4.0,3.433,-0.433,-10.82,107,0.0053,103,Latest chronological test-window forecast
2025-05-31 23:00:00,24,9,11,Brooklyn,Bath Beach,Boro Zone,0.838,1.0,1.0,0.162,-0.162,-16.2,144,0.0012,145,Latest chronological test-window forecast
2025-05-31 23:00:00,24,10,12,Manhattan,Battery Park,Yellow Zone,0.812,1.0,1.0,0.188,-0.188,-18.8,187,0.0012,146,Latest chronological test-window forecast
2025-05-31 23:00:00,24,11,13,Manhattan,Battery Park City,Yellow Zone,9.882,25.0,11.0,15.118,-1.118,-10.16,82,0.0146,81,Latest chronological test-window forecast
2025-05-31 23:00:00,24,12,14,Brooklyn,Bay Ridge,Boro Zone,3.584,5.0,4.0,1.416,-0.416,-10.4,103,0.0053,104,Latest chronological test-window forecast
2025-05-31 23:00:00,24,13,15,Queens,Bay Terrace/Fort Totten,Boro Zone,0.0,1.0,0.0,1.0,0.0,,193,0.0,193,Latest chronological test-window forecast
2025-05-31 23:00:00,24,14,16,Queens,Bayside,Boro Zone,0.0,0.0,0.0,0.0,0.0,,194,0.0,194,Latest chronological test-window forecast
2025-05-31 23:00:00,24,15,17,Brooklyn,Bedford,Boro Zone,9.958,27.0,11.0,17.042,-1.042,-9.47,80,0.0147,80,Latest chronological test-window forecast
2025-05-31 23:00:00,24,16,18,Bronx,Bedford Park,Boro Zone,2.662,5.0,3.0,2.338,-0.338,-11.27,118,0.0039,113,Latest chronological test-window forecast
2025-05-31 23:00:00,24,17,19,Queens,Bellerose,Boro Zone,0.0,2.0,0.0,2.0,0.0,,195,0.0,195,Latest chronological test-window forecast
2025-05-31 23:00:00,24,18,20,Bronx,Belmont,Boro Zone,1.745,1.0,2.0,0.745,-0.255,-12.75,136,0.0026,123,Latest chronological test-window forecast
2025-05-31 23:00:00,24,19,21,Brooklyn,Bensonhurst East,Boro Zone,0.0,2.0,0.0,2.0,0.0,,196,0.0,196,Latest chronological test-window forecast
2025-05-31 23:00:00,24,20,22,Brooklyn,Bensonhurst West,Boro Zone,0.838,4.0,1.0,3.162,-0.162,-16.2,145,0.0012,147,Latest chronological test-window forecast
2025-05-31 23:00:00,24,21,23,Staten Island,Bloomfield/Emerson Hill,Boro Zone,0.0,0.0,0.0,0.0,0.0,,197,0.0,197,Latest chronological test-window forecast
2025-05-31 23:00:00,24,22,24,Manhattan,Bloomingdale,Yellow Zone,9.891,27.0,11.0,17.109,-1.109,-10.08,81,0.0146,82,Latest chronological test-window forecast
2025-05-31 23:00:00,24,23,25,Brooklyn,Boerum Hill,Boro Zone,13.598,14.0,15.0,0.402,-1.402,-9.35,70,0.0201,70,Latest chronological test-window forecast
2025-05-31 23:00:00,24,24,26,Brooklyn,Borough Park,Boro Zone,0.835,0.0,1.0,0.835,-0.165,-16.5,149,0.0012,148,Latest chronological test-window forecast
2025-05-31 23:00:00,24,25,27,Queens,Breezy Point/Fort Tilden/Riis Beach,Boro Zone,0.0,0.0,0.0,0.0,0.0,,198,0.0,198,Latest chronological test-window forecast
2025-05-31 23:00:00,24,26,28,Queens,Briarwood/Jamaica Hills,Boro Zone,0.831,6.0,1.0,5.169,-0.169,-16.9,165,0.0012,149,Latest chronological test-window forecast
2025-05-31 23:00:00,24,27,29,Brooklyn,Brighton Beach,Boro Zone,0.838,0.0,1.0,0.838,-0.162,-16.2,146,0.0012,150,Latest chronological test-window forecast
2025-05-31 23:00:00,24,28,30,Queens,Broad Channel,Boro Zone,0.0,0.0,0.0,0.0,0.0,,199,0.0,199,Latest chronological test-window forecast
2025-05-31 23:00:00,24,29,31,Bronx,Bronx Park,Boro Zone,0.0,0.0,0.0,0.0,0.0,,200,0.0,200,Latest chronological test-window forecast
2025-05-31 23:00:00,24,30,32,Bronx,Bronxdale,Boro Zone,0.0,0.0,0.0,0.0,0.0,,201,0.0,201,Latest chronological test-window forecast
2025-05-31 23:00:00,24,31,33,Brooklyn,Brooklyn Heights,Boro Zone,20.811,20.0,23.0,0.811,-2.189,-9.52,59,0.0308,59,Latest chronological test-window forecast
2025-05-31 23:00:00,24,32,34,Brooklyn,Brooklyn Navy Yard,Boro Zone,0.818,1.0,1.0,0.182,-0.182,-18.2,185,0.0012,151,Latest chronological test-window forecast
2025-05-31 23:00:00,24,33,35,Brooklyn,Brownsville,Boro Zone,5.408,10.0,6.0,4.592,-0.592,-9.87,93,0.008,93,Latest chronological test-window forecast
2025-05-31 23:00:00,24,34,36,Brooklyn,Bushwick North,Boro Zone,12.685,42.0,14.0,29.315,-1.315,-9.39,72,0.0187,72,Latest chronological test-window forecast
2025-05-31 23:00:00,24,35,37,Brooklyn,Bushwick South,Boro Zone,14.508,37.0,16.0,22.492,-1.492,-9.32,68,0.0214,68,Latest chronological test-window forecast
2025-05-31 23:00:00,24,36,38,Queens,Cambria Heights,Boro Zone,0.826,1.0,1.0,0.174,-0.174,-17.4,180,0.0012,152,Latest chronological test-window forecast
2025-05-31 23:00:00,24,37,39,Brooklyn,Canarsie,Boro Zone,3.577,6.0,4.0,2.423,-0.423,-10.58,104,0.0053,105,Latest chronological test-window forecast
2025-05-31 23:00:00,24,38,40,Brooklyn,Carroll Gardens,Boro Zone,3.546,6.0,4.0,2.454,-0.454,-11.35,110,0.0052,109,Latest chronological test-window forecast
2025-05-31 23:00:00,24,39,41,Manhattan,Central Harlem,Boro Zone,33.653,89.0,37.0,55.347,-3.347,-9.05,45,0.0497,45,Latest chronological test-window forecast
2025-05-31 23:00:00,24,40,42,Manhattan,Central Harlem North,Boro Zone,17.266,40.0,19.0,22.734,-1.734,-9.13,62,0.0255,62,Latest chronological test-window forecast
2025-05-31 23:00:00,24,41,43,Manhattan,Central Park,Yellow Zone,80.552,52.0,89.0,28.552,-8.448,-9.49,32,0.1191,32,Latest chronological test-window forecast
2025-05-31 23:00:00,24,42,44,Staten Island,Charleston/Tottenville,Boro Zone,0.0,0.0,0.0,0.0,0.0,,202,0.0,202,Latest chronological test-window forecast
2025-05-31 23:00:00,24,43,45,Manhattan,Chinatown,Yellow Zone,30.757,26.0,34.0,4.757,-3.243,-9.54,50,0.0455,50,Latest chronological test-window forecast
2025-05-31 23:00:00,24,44,46,Bronx,City Island,Boro Zone,0.0,0.0,0.0,0.0,0.0,,203,0.0,203,Latest chronological test-window forecast
2025-05-31 23:00:00,24,45,47,Bronx,Claremont/Bathgate,Boro Zone,0.829,3.0,1.0,2.171,-0.171,-17.1,176,0.0012,153,Latest chronological test-window forecast
2025-05-31 23:00:00,24,46,48,Manhattan,Clinton East,Yellow Zone,229.464,314.0,253.0,84.536,-23.536,-9.3,6,0.3391,6,Latest chronological test-window forecast
2025-05-31 23:00:00,24,47,49,Brooklyn,Clinton Hill,Boro Zone,12.673,27.0,14.0,14.327,-1.327,-9.48,73,0.0187,73,Latest chronological test-window forecast
2025-05-31 23:00:00,24,48,50,Manhattan,Clinton West,Yellow Zone,51.561,112.0,57.0,60.439,-5.439,-9.54,37,0.0762,37,Latest chronological test-window forecast
2025-05-31 23:00:00,24,49,51,Bronx,Co-Op City,Boro Zone,0.0,2.0,0.0,2.0,0.0,,204,0.0,204,Latest chronological test-window forecast
2025-05-31 23:00:00,24,50,52,Brooklyn,Cobble Hill,Boro Zone,5.363,6.0,6.0,0.637,-0.637,-10.62,98,0.0079,98,Latest chronological test-window forecast
2025-05-31 23:00:00,24,51,53,Queens,College Point,Boro Zone,0.832,1.0,1.0,0.168,-0.168,-16.8,156,0.0012,154,Latest chronological test-window forecast
2025-05-31 23:00:00,24,52,54,Brooklyn,Columbia Street,Boro Zone,3.533,1.0,4.0,2.533,-0.467,-11.68,111,0.0052,110,Latest chronological test-window forecast
2025-05-31 23:00:00,24,53,55,Brooklyn,Coney Island,Boro Zone,0.0,0.0,0.0,0.0,0.0,,205,0.0,205,Latest chronological test-window forecast
2025-05-31 23:00:00,24,54,56,Queens,Corona,Boro Zone,6.323,3.0,7.0,3.323,-0.677,-9.67,88,0.0093,88,Latest chronological test-window forecast
2025-05-31 23:00:00,24,55,57,Queens,Corona,Boro Zone,0.0,1.0,0.0,1.0,0.0,,206,0.0,206,Latest chronological test-window forecast
2025-05-31 23:00:00,24,56,58,Bronx,Country Club,Boro Zone,0.0,0.0,0.0,0.0,0.0,,207,0.0,207,Latest chronological test-window forecast
2025-05-31 23:00:00,24,57,59,Bronx,Crotona Park,Boro Zone,0.0,0.0,0.0,0.0,0.0,,208,0.0,208,Latest chronological test-window forecast
2025-05-31 23:00:00,24,58,60,Bronx,Crotona Park East,Boro Zone,0.832,0.0,1.0,0.832,-0.168,-16.8,157,0.0012,155,Latest chronological test-window forecast
2025-05-31 23:00:00,24,59,61,Brooklyn,Crown Heights North,Boro Zone,12.694,22.0,14.0,9.306,-1.306,-9.33,71,0.0188,71,Latest chronological test-window forecast
2025-05-31 23:00:00,24,60,62,Brooklyn,Crown Heights South,Boro Zone,1.743,11.0,2.0,9.257,-0.257,-12.85,140,0.0026,124,Latest chronological test-window forecast
2025-05-31 23:00:00,24,61,63,Brooklyn,Cypress Hills,Boro Zone,3.573,4.0,4.0,0.427,-0.427,-10.67,106,0.0053,106,Latest chronological test-window forecast
2025-05-31 23:00:00,24,62,64,Queens,Douglaston,Boro Zone,0.0,1.0,0.0,1.0,0.0,,209,0.0,209,Latest chronological test-window forecast
2025-05-31 23:00:00,24,63,65,Brooklyn,Downtown Brooklyn/MetroTech,Boro Zone,16.261,20.0,18.0,3.739,-1.739,-9.66,64,0.024,64,Latest chronological test-window forecast
2025-05-31 23:00:00,24,64,66,Brooklyn,DUMBO/Vinegar Hill,Boro Zone,11.692,19.0,13.0,7.308,-1.308,-10.06,75,0.0173,75,Latest chronological test-window forecast
2025-05-31 23:00:00,24,65,67,Brooklyn,Dyker Heights,Boro Zone,0.0,0.0,0.0,0.0,0.0,,210,0.0,210,Latest chronological test-window forecast
2025-05-31 23:00:00,24,66,68,Manhattan,East Chelsea,Yellow Zone,165.79,225.0,183.0,59.21,-17.21,-9.4,12,0.245,12,Latest chronological test-window forecast
2025-05-31 23:00:00,24,67,69,Bronx,East Concourse/Concourse Village,Boro Zone,0.831,3.0,1.0,2.169,-0.169,-16.9,166,0.0012,156,Latest chronological test-window forecast
2025-05-31 23:00:00,24,68,70,Queens,East Elmhurst,Boro Zone,7.166,15.0,8.0,7.834,-0.834,-10.42,87,0.0106,87,Latest chronological test-window forecast
2025-05-31 23:00:00,24,69,71,Brooklyn,East Flatbush/Farragut,Boro Zone,4.49,5.0,5.0,0.51,-0.51,-10.2,100,0.0066,99,Latest chronological test-window forecast
2025-05-31 23:00:00,24,70,72,Brooklyn,East Flatbush/Remsen Village,Boro Zone,7.234,3.0,8.0,4.234,-0.766,-9.58,86,0.0107,85,Latest chronological test-window forecast
2025-05-31 23:00:00,24,71,73,Queens,East Flushing,Boro Zone,0.0,1.0,0.0,1.0,0.0,,211,0.0,211,Latest chronological test-window forecast
2025-05-31 23:00:00,24,72,74,Manhattan,East Harlem North,Boro Zone,23.621,51.0,26.0,27.379,-2.379,-9.15,56,0.0349,56,Latest chronological test-window forecast
2025-05-31 23:00:00,24,73,75,Manhattan,East Harlem South,Boro Zone,32.685,45.0,36.0,12.315,-3.315,-9.21,48,0.0483,48,Latest chronological test-window forecast
2025-05-31 23:00:00,24,74,76,Brooklyn,East New York,Boro Zone,10.893,13.0,12.0,2.107,-1.107,-9.22,76,0.0161,76,Latest chronological test-window forecast
2025-05-31 23:00:00,24,75,77,Brooklyn,East New York/Pennsylvania Avenue,Boro Zone,1.744,3.0,2.0,1.256,-0.256,-12.8,138,0.0026,125,Latest chronological test-window forecast
2025-05-31 23:00:00,24,76,78,Bronx,East Tremont,Boro Zone,0.832,3.0,1.0,2.168,-0.168,-16.8,158,0.0012,157,Latest chronological test-window forecast
2025-05-31 23:00:00,24,77,79,Manhattan,East Village,Yellow Zone,462.987,676.0,511.0,213.013,-48.013,-9.4,2,0.6843,2,Latest chronological test-window forecast
2025-05-31 23:00:00,24,78,80,Brooklyn,East Williamsburg,Boro Zone,29.061,25.0,32.0,4.061,-2.939,-9.18,52,0.043,52,Latest chronological test-window forecast
2025-05-31 23:00:00,24,79,81,Bronx,Eastchester,Boro Zone,1.752,2.0,2.0,0.248,-0.248,-12.4,124,0.0026,126,Latest chronological test-window forecast
2025-05-31 23:00:00,24,80,82,Queens,Elmhurst,Boro Zone,2.66,11.0,3.0,8.34,-0.34,-11.33,119,0.0039,114,Latest chronological test-window forecast
2025-05-31 23:00:00,24,81,83,Queens,Elmhurst/Maspeth,Boro Zone,3.563,9.0,4.0,5.437,-0.437,-10.92,108,0.0053,107,Latest chronological test-window forecast
2025-05-31 23:00:00,24,82,84,Staten Island,Eltingville/Annadale/Prince's Bay,Boro Zone,0.0,0.0,0.0,0.0,0.0,,212,0.0,212,Latest chronological test-window forecast
2025-05-31 23:00:00,24,83,85,Brooklyn,Erasmus,Boro Zone,5.399,6.0,6.0,0.601,-0.601,-10.02,94,0.008,94,Latest chronological test-window forecast
2025-05-31 23:00:00,24,84,86,Queens,Far Rockaway,Boro Zone,0.0,1.0,0.0,1.0,0.0,,213,0.0,213,Latest chronological test-window forecast
2025-05-31 23:00:00,24,85,87,Manhattan,Financial District North,Yellow Zone,64.246,126.0,71.0,61.754,-6.754,-9.51,34,0.095,34,Latest chronological test-window forecast
2025-05-31 23:00:00,24,86,88,Manhattan,Financial District South,Yellow Zone,42.489,54.0,47.0,11.511,-4.511,-9.6,42,0.0628,42,Latest chronological test-window forecast
2025-05-31 23:00:00,24,87,89,Brooklyn,Flatbush/Ditmas Park,Boro Zone,11.824,13.0,13.0,1.176,-1.176,-9.05,74,0.0175,74,Latest chronological test-window forecast
2025-05-31 23:00:00,24,88,90,Manhattan,Flatiron,Yellow Zone,155.728,202.0,172.0,46.272,-16.272,-9.46,15,0.2302,15,Latest chronological test-window forecast
2025-05-31 23:00:00,24,89,91,Brooklyn,Flatlands,Boro Zone,2.664,6.0,3.0,3.336,-0.336,-11.2,115,0.0039,115,Latest chronological test-window forecast
2025-05-31 23:00:00,24,90,92,Queens,Flushing,Boro Zone,2.665,4.0,3.0,1.335,-0.335,-11.17,114,0.0039,116,Latest chronological test-window forecast
2025-05-31 23:00:00,24,91,93,Queens,Flushing Meadows-Corona Park,Boro Zone,4.447,0.0,5.0,4.447,-0.553,-11.06,102,0.0066,100,Latest chronological test-window forecast
2025-05-31 23:00:00,24,92,94,Bronx,Fordham South,Boro Zone,0.828,2.0,1.0,1.172,-0.172,-17.2,178,0.0012,158,Latest chronological test-window forecast
2025-05-31 23:00:00,24,93,95,Queens,Forest Hills,Boro Zone,0.831,26.0,1.0,25.169,-0.169,-16.9,167,0.0012,159,Latest chronological test-window forecast
2025-05-31 23:00:00,24,94,96,Queens,Forest Park/Highland Park,Boro Zone,0.0,0.0,0.0,0.0,0.0,,214,0.0,214,Latest chronological test-window forecast
2025-05-31 23:00:00,24,95,97,Brooklyn,Fort Greene,Boro Zone,16.311,20.0,18.0,3.689,-1.689,-9.38,63,0.0241,63,Latest chronological test-window forecast
2025-05-31 23:00:00,24,96,98,Queens,Fresh Meadows,Boro Zone,0.836,0.0,1.0,0.836,-0.164,-16.4,148,0.0012,160,Latest chronological test-window forecast
2025-05-31 23:00:00,24,97,100,Manhattan,Garment District,Yellow Zone,64.234,104.0,71.0,39.766,-6.766,-9.53,35,0.0949,35,Latest chronological test-window forecast
2025-05-31 23:00:00,24,98,101,Queens,Glen Oaks,Boro Zone,0.0,0.0,0.0,0.0,0.0,,215,0.0,215,Latest chronological test-window forecast
2025-05-31 23:00:00,24,99,102,Queens,Glendale,Boro Zone,1.745,5.0,2.0,3.255,-0.255,-12.75,137,0.0026,127,Latest chronological test-window forecast
2025-05-31 23:00:00,24,100,106,Brooklyn,Gowanus,Boro Zone,1.747,15.0,2.0,13.253,-0.253,-12.65,130,0.0026,128,Latest chronological test-window forecast
2025-05-31 23:00:00,24,101,107,Manhattan,Gramercy,Yellow Zone,175.722,274.0,194.0,98.278,-18.278,-9.42,11,0.2597,11,Latest chronological test-window forecast
2025-05-31 23:00:00,24,102,108,Brooklyn,Gravesend,Boro Zone,0.837,0.0,1.0,0.837,-0.163,-16.3,147,0.0012,161,Latest chronological test-window forecast
2025-05-31 23:00:00,24,103,109,Staten Island,Great Kills,Boro Zone,0.0,1.0,0.0,1.0,0.0,,216,0.0,216,Latest chronological test-window forecast
2025-05-31 23:00:00,24,104,111,Brooklyn,Green-Wood Cemetery,Boro Zone,0.0,0.0,0.0,0.0,0.0,,217,0.0,217,Latest chronological test-window forecast
2025-05-31 23:00:00,24,105,112,Brooklyn,Greenpoint,Boro Zone,33.585,56.0,37.0,22.415,-3.415,-9.23,46,0.0496,46,Latest chronological test-window forecast
2025-05-31 23:00:00,24,106,113,Manhattan,Greenwich Village North,Yellow Zone,153.987,168.0,170.0,14.013,-16.013,-9.42,16,0.2276,16,Latest chronological test-window forecast
2025-05-31 23:00:00,24,107,114,Manhattan,Greenwich Village South,Yellow Zone,316.056,311.0,349.0,5.056,-32.944,-9.44,3,0.4671,3,Latest chronological test-window forecast
2025-05-31 23:00:00,24,108,115,Staten Island,Grymes Hill/Clifton,Boro Zone,0.0,0.0,0.0,0.0,0.0,,218,0.0,218,Latest chronological test-window forecast
2025-05-31 23:00:00,24,109,116,Manhattan,Hamilton Heights,Boro Zone,10.841,21.0,12.0,10.159,-1.159,-9.66,79,0.016,79,Latest chronological test-window forecast
2025-05-31 23:00:00,24,110,117,Queens,Hammels/Arverne,Boro Zone,2.663,1.0,3.0,1.663,-0.337,-11.23,117,0.0039,117,Latest chronological test-window forecast
2025-05-31 23:00:00,24,111,118,Staten Island,Heartland Village/Todt Hill,Boro Zone,0.0,0.0,0.0,0.0,0.0,,219,0.0,219,Latest chronological test-window forecast
2025-05-31 23:00:00,24,112,119,Bronx,Highbridge,Boro Zone,1.741,5.0,2.0,3.259,-0.259,-12.95,142,0.0026,129,Latest chronological test-window forecast
2025-05-31 23:00:00,24,113,120,Manhattan,Highbridge Park,Boro Zone,2.634,0.0,3.0,2.634,-0.366,-12.2,122,0.0039,118,Latest chronological test-window forecast
2025-05-31 23:00:00,24,114,121,Queens,Hillcrest/Pomonok,Boro Zone,0.834,0.0,1.0,0.834,-0.166,-16.6,150,0.0012,162,Latest chronological test-window forecast
2025-05-31 23:00:00,24,115,122,Queens,Hollis,Boro Zone,2.67,3.0,3.0,0.33,-0.33,-11.0,113,0.0039,119,Latest chronological test-window forecast
2025-05-31 23:00:00,24,116,123,Brooklyn,Homecrest,Boro Zone,0.0,0.0,0.0,0.0,0.0,,220,0.0,220,Latest chronological test-window forecast
2025-05-31 23:00:00,24,117,124,Queens,Howard Beach,Boro Zone,1.747,5.0,2.0,3.253,-0.253,-12.65,131,0.0026,130,Latest chronological test-window forecast
2025-05-31 23:00:00,24,118,125,Manhattan,Hudson Sq,Yellow Zone,37.044,62.0,41.0,24.956,-3.956,-9.65,44,0.0547,44,Latest chronological test-window forecast
2025-05-31 23:00:00,24,119,126,Bronx,Hunts Point,Boro Zone,1.746,2.0,2.0,0.254,-0.254,-12.7,133,0.0026,131,Latest chronological test-window forecast
2025-05-31 23:00:00,24,120,127,Manhattan,Inwood,Boro Zone,5.386,9.0,6.0,3.614,-0.614,-10.23,96,0.008,95,Latest chronological test-window forecast
2025-05-31 23:00:00,24,121,128,Manhattan,Inwood Hill Park,Boro Zone,0.0,0.0,0.0,0.0,0.0,,221,0.0,221,Latest chronological test-window forecast
2025-05-31 23:00:00,24,122,129,Queens,Jackson Heights,Boro Zone,2.655,8.0,3.0,5.345,-0.345,-11.5,121,0.0039,120,Latest chronological test-window forecast
2025-05-31 23:00:00,24,123,130,Queens,Jamaica,Boro Zone,13.654,15.0,15.0,1.346,-1.346,-8.97,69,0.0202,69,Latest chronological test-window forecast
2025-05-31 23:00:00,24,124,131,Queens,Jamaica Estates,Boro Zone,0.0,1.0,0.0,1.0,0.0,,222,0.0,222,Latest chronological test-window forecast
2025-05-31 23:00:00,24,125,132,Queens,JFK Airport,Airports,214.56,383.0,236.0,168.44,-21.44,-9.08,8,0.3171,8,Latest chronological test-window forecast
2025-05-31 23:00:00,24,126,133,Brooklyn,Kensington,Boro Zone,0.834,2.0,1.0,1.166,-0.166,-16.6,151,0.0012,163,Latest chronological test-window forecast
2025-05-31 23:00:00,24,127,134,Queens,Kew Gardens,Boro Zone,0.831,3.0,1.0,2.169,-0.169,-16.9,168,0.0012,164,Latest chronological test-window forecast
2025-05-31 23:00:00,24,128,135,Queens,Kew Gardens Hills,Boro Zone,0.0,2.0,0.0,2.0,0.0,,223,0.0,223,Latest chronological test-window forecast
2025-05-31 23:00:00,24,129,136,Bronx,Kingsbridge Heights,Boro Zone,0.83,1.0,1.0,0.17,-0.17,-17.0,173,0.0012,165,Latest chronological test-window forecast
2025-05-31 23:00:00,24,130,137,Manhattan,Kips Bay,Yellow Zone,82.482,123.0,91.0,40.518,-8.518,-9.36,30,0.1219,30,Latest chronological test-window forecast
2025-05-31 23:00:00,24,131,138,Queens,LaGuardia Airport,Airports,102.461,101.0,113.0,1.461,-10.539,-9.33,28,0.1514,28,Latest chronological test-window forecast
2025-05-31 23:00:00,24,132,139,Queens,Laurelton,Boro Zone,1.746,4.0,2.0,2.254,-0.254,-12.7,134,0.0026,132,Latest chronological test-window forecast
2025-05-31 23:00:00,24,133,140,Manhattan,Lenox Hill East,Yellow Zone,38.081,53.0,42.0,14.919,-3.919,-9.33,43,0.0563,43,Latest chronological test-window forecast
2025-05-31 23:00:00,24,134,141,Manhattan,Lenox Hill West,Yellow Zone,98.729,183.0,109.0,84.271,-10.271,-9.42,29,0.1459,29,Latest chronological test-window forecast
2025-05-31 23:00:00,24,135,142,Manhattan,Lincoln Square East,Yellow Zone,195.791,347.0,216.0,151.209,-20.209,-9.36,9,0.2894,9,Latest chronological test-window forecast
2025-05-31 23:00:00,24,136,143,Manhattan,Lincoln Square West,Yellow Zone,47.948,65.0,53.0,17.052,-5.052,-9.53,39,0.0709,39,Latest chronological test-window forecast
2025-05-31 23:00:00,24,137,144,Manhattan,Little Italy/NoLiTa,Yellow Zone,143.951,171.0,159.0,27.049,-15.049,-9.46,17,0.2128,17,Latest chronological test-window forecast
2025-05-31 23:00:00,24,138,145,Queens,Long Island City/Hunters Point,Boro Zone,22.681,46.0,25.0,23.319,-2.319,-9.28,57,0.0335,57,Latest chronological test-window forecast
2025-05-31 23:00:00,24,139,146,Queens,Long Island City/Queens Plaza,Boro Zone,6.269,18.0,7.0,11.731,-0.731,-10.44,92,0.0093,89,Latest chronological test-window forecast
2025-05-31 23:00:00,24,140,147,Bronx,Longwood,Boro Zone,0.831,3.0,1.0,2.169,-0.169,-16.9,169,0.0012,166,Latest chronological test-window forecast
2025-05-31 23:00:00,24,141,148,Manhattan,Lower East Side,Yellow Zone,271.759,273.0,300.0,1.241,-28.241,-9.41,4,0.4016,4,Latest chronological test-window forecast
2025-05-31 23:00:00,24,142,149,Brooklyn,Madison,Boro Zone,0.0,0.0,0.0,0.0,0.0,,224,0.0,224,Latest chronological test-window forecast
2025-05-31 23:00:00,24,143,150,Brooklyn,Manhattan Beach,Boro Zone,0.0,3.0,0.0,3.0,0.0,,225,0.0,225,Latest chronological test-window forecast
2025-05-31 23:00:00,24,144,151,Manhattan,Manhattan Valley,Yellow Zone,28.036,42.0,31.0,13.964,-2.964,-9.56,54,0.0414,54,Latest chronological test-window forecast
2025-05-31 23:00:00,24,145,152,Manhattan,Manhattanville,Boro Zone,9.005,16.0,10.0,6.995,-0.995,-9.95,83,0.0133,83,Latest chronological test-window forecast
2025-05-31 23:00:00,24,146,153,Manhattan,Marble Hill,Boro Zone,0.0,2.0,0.0,2.0,0.0,,226,0.0,226,Latest chronological test-window forecast
2025-05-31 23:00:00,24,147,154,Brooklyn,Marine Park/Floyd Bennett Field,Boro Zone,0.0,0.0,0.0,0.0,0.0,,227,0.0,227,Latest chronological test-window forecast
2025-05-31 23:00:00,24,148,155,Brooklyn,Marine Park/Mill Basin,Boro Zone,0.833,3.0,1.0,2.167,-0.167,-16.7,153,0.0012,167,Latest chronological test-window forecast
2025-05-31 23:00:00,24,149,156,Staten Island,Mariners Harbor,Boro Zone,0.0,0.0,0.0,0.0,0.0,,228,0.0,228,Latest chronological test-window forecast
2025-05-31 23:00:00,24,150,157,Queens,Maspeth,Boro Zone,0.825,5.0,1.0,4.175,-0.175,-17.5,182,0.0012,168,Latest chronological test-window forecast
2025-05-31 23:00:00,24,151,158,Manhattan,Meatpacking/West Village West,Yellow Zone,156.624,187.0,173.0,30.376,-16.376,-9.47,14,0.2315,14,Latest chronological test-window forecast
2025-05-31 23:00:00,24,152,159,Bronx,Melrose South,Boro Zone,4.492,3.0,5.0,1.492,-0.508,-10.16,99,0.0066,101,Latest chronological test-window forecast
2025-05-31 23:00:00,24,153,160,Queens,Middle Village,Boro Zone,0.828,1.0,1.0,0.172,-0.172,-17.2,179,0.0012,169,Latest chronological test-window forecast
2025-05-31 23:00:00,24,154,161,Manhattan,Midtown Center,Yellow Zone,141.268,258.0,156.0,116.732,-14.732,-9.44,19,0.2088,19,Latest chronological test-window forecast
2025-05-31 23:00:00,24,155,162,Manhattan,Midtown East,Yellow Zone,110.458,125.0,122.0,14.542,-11.542,-9.46,26,0.1633,26,Latest chronological test-window forecast
2025-05-31 23:00:00,24,156,163,Manhattan,Midtown North,Yellow Zone,126.774,195.0,140.0,68.226,-13.226,-9.45,23,0.1874,23,Latest chronological test-window forecast
2025-05-31 23:00:00,24,157,164,Manhattan,Midtown South,Yellow Zone,142.191,229.0,157.0,86.809,-14.809,-9.43,18,0.2101,18,Latest chronological test-window forecast
2025-05-31 23:00:00,24,158,165,Brooklyn,Midwood,Boro Zone,2.675,0.0,3.0,2.675,-0.325,-10.83,112,0.004,112,Latest chronological test-window forecast
2025-05-31 23:00:00,24,159,166,Manhattan,Morningside Heights,Boro Zone,28.09,58.0,31.0,29.91,-2.91,-9.39,53,0.0415,53,Latest chronological test-window forecast
2025-05-31 23:00:00,24,160,167,Bronx,Morrisania/Melrose,Boro Zone,0.0,2.0,0.0,2.0,0.0,,229,0.0,229,Latest chronological test-window forecast
2025-05-31 23:00:00,24,161,168,Bronx,Mott Haven/Port Morris,Boro Zone,3.577,9.0,4.0,5.423,-0.423,-10.58,105,0.0053,108,Latest chronological test-window forecast
2025-05-31 23:00:00,24,162,169,Bronx,Mount Hope,Boro Zone,0.832,7.0,1.0,6.168,-0.168,-16.8,159,0.0012,170,Latest chronological test-window forecast
2025-05-31 23:00:00,24,163,170,Manhattan,Murray Hill,Yellow Zone,119.526,261.0,132.0,141.474,-12.474,-9.45,25,0.1767,25,Latest chronological test-window forecast
2025-05-31 23:00:00,24,164,171,Queens,Murray Hill-Queens,Boro Zone,0.832,1.0,1.0,0.168,-0.168,-16.8,160,0.0012,171,Latest chronological test-window forecast
2025-05-31 23:00:00,24,165,172,Staten Island,New Dorp/Midland Beach,Boro Zone,0.0,0.0,0.0,0.0,0.0,,230,0.0,230,Latest chronological test-window forecast
2025-05-31 23:00:00,24,166,173,Queens,North Corona,Boro Zone,0.829,2.0,1.0,1.171,-0.171,-17.1,177,0.0012,172,Latest chronological test-window forecast
2025-05-31 23:00:00,24,167,174,Bronx,Norwood,Boro Zone,0.833,1.0,1.0,0.167,-0.167,-16.7,154,0.0012,173,Latest chronological test-window forecast
2025-05-31 23:00:00,24,168,175,Queens,Oakland Gardens,Boro Zone,0.0,1.0,0.0,1.0,0.0,,231,0.0,231,Latest chronological test-window forecast
2025-05-31 23:00:00,24,169,176,Staten Island,Oakwood,Boro Zone,0.0,1.0,0.0,1.0,0.0,,232,0.0,232,Latest chronological test-window forecast
2025-05-31 23:00:00,24,170,177,Brooklyn,Ocean Hill,Boro Zone,6.309,1.0,7.0,5.309,-0.691,-9.87,89,0.0093,90,Latest chronological test-window forecast
2025-05-31 23:00:00,24,171,178,Brooklyn,Ocean Parkway South,Boro Zone,0.0,0.0,0.0,0.0,0.0,,233,0.0,233,Latest chronological test-window forecast
2025-05-31 23:00:00,24,172,179,Queens,Old Astoria,Boro Zone,8.104,8.0,9.0,0.104,-0.896,-9.96,84,0.012,84,Latest chronological test-window forecast
2025-05-31 23:00:00,24,173,180,Queens,Ozone Park,Boro Zone,1.747,4.0,2.0,2.253,-0.253,-12.65,132,0.0026,133,Latest chronological test-window forecast
2025-05-31 23:00:00,24,174,181,Brooklyn,Park Slope,Boro Zone,19.073,32.0,21.0,12.927,-1.927,-9.18,60,0.0282,60,Latest chronological test-window forecast
2025-05-31 23:00:00,24,175,182,Bronx,Parkchester,Boro Zone,0.0,0.0,0.0,0.0,0.0,,234,0.0,234,Latest chronological test-window forecast
2025-05-31 23:00:00,24,176,183,Bronx,Pelham Bay,Boro Zone,0.0,0.0,0.0,0.0,0.0,,235,0.0,235,Latest chronological test-window forecast
2025-05-31 23:00:00,24,177,184,Bronx,Pelham Bay Park,Boro Zone,0.0,0.0,0.0,0.0,0.0,,236,0.0,236,Latest chronological test-window forecast
2025-05-31 23:00:00,24,178,185,Bronx,Pelham Parkway,Boro Zone,0.831,4.0,1.0,3.169,-0.169,-16.9,170,0.0012,174,Latest chronological test-window forecast
2025-05-31 23:00:00,24,179,186,Manhattan,Penn Station/Madison Sq West,Yellow Zone,178.353,185.0,197.0,6.647,-18.647,-9.47,10,0.2636,10,Latest chronological test-window forecast
2025-05-31 23:00:00,24,180,187,Staten Island,Port Richmond,Boro Zone,0.0,0.0,0.0,0.0,0.0,,237,0.0,237,Latest chronological test-window forecast
2025-05-31 23:00:00,24,181,188,Brooklyn,Prospect-Lefferts Gardens,Boro Zone,5.399,14.0,6.0,8.601,-0.601,-10.02,95,0.008,96,Latest chronological test-window forecast
2025-05-31 23:00:00,24,182,189,Brooklyn,Prospect Heights,Boro Zone,0.825,11.0,1.0,10.175,-0.175,-17.5,183,0.0012,175,Latest chronological test-window forecast
2025-05-31 23:00:00,24,183,190,Brooklyn,Prospect Park,Boro Zone,0.826,2.0,1.0,1.174,-0.174,-17.4,181,0.0012,176,Latest chronological test-window forecast
2025-05-31 23:00:00,24,184,191,Queens,Queens Village,Boro Zone,0.0,3.0,0.0,3.0,0.0,,238,0.0,238,Latest chronological test-window forecast
2025-05-31 23:00:00,24,185,192,Queens,Queensboro Hill,Boro Zone,0.834,1.0,1.0,0.166,-0.166,-16.6,152,0.0012,177,Latest chronological test-window forecast
2025-05-31 23:00:00,24,186,193,Queens,Queensbridge/Ravenswood,Boro Zone,3.548,6.0,4.0,2.452,-0.452,-11.3,109,0.0052,111,Latest chronological test-window forecast
2025-05-31 23:00:00,24,187,194,Manhattan,Randalls Island,Yellow Zone,0.0,0.0,0.0,0.0,0.0,,239,0.0,239,Latest chronological test-window forecast
2025-05-31 23:00:00,24,188,195,Brooklyn,Red Hook,Boro Zone,4.464,2.0,5.0,2.464,-0.536,-10.72,101,0.0066,102,Latest chronological test-window forecast
2025-05-31 23:00:00,24,189,196,Queens,Rego Park,Boro Zone,2.66,2.0,3.0,0.66,-0.34,-11.33,120,0.0039,121,Latest chronological test-window forecast
2025-05-31 23:00:00,24,190,197,Queens,Richmond Hill,Boro Zone,2.664,7.0,3.0,4.336,-0.336,-11.2,116,0.0039,122,Latest chronological test-window forecast
2025-05-31 23:00:00,24,191,198,Queens,Ridgewood,Boro Zone,10.871,14.0,12.0,3.129,-1.129,-9.41,77,0.0161,77,Latest chronological test-window forecast
2025-05-31 23:00:00,24,192,200,Bronx,Riverdale/North Riverdale/Fieldston,Boro Zone,0.817,0.0,1.0,0.817,-0.183,-18.3,186,0.0012,178,Latest chronological test-window forecast
2025-05-31 23:00:00,24,193,201,Queens,Rockaway Park,Boro Zone,0.83,0.0,1.0,0.83,-0.17,-17.0,174,0.0012,179,Latest chronological test-window forecast
2025-05-31 23:00:00,24,194,202,Manhattan,Roosevelt Island,Boro Zone,0.819,1.0,1.0,0.181,-0.181,-18.1,184,0.0012,180,Latest chronological test-window forecast
2025-05-31 23:00:00,24,195,203,Queens,Rosedale,Boro Zone,0.0,0.0,0.0,0.0,0.0,,240,0.0,240,Latest chronological test-window forecast
2025-05-31 23:00:00,24,196,204,Staten Island,Rossville/Woodrow,Boro Zone,0.0,0.0,0.0,0.0,0.0,,241,0.0,241,Latest chronological test-window forecast
2025-05-31 23:00:00,24,197,205,Queens,Saint Albans,Boro Zone,0.832,0.0,1.0,0.832,-0.168,-16.8,161,0.0012,181,Latest chronological test-window forecast
2025-05-31 23:00:00,24,198,206,Staten Island,Saint George/New Brighton,Boro Zone,0.0,1.0,0.0,1.0,0.0,,242,0.0,242,Latest chronological test-window forecast
2025-05-31 23:00:00,24,199,207,Queens,Saint Michaels Cemetery/Woodside,Boro Zone,0.0,1.0,0.0,1.0,0.0,,243,0.0,243,Latest chronological test-window forecast
2025-05-31 23:00:00,24,200,208,Bronx,Schuylerville/Edgewater Park,Boro Zone,1.748,7.0,2.0,5.252,-0.252,-12.6,128,0.0026,134,Latest chronological test-window forecast
2025-05-31 23:00:00,24,201,209,Manhattan,Seaport,Yellow Zone,22.564,62.0,25.0,39.436,-2.436,-9.74,58,0.0333,58,Latest chronological test-window forecast
2025-05-31 23:00:00,24,202,210,Brooklyn,Sheepshead Bay,Boro Zone,1.757,2.0,2.0,0.243,-0.243,-12.15,123,0.0026,135,Latest chronological test-window forecast
2025-05-31 23:00:00,24,203,211,Manhattan,SoHo,Yellow Zone,110.426,125.0,122.0,14.574,-11.574,-9.49,27,0.1632,27,Latest chronological test-window forecast
2025-05-31 23:00:00,24,204,212,Bronx,Soundview/Bruckner,Boro Zone,0.832,2.0,1.0,1.168,-0.168,-16.8,162,0.0012,182,Latest chronological test-window forecast
2025-05-31 23:00:00,24,205,213,Bronx,Soundview/Castle Hill,Boro Zone,0.832,2.0,1.0,1.168,-0.168,-16.8,163,0.0012,183,Latest chronological test-window forecast
2025-05-31 23:00:00,24,206,214,Staten Island,South Beach/Dongan Hills,Boro Zone,0.0,0.0,0.0,0.0,0.0,,244,0.0,244,Latest chronological test-window forecast
2025-05-31 23:00:00,24,207,215,Queens,South Jamaica,Boro Zone,1.752,5.0,2.0,3.248,-0.248,-12.4,125,0.0026,136,Latest chronological test-window forecast
2025-05-31 23:00:00,24,208,216,Queens,South Ozone Park,Boro Zone,1.748,4.0,2.0,2.252,-0.252,-12.6,129,0.0026,137,Latest chronological test-window forecast
2025-05-31 23:00:00,24,209,217,Brooklyn,South Williamsburg,Boro Zone,0.0,1.0,0.0,1.0,0.0,,245,0.0,245,Latest chronological test-window forecast
2025-05-31 23:00:00,24,210,218,Queens,Springfield Gardens North,Boro Zone,0.0,2.0,0.0,2.0,0.0,,246,0.0,246,Latest chronological test-window forecast
2025-05-31 23:00:00,24,211,219,Queens,Springfield Gardens South,Boro Zone,0.831,1.0,1.0,0.169,-0.169,-16.9,171,0.0012,184,Latest chronological test-window forecast
2025-05-31 23:00:00,24,212,220,Bronx,Spuyten Duyvil/Kingsbridge,Boro Zone,1.738,3.0,2.0,1.262,-0.262,-13.1,143,0.0026,138,Latest chronological test-window forecast
2025-05-31 23:00:00,24,213,221,Staten Island,Stapleton,Boro Zone,0.0,0.0,0.0,0.0,0.0,,247,0.0,247,Latest chronological test-window forecast
2025-05-31 23:00:00,24,214,222,Brooklyn,Starrett City,Boro Zone,0.0,1.0,0.0,1.0,0.0,,248,0.0,248,Latest chronological test-window forecast
2025-05-31 23:00:00,24,215,223,Queens,Steinway,Boro Zone,6.286,14.0,7.0,7.714,-0.714,-10.2,91,0.0093,91,Latest chronological test-window forecast
2025-05-31 23:00:00,24,216,224,Manhattan,Stuy Town/Peter Cooper Village,Yellow Zone,15.307,25.0,17.0,9.693,-1.693,-9.96,65,0.0226,65,Latest chronological test-window forecast
2025-05-31 23:00:00,24,217,225,Brooklyn,Stuyvesant Heights,Boro Zone,10.864,25.0,12.0,14.136,-1.136,-9.47,78,0.0161,78,Latest chronological test-window forecast
2025-05-31 23:00:00,24,218,226,Queens,Sunnyside,Boro Zone,18.163,21.0,20.0,2.837,-1.837,-9.18,61,0.0268,61,Latest chronological test-window forecast
2025-05-31 23:00:00,24,219,227,Brooklyn,Sunset Park East,Boro Zone,0.0,1.0,0.0,1.0,0.0,,249,0.0,249,Latest chronological test-window forecast
2025-05-31 23:00:00,24,220,228,Brooklyn,Sunset Park West,Boro Zone,7.247,9.0,8.0,1.753,-0.753,-9.41,85,0.0107,86,Latest chronological test-window forecast
2025-05-31 23:00:00,24,221,229,Manhattan,Sutton Place/Turtle Bay North,Yellow Zone,72.394,142.0,80.0,69.606,-7.606,-9.51,33,0.107,33,Latest chronological test-window forecast
2025-05-31 23:00:00,24,222,230,Manhattan,Times Sq/Theatre District,Yellow Zone,214.726,301.0,237.0,86.274,-22.274,-9.4,7,0.3174,7,Latest chronological test-window forecast
2025-05-31 23:00:00,24,223,231,Manhattan,TriBeCa/Civic Center,Yellow Zone,124.116,186.0,137.0,61.884,-12.884,-9.4,24,0.1834,24,Latest chronological test-window forecast
2025-05-31 23:00:00,24,224,232,Manhattan,Two Bridges/Seward Park,Yellow Zone,29.813,47.0,33.0,17.187,-3.187,-9.66,51,0.0441,51,Latest chronological test-window forecast
2025-05-31 23:00:00,24,225,233,Manhattan,UN/Turtle Bay South,Yellow Zone,46.127,70.0,51.0,23.873,-4.873,-9.55,40,0.0682,40,Latest chronological test-window forecast
2025-05-31 23:00:00,24,226,234,Manhattan,Union Sq,Yellow Zone,261.705,331.0,289.0,69.295,-27.295,-9.44,5,0.3868,5,Latest chronological test-window forecast
2025-05-31 23:00:00,24,227,235,Bronx,University Heights/Morris Heights,Boro Zone,1.746,4.0,2.0,2.254,-0.254,-12.7,135,0.0026,139,Latest chronological test-window forecast
2025-05-31 23:00:00,24,228,236,Manhattan,Upper East Side North,Yellow Zone,130.498,119.0,144.0,11.498,-13.502,-9.38,21,0.1929,21,Latest chronological test-window forecast
2025-05-31 23:00:00,24,229,237,Manhattan,Upper East Side South,Yellow Zone,163.103,199.0,180.0,35.897,-16.897,-9.39,13,0.2411,13,Latest chronological test-window forecast
2025-05-31 23:00:00,24,230,238,Manhattan,Upper West Side North,Yellow Zone,59.795,122.0,66.0,62.205,-6.205,-9.4,36,0.0884,36,Latest chronological test-window forecast
2025-05-31 23:00:00,24,231,239,Manhattan,Upper West Side South,Yellow Zone,128.73,176.0,142.0,47.27,-13.27,-9.35,22,0.1903,22,Latest chronological test-window forecast
2025-05-31 23:00:00,24,232,240,Bronx,Van Cortlandt Park,Boro Zone,0.0,1.0,0.0,1.0,0.0,,250,0.0,250,Latest chronological test-window forecast
2025-05-31 23:00:00,24,233,241,Bronx,Van Cortlandt Village,Boro Zone,1.742,3.0,2.0,1.258,-0.258,-12.9,141,0.0026,140,Latest chronological test-window forecast
2025-05-31 23:00:00,24,234,242,Bronx,Van Nest/Morris Park,Boro Zone,0.832,1.0,1.0,0.168,-0.168,-16.8,164,0.0012,185,Latest chronological test-window forecast
2025-05-31 23:00:00,24,235,243,Manhattan,Washington Heights North,Boro Zone,6.297,19.0,7.0,12.703,-0.703,-10.04,90,0.0093,92,Latest chronological test-window forecast
2025-05-31 23:00:00,24,236,244,Manhattan,Washington Heights South,Boro Zone,14.518,46.0,16.0,31.482,-1.482,-9.26,67,0.0215,67,Latest chronological test-window forecast
2025-05-31 23:00:00,24,237,245,Staten Island,West Brighton,Boro Zone,0.0,0.0,0.0,0.0,0.0,,251,0.0,251,Latest chronological test-window forecast
2025-05-31 23:00:00,24,238,246,Manhattan,West Chelsea/Hudson Yards,Yellow Zone,81.432,106.0,90.0,24.568,-8.568,-9.52,31,0.1204,31,Latest chronological test-window forecast
2025-05-31 23:00:00,24,239,247,Bronx,West Concourse,Boro Zone,0.83,0.0,1.0,0.83,-0.17,-17.0,175,0.0012,186,Latest chronological test-window forecast
2025-05-31 23:00:00,24,240,248,Bronx,West Farms/Bronx River,Boro Zone,1.744,1.0,2.0,0.744,-0.256,-12.8,139,0.0026,141,Latest chronological test-window forecast
2025-05-31 23:00:00,24,241,249,Manhattan,West Village,Yellow Zone,473.632,453.0,523.0,20.632,-49.368,-9.44,1,0.7,1,Latest chronological test-window forecast
2025-05-31 23:00:00,24,242,250,Bronx,Westchester Village/Unionport,Boro Zone,1.751,6.0,2.0,4.249,-0.249,-12.45,126,0.0026,142,Latest chronological test-window forecast
2025-05-31 23:00:00,24,243,251,Staten Island,Westerleigh,Boro Zone,0.0,0.0,0.0,0.0,0.0,,252,0.0,252,Latest chronological test-window forecast
2025-05-31 23:00:00,24,244,252,Queens,Whitestone,Boro Zone,1.75,2.0,2.0,0.25,-0.25,-12.5,127,0.0026,143,Latest chronological test-window forecast
2025-05-31 23:00:00,24,245,253,Queens,Willets Point,Boro Zone,0.0,0.0,0.0,0.0,0.0,,253,0.0,253,Latest chronological test-window forecast
2025-05-31 23:00:00,24,246,254,Bronx,Williamsbridge/Olinville,Boro Zone,0.0,2.0,0.0,2.0,0.0,,254,0.0,254,Latest chronological test-window forecast
2025-05-31 23:00:00,24,247,255,Brooklyn,Williamsburg (North Side),Boro Zone,49.054,60.0,54.0,10.946,-4.946,-9.16,38,0.0725,38,Latest chronological test-window forecast
2025-05-31 23:00:00,24,248,256,Brooklyn,Williamsburg (South Side),Boro Zone,27.206,36.0,30.0,8.794,-2.794,-9.31,55,0.0402,55,Latest chronological test-window forecast
2025-05-31 23:00:00,24,249,257,Brooklyn,Windsor Terrace,Boro Zone,0.0,2.0,0.0,2.0,0.0,,255,0.0,255,Latest chronological test-window forecast
2025-05-31 23:00:00,24,250,258,Queens,Woodhaven,Boro Zone,0.831,6.0,1.0,5.169,-0.169,-16.9,172,0.0012,187,Latest chronological test-window forecast
2025-05-31 23:00:00,24,251,259,Bronx,Woodlawn/Wakefield,Boro Zone,0.0,0.0,0.0,0.0,0.0,,256,0.0,256,Latest chronological test-window forecast
2025-05-31 23:00:00,24,252,260,Queens,Woodside,Boro Zone,5.384,2.0,6.0,3.384,-0.616,-10.27,97,0.008,97,Latest chronological test-window forecast
2025-05-31 23:00:00,24,253,261,Manhattan,World Trade Center,Yellow Zone,33.441,39.0,37.0,5.559,-3.559,-9.62,47,0.0494,47,Latest chronological test-window forecast
2025-05-31 23:00:00,24,254,262,Manhattan,Yorkville East,Yellow Zone,32.537,36.0,36.0,3.463,-3.463,-9.62,49,0.0481,49,Latest chronological test-window forecast
2025-05-31 23:00:00,24,255,263,Manhattan,Yorkville West,Yellow Zone,133.326,175.0,147.0,41.674,-13.674,-9.3,20,0.197,20,Latest chronological test-window forecast
