origin_loc_id,origin_borough,origin_zone_name,dest_loc_id,destination_borough,destination_zone_name,trip_count,percentage_of_origin_trips,average_distance_miles,average_duration_minutes,average_total_charge,origin_flow_rank,overall_flow_rank
237,Manhattan,Upper East Side South,236,Manhattan,Upper East Side North,28176,16.26,1.029,8.317,16.26,1,1
236,Manhattan,Upper East Side North,237,Manhattan,Upper East Side South,23896,15.95,1.024,9.07,16.54,1,2
161,Manhattan,Midtown Center,237,Manhattan,Upper East Side South,13045,7.95,1.053,11.531,19.3,1,3
237,Manhattan,Upper East Side South,161,Manhattan,Midtown Center,12144,7.01,1.046,10.703,18.46,2,4
161,Manhattan,Midtown Center,236,Manhattan,Upper East Side North,10283,6.27,1.908,15.87,24.3,2,5
142,Manhattan,Lincoln Square East,239,Manhattan,Upper West Side South,9546,7.94,0.988,6.537,15.37,1,6
237,Manhattan,Upper East Side South,162,Manhattan,Midtown East,9363,5.4,0.976,9.013,17.32,3,7
236,Manhattan,Upper East Side North,161,Manhattan,Midtown Center,9070,6.05,1.881,15.715,23.42,2,8
239,Manhattan,Upper West Side South,142,Manhattan,Lincoln Square East,8883,9.18,0.88,6.681,14.98,1,9
239,Manhattan,Upper West Side South,238,Manhattan,Upper West Side North,8506,8.79,0.843,5.331,14.05,2,10
141,Manhattan,Lenox Hill West,236,Manhattan,Upper East Side North,8311,10.28,1.082,8.42,16.0,1,11
132,Queens,JFK Airport,230,Manhattan,Times Sq/Theatre District,8300,5.08,17.723,65.539,95.91,1,12
236,Manhattan,Upper East Side North,141,Manhattan,Lenox Hill West,8019,5.35,1.115,9.486,17.0,3,13
162,Manhattan,Midtown East,237,Manhattan,Upper East Side South,7953,6.66,0.992,10.356,18.46,1,14
142,Manhattan,Lincoln Square East,237,Manhattan,Upper East Side South,7841,6.52,1.329,10.119,18.41,2,15
237,Manhattan,Upper East Side South,141,Manhattan,Lenox Hill West,7819,4.51,0.753,7.454,14.96,4,16
237,Manhattan,Upper East Side South,142,Manhattan,Lincoln Square East,7739,4.46,1.264,11.509,19.18,5,17
138,Queens,LaGuardia Airport,230,Manhattan,Times Sq/Theatre District,7677,6.6,10.013,44.888,81.19,1,18
236,Manhattan,Upper East Side North,239,Manhattan,Upper West Side South,7662,5.11,1.426,9.8,18.16,4,19
142,Manhattan,Lincoln Square East,236,Manhattan,Upper East Side North,7505,6.24,2.074,13.406,21.93,3,20
238,Manhattan,Upper West Side North,239,Manhattan,Upper West Side South,7441,10.7,0.811,6.216,13.95,1,21
186,Manhattan,Penn Station/Madison Sq West,230,Manhattan,Times Sq/Theatre District,7244,6.09,1.031,13.973,21.09,1,22
237,Manhattan,Upper East Side South,263,Manhattan,Yorkville West,7158,4.13,1.185,8.954,16.78,6,23
142,Manhattan,Lincoln Square East,238,Manhattan,Upper West Side North,7141,5.94,1.495,8.425,17.64,4,24
239,Manhattan,Upper West Side South,236,Manhattan,Upper East Side North,7138,7.38,1.476,10.607,18.5,3,25
163,Manhattan,Midtown North,237,Manhattan,Upper East Side South,7081,6.75,0.948,10.489,18.03,1,26
236,Manhattan,Upper East Side North,238,Manhattan,Upper West Side North,7007,4.68,1.394,10.118,18.1,5,27
161,Manhattan,Midtown Center,234,Manhattan,Union Sq,6941,4.23,1.434,12.635,20.97,3,28
141,Manhattan,Lenox Hill West,237,Manhattan,Upper East Side South,6933,8.58,0.72,7.88,15.04,2,29
236,Manhattan,Upper East Side North,142,Manhattan,Lincoln Square East,6889,4.6,1.935,13.799,21.79,6,30
263,Manhattan,Yorkville West,236,Manhattan,Upper East Side North,6873,10.06,0.677,5.757,13.61,1,31
140,Manhattan,Lenox Hill East,236,Manhattan,Upper East Side North,6832,9.54,1.287,10.371,17.77,1,32
163,Manhattan,Midtown North,236,Manhattan,Upper East Side North,6570,6.27,1.728,13.786,22.33,2,33
236,Manhattan,Upper East Side North,162,Manhattan,Midtown East,6517,4.35,1.773,13.917,21.98,7,34
161,Manhattan,Midtown Center,164,Manhattan,Midtown South,6465,3.94,0.957,10.408,18.49,4,35
162,Manhattan,Midtown East,236,Manhattan,Upper East Side North,6449,5.4,1.777,14.68,22.96,2,36
237,Manhattan,Upper East Side South,140,Manhattan,Lenox Hill East,6439,3.71,0.913,9.071,16.28,7,37
262,Manhattan,Yorkville East,236,Manhattan,Upper East Side North,6411,12.56,0.881,7.691,14.95,1,38
48,Manhattan,Clinton East,68,Manhattan,East Chelsea,6310,6.94,1.139,7.676,16.88,1,39
237,Manhattan,Upper East Side South,163,Manhattan,Midtown North,6302,3.64,0.945,9.701,17.52,8,40
186,Manhattan,Penn Station/Madison Sq West,161,Manhattan,Midtown Center,6239,5.24,1.255,15.401,21.83,2,41
236,Manhattan,Upper East Side North,262,Manhattan,Yorkville East,6183,4.13,0.888,7.62,15.35,8,42
236,Manhattan,Upper East Side North,263,Manhattan,Yorkville West,6170,4.12,0.699,6.319,14.03,9,43
234,Manhattan,Union Sq,170,Manhattan,Murray Hill,6158,5.85,1.005,9.248,17.77,1,44
263,Manhattan,Yorkville West,141,Manhattan,Lenox Hill West,6022,8.82,0.939,6.086,14.46,2,45
237,Manhattan,Upper East Side South,239,Manhattan,Upper West Side South,5992,3.46,1.75,13.134,21.41,9,46
236,Manhattan,Upper East Side North,140,Manhattan,Lenox Hill East,5943,3.97,1.337,11.287,18.33,10,47
142,Manhattan,Lincoln Square East,161,Manhattan,Midtown Center,5821,4.84,1.401,12.305,19.86,5,48
107,Manhattan,Gramercy,170,Manhattan,Murray Hill,5815,7.74,0.981,8.57,16.72,1,49
238,Manhattan,Upper West Side North,236,Manhattan,Upper East Side North,5808,8.35,1.366,9.833,17.61,2,50
238,Manhattan,Upper West Side North,142,Manhattan,Lincoln Square East,5777,8.31,1.372,8.683,17.36,3,51
237,Manhattan,Upper East Side South,229,Manhattan,Sutton Place/Turtle Bay North,5766,3.33,1.066,9.833,17.96,10,52
140,Manhattan,Lenox Hill East,237,Manhattan,Upper East Side South,5756,8.04,0.897,9.126,16.4,2,53
161,Manhattan,Midtown Center,230,Manhattan,Times Sq/Theatre District,5710,3.48,0.687,10.961,18.42,5,54
161,Manhattan,Midtown Center,163,Manhattan,Midtown North,5691,3.47,0.757,9.613,17.61,6,55
230,Manhattan,Times Sq/Theatre District,186,Manhattan,Penn Station/Madison Sq West,5609,4.64,0.988,10.816,18.73,1,56
186,Manhattan,Penn Station/Madison Sq West,234,Manhattan,Union Sq,5608,4.71,0.937,7.886,16.34,3,57
163,Manhattan,Midtown North,161,Manhattan,Midtown Center,5591,5.33,0.77,9.64,17.13,3,58
186,Manhattan,Penn Station/Madison Sq West,170,Manhattan,Murray Hill,5470,4.6,1.02,12.13,19.42,4,59
161,Manhattan,Midtown Center,141,Manhattan,Lenox Hill West,5309,3.24,1.461,12.836,21.35,7,60
142,Manhattan,Lincoln Square East,48,Manhattan,Clinton East,5239,4.36,1.025,8.382,17.01,6,63
141,Manhattan,Lenox Hill West,263,Manhattan,Yorkville West,5185,6.41,0.991,6.308,14.58,3,64
161,Manhattan,Midtown Center,142,Manhattan,Lincoln Square East,5182,3.16,1.426,13.921,21.98,8,65
239,Manhattan,Upper West Side South,237,Manhattan,Upper East Side South,5153,5.33,1.692,12.768,20.28,4,66
161,Manhattan,Midtown Center,170,Manhattan,Murray Hill,5134,3.13,0.949,10.706,18.18,9,67
142,Manhattan,Lincoln Square East,163,Manhattan,Midtown North,5098,4.24,0.834,7.072,15.62,7,68
162,Manhattan,Midtown East,141,Manhattan,Lenox Hill West,5082,4.25,1.201,10.486,18.66,3,69
263,Manhattan,Yorkville West,237,Manhattan,Upper East Side South,5073,7.43,1.194,9.764,17.05,3,70
230,Manhattan,Times Sq/Theatre District,161,Manhattan,Midtown Center,4994,4.13,0.745,8.897,17.18,2,72
164,Manhattan,Midtown South,161,Manhattan,Midtown Center,4992,5.94,0.959,10.167,18.16,1,73
229,Manhattan,Sutton Place/Turtle Bay North,237,Manhattan,Upper East Side South,4990,8.07,1.026,11.307,18.58,1,74
230,Manhattan,Times Sq/Theatre District,142,Manhattan,Lincoln Square East,4920,4.07,1.149,9.331,18.4,3,75
142,Manhattan,Lincoln Square East,230,Manhattan,Times Sq/Theatre District,4877,4.06,1.061,9.741,17.86,8,76
234,Manhattan,Union Sq,161,Manhattan,Midtown Center,4866,4.62,1.452,13.732,21.21,2,77
161,Manhattan,Midtown Center,186,Manhattan,Penn Station/Madison Sq West,4824,2.94,1.272,14.645,21.67,10,78
170,Manhattan,Murray Hill,237,Manhattan,Upper East Side South,4789,4.63,1.587,15.083,22.36,1,79
138,Queens,LaGuardia Airport,161,Manhattan,Midtown Center,4782,4.11,9.737,40.879,78.15,2,80
230,Manhattan,Times Sq/Theatre District,68,Manhattan,East Chelsea,4751,3.93,1.365,12.69,20.37,4,81
249,Manhattan,West Village,79,Manhattan,East Village,4725,5.49,1.253,11.495,19.13,1,82
230,Manhattan,Times Sq/Theatre District,138,Queens,LaGuardia Airport,4713,3.9,11.324,37.396,78.99,5,83
79,Manhattan,East Village,170,Manhattan,Murray Hill,4712,4.91,1.666,10.423,19.5,1,84
132,Queens,JFK Airport,164,Manhattan,Midtown South,4711,2.88,17.082,57.253,97.49,2,85
170,Manhattan,Murray Hill,234,Manhattan,Union Sq,4658,4.5,1.065,9.227,17.45,2,86
239,Manhattan,Upper West Side South,143,Manhattan,Lincoln Square West,4653,4.81,0.915,7.309,15.13,5,87
262,Manhattan,Yorkville East,237,Manhattan,Upper East Side South,4612,9.03,1.431,12.108,18.78,2,88
68,Manhattan,East Chelsea,48,Manhattan,Clinton East,4600,4.7,1.224,11.864,19.61,1,89
162,Manhattan,Midtown East,170,Manhattan,Murray Hill,4586,3.84,0.857,8.24,16.87,4,90
141,Manhattan,Lenox Hill West,229,Manhattan,Sutton Place/Turtle Bay North,4567,5.65,0.948,8.67,16.38,4,91
163,Manhattan,Midtown North,142,Manhattan,Lincoln Square East,4561,4.35,0.908,8.342,17.07,4,92
170,Manhattan,Murray Hill,161,Manhattan,Midtown Center,4545,4.39,0.897,10.799,18.45,3,93
68,Manhattan,East Chelsea,230,Manhattan,Times Sq/Theatre District,4520,4.62,1.469,16.133,23.17,2,94
142,Manhattan,Lincoln Square East,143,Manhattan,Lincoln Square West,4480,3.73,0.738,6.258,14.6,9,95
230,Manhattan,Times Sq/Theatre District,163,Manhattan,Midtown North,4439,3.67,0.788,8.181,16.64,6,97
48,Manhattan,Clinton East,142,Manhattan,Lincoln Square East,4430,4.88,1.046,6.892,16.43,2,98
79,Manhattan,East Village,107,Manhattan,Gramercy,4399,4.58,0.926,6.33,15.34,2,99
140,Manhattan,Lenox Hill East,263,Manhattan,Yorkville West,4388,6.13,1.061,7.085,15.17,3,100
230,Manhattan,Times Sq/Theatre District,237,Manhattan,Upper East Side South,4353,3.6,1.51,13.992,22.2,7,101
162,Manhattan,Midtown East,230,Manhattan,Times Sq/Theatre District,4305,3.6,0.895,13.406,20.51,5,104
163,Manhattan,Midtown North,230,Manhattan,Times Sq/Theatre District,4299,4.1,0.783,11.001,18.13,5,105
43,Manhattan,Central Park,161,Manhattan,Midtown Center,4272,7.8,1.45,13.385,21.27,1,106
143,Manhattan,Lincoln Square West,239,Manhattan,Upper West Side South,4257,9.54,0.865,6.036,14.38,1,107
234,Manhattan,Union Sq,68,Manhattan,East Chelsea,4209,4.0,1.103,10.073,18.07,3,109
43,Manhattan,Central Park,237,Manhattan,Upper East Side South,4195,7.66,1.06,9.096,17.13,2,110
140,Manhattan,Lenox Hill East,262,Manhattan,Yorkville East,4178,5.83,0.891,6.519,14.33,4,111
162,Manhattan,Midtown East,161,Manhattan,Midtown Center,4178,3.5,0.662,11.0,17.5,6,111
186,Manhattan,Penn Station/Madison Sq West,107,Manhattan,Gramercy,4178,3.51,1.348,11.501,19.79,5,111
68,Manhattan,East Chelsea,246,Manhattan,West Chelsea/Hudson Yards,4177,4.27,0.881,7.246,16.24,3,114
234,Manhattan,Union Sq,249,Manhattan,West Village,4099,3.89,1.13,8.815,17.45,4,116
141,Manhattan,Lenox Hill West,162,Manhattan,Midtown East,4098,5.07,1.272,10.801,18.96,5,117
249,Manhattan,West Village,231,Manhattan,TriBeCa/Civic Center,4091,4.76,1.386,10.28,18.73,2,118
249,Manhattan,West Village,68,Manhattan,East Chelsea,4079,4.74,1.224,8.875,17.42,3,119
48,Manhattan,Clinton East,246,Manhattan,West Chelsea/Hudson Yards,4057,4.47,1.252,8.579,17.66,3,121
162,Manhattan,Midtown East,140,Manhattan,Lenox Hill East,4040,3.38,1.525,12.807,21.02,7,122
239,Manhattan,Upper West Side South,151,Manhattan,Manhattan Valley,4031,4.17,1.27,7.624,16.25,6,123
132,Queens,JFK Airport,48,Manhattan,Clinton East,4018,2.46,17.994,64.861,95.58,3,124
68,Manhattan,East Chelsea,234,Manhattan,Union Sq,4013,4.1,1.147,10.336,18.67,4,125
246,Manhattan,West Chelsea/Hudson Yards,48,Manhattan,Clinton East,4003,5.94,1.139,9.517,18.25,1,126
162,Manhattan,Midtown East,234,Manhattan,Union Sq,3970,3.32,1.566,13.601,21.33,8,127
230,Manhattan,Times Sq/Theatre District,236,Manhattan,Upper East Side North,3968,3.28,2.46,18.788,26.92,8,128
79,Manhattan,East Village,249,Manhattan,West Village,3967,4.13,1.276,11.818,18.81,3,129
170,Manhattan,Murray Hill,107,Manhattan,Gramercy,3940,3.81,1.026,7.522,16.49,4,131
163,Manhattan,Midtown North,239,Manhattan,Upper West Side South,3930,3.75,1.651,11.989,21.29,6,132
140,Manhattan,Lenox Hill East,162,Manhattan,Midtown East,3915,5.47,1.649,13.361,21.51,5,133
249,Manhattan,West Village,234,Manhattan,Union Sq,3898,4.53,1.076,8.637,17.3,4,134
164,Manhattan,Midtown South,230,Manhattan,Times Sq/Theatre District,3849,4.58,1.088,13.816,20.31,2,135
186,Manhattan,Penn Station/Madison Sq West,163,Manhattan,Midtown North,3834,3.22,1.489,16.652,23.79,6,136
234,Manhattan,Union Sq,186,Manhattan,Penn Station/Madison Sq West,3816,3.62,0.828,8.929,16.96,5,137
48,Manhattan,Clinton East,161,Manhattan,Midtown Center,3796,4.18,0.983,11.453,17.97,4,138
234,Manhattan,Union Sq,79,Manhattan,East Village,3796,3.6,1.276,11.377,18.73,6,138
262,Manhattan,Yorkville East,140,Manhattan,Lenox Hill East,3769,7.38,0.871,5.878,14.0,3,140
186,Manhattan,Penn Station/Madison Sq West,48,Manhattan,Clinton East,3754,3.16,1.1,12.433,20.01,7,141
43,Manhattan,Central Park,236,Manhattan,Upper East Side North,3744,6.84,1.234,9.171,17.26,3,142
230,Manhattan,Times Sq/Theatre District,239,Manhattan,Upper West Side South,3738,3.09,1.913,13.292,22.66,9,143
263,Manhattan,Yorkville West,140,Manhattan,Lenox Hill East,3733,5.47,1.123,7.616,15.68,4,144
132,Queens,JFK Airport,163,Manhattan,Midtown North,3724,2.28,17.806,64.311,94.89,4,145
170,Manhattan,Murray Hill,162,Manhattan,Midtown East,3715,3.59,0.865,8.203,16.58,5,146
164,Manhattan,Midtown South,170,Manhattan,Murray Hill,3689,4.39,0.64,6.435,15.31,3,147
68,Manhattan,East Chelsea,249,Manhattan,West Village,3688,3.77,1.201,9.694,17.72,5,148
138,Queens,LaGuardia Airport,164,Manhattan,Midtown South,3685,3.17,9.196,35.933,74.19,3,149
162,Manhattan,Midtown East,107,Manhattan,Gramercy,3679,3.08,1.446,10.899,19.49,9,150
100,Manhattan,Garment District,161,Manhattan,Midtown Center,3675,6.82,0.909,9.836,17.57,1,151
79,Manhattan,East Village,148,Manhattan,Lower East Side,3673,3.82,0.895,9.081,16.62,4,152
132,Queens,JFK Airport,161,Manhattan,Midtown Center,3669,2.25,17.477,61.408,96.9,5,153
138,Queens,LaGuardia Airport,162,Manhattan,Midtown East,3654,3.14,9.33,34.433,72.76,4,154
141,Manhattan,Lenox Hill West,140,Manhattan,Lenox Hill East,3641,4.5,0.699,6.743,14.15,6,156
239,Manhattan,Upper West Side South,163,Manhattan,Midtown North,3636,3.76,1.567,11.202,19.81,7,157
142,Manhattan,Lincoln Square East,141,Manhattan,Lenox Hill West,3610,3.0,1.698,12.9,20.59,10,159
186,Manhattan,Penn Station/Madison Sq West,162,Manhattan,Midtown East,3587,3.02,1.557,17.113,23.81,8,160
140,Manhattan,Lenox Hill East,141,Manhattan,Lenox Hill West,3586,5.01,0.675,6.31,14.19,6,161
230,Manhattan,Times Sq/Theatre District,162,Manhattan,Midtown East,3582,2.96,0.95,10.737,18.6,10,162
234,Manhattan,Union Sq,230,Manhattan,Times Sq/Theatre District,3582,3.4,1.565,15.529,22.63,7,162
170,Manhattan,Murray Hill,186,Manhattan,Penn Station/Madison Sq West,3575,3.46,0.982,11.668,19.35,6,164
170,Manhattan,Murray Hill,229,Manhattan,Sutton Place/Turtle Bay North,3555,3.44,1.139,9.025,17.67,7,165
162,Manhattan,Midtown East,186,Manhattan,Penn Station/Madison Sq West,3552,2.97,1.433,16.672,22.7,10,166
163,Manhattan,Midtown North,162,Manhattan,Midtown East,3552,3.39,0.895,10.187,17.98,7,166
48,Manhattan,Clinton East,239,Manhattan,Upper West Side South,3544,3.9,1.738,11.493,19.95,5,168
68,Manhattan,East Chelsea,161,Manhattan,Midtown Center,3544,3.62,1.788,19.074,25.78,6,168
164,Manhattan,Midtown South,234,Manhattan,Union Sq,3544,4.21,0.777,5.934,15.23,4,168
234,Manhattan,Union Sq,246,Manhattan,West Chelsea/Hudson Yards,3535,3.36,1.455,12.921,20.6,8,172
238,Manhattan,Upper West Side North,237,Manhattan,Upper East Side South,3533,5.08,2.056,15.02,22.33,4,173
229,Manhattan,Sutton Place/Turtle Bay North,141,Manhattan,Lenox Hill West,3530,5.71,0.95,7.542,16.38,2,174
229,Manhattan,Sutton Place/Turtle Bay North,140,Manhattan,Lenox Hill East,3527,5.71,0.964,8.765,17.09,3,175
107,Manhattan,Gramercy,79,Manhattan,East Village,3513,4.68,0.945,7.839,16.16,2,178
43,Manhattan,Central Park,142,Manhattan,Lincoln Square East,3489,6.37,1.288,10.429,17.96,4,180
263,Manhattan,Yorkville West,75,Manhattan,East Harlem South,3475,5.09,1.02,7.089,14.54,5,182
170,Manhattan,Murray Hill,79,Manhattan,East Village,3458,3.34,1.789,11.704,20.59,8,184
186,Manhattan,Penn Station/Madison Sq West,246,Manhattan,West Chelsea/Hudson Yards,3454,2.9,1.034,9.579,17.77,9,186
100,Manhattan,Garment District,230,Manhattan,Times Sq/Theatre District,3453,6.41,0.771,9.96,17.62,2,187
229,Manhattan,Sutton Place/Turtle Bay North,236,Manhattan,Upper East Side North,3434,5.56,1.89,14.978,22.7,4,188
90,Manhattan,Flatiron,68,Manhattan,East Chelsea,3431,5.63,0.801,6.722,15.72,1,190
90,Manhattan,Flatiron,249,Manhattan,West Village,3419,5.61,0.813,5.999,15.05,2,191
186,Manhattan,Penn Station/Madison Sq West,79,Manhattan,East Village,3414,2.87,2.182,17.202,24.59,10,192
141,Manhattan,Lenox Hill West,262,Manhattan,Yorkville East,3413,4.22,1.066,7.506,15.46,7,193
140,Manhattan,Lenox Hill East,229,Manhattan,Sutton Place/Turtle Bay North,3403,4.75,1.124,9.076,17.47,7,195
141,Manhattan,Lenox Hill West,161,Manhattan,Midtown Center,3378,4.18,1.461,14.112,21.06,8,196
246,Manhattan,West Chelsea/Hudson Yards,230,Manhattan,Times Sq/Theatre District,3378,5.01,1.471,14.751,21.83,2,196
151,Manhattan,Manhattan Valley,239,Manhattan,Upper West Side South,3376,11.27,1.184,7.338,15.91,1,198
138,Queens,LaGuardia Airport,163,Manhattan,Midtown North,3366,2.89,9.922,43.652,78.68,5,201
170,Manhattan,Murray Hill,230,Manhattan,Times Sq/Theatre District,3339,3.23,1.072,13.866,20.99,9,204
107,Manhattan,Gramercy,162,Manhattan,Midtown East,3299,4.39,1.484,10.966,19.24,3,205
249,Manhattan,West Village,90,Manhattan,Flatiron,3257,3.79,0.907,6.993,15.52,5,206
79,Manhattan,East Village,234,Manhattan,Union Sq,3255,3.39,1.287,10.029,18.44,5,207
90,Manhattan,Flatiron,246,Manhattan,West Chelsea/Hudson Yards,3250,5.33,1.112,9.529,17.79,3,208
238,Manhattan,Upper West Side North,151,Manhattan,Manhattan Valley,3231,4.65,0.762,6.353,13.18,5,210
238,Manhattan,Upper West Side North,143,Manhattan,Lincoln Square West,3230,4.65,1.403,9.197,17.47,6,211
143,Manhattan,Lincoln Square West,238,Manhattan,Upper West Side North,3225,7.23,1.398,8.606,16.85,2,212
132,Queens,JFK Airport,170,Manhattan,Murray Hill,3208,1.96,16.75,51.143,96.66,6,213
239,Manhattan,Upper West Side South,161,Manhattan,Midtown Center,3205,3.31,2.204,16.86,24.34,8,214
239,Manhattan,Upper West Side South,48,Manhattan,Clinton East,3194,3.3,1.723,13.132,20.99,9,215
249,Manhattan,West Village,170,Manhattan,Murray Hill,3177,3.69,2.109,15.504,23.54,6,216
238,Manhattan,Upper West Side North,166,Manhattan,Morningside Heights,3176,4.57,1.356,7.51,15.48,7,217
43,Manhattan,Central Park,239,Manhattan,Upper West Side South,3174,5.8,1.315,9.552,17.51,5,218
170,Manhattan,Murray Hill,236,Manhattan,Upper East Side North,3174,3.07,2.523,18.944,27.33,10,218
68,Manhattan,East Chelsea,170,Manhattan,Murray Hill,3160,3.23,1.555,16.79,23.23,7,220
229,Manhattan,Sutton Place/Turtle Bay North,161,Manhattan,Midtown Center,3152,5.1,0.868,11.948,19.09,5,222
48,Manhattan,Clinton East,143,Manhattan,Lincoln Square West,3123,3.44,1.2,7.494,17.18,6,223
249,Manhattan,West Village,246,Manhattan,West Chelsea/Hudson Yards,3101,3.6,1.682,11.912,20.03,7,226
148,Manhattan,Lower East Side,79,Manhattan,East Village,3098,6.35,0.855,6.617,15.88,1,227
48,Manhattan,Clinton East,230,Manhattan,Times Sq/Theatre District,3095,3.41,0.686,8.106,16.33,7,228
79,Manhattan,East Village,137,Manhattan,Kips Bay,3074,3.2,1.283,7.768,16.78,6,230
239,Manhattan,Upper West Side South,230,Manhattan,Times Sq/Theatre District,3065,3.17,1.824,14.616,22.13,10,231
132,Queens,JFK Airport,162,Manhattan,Midtown East,3063,1.87,17.06,54.856,96.62,7,232
234,Manhattan,Union Sq,164,Manhattan,Midtown South,3063,2.91,0.838,8.19,16.76,9,232
114,Manhattan,Greenwich Village South,79,Manhattan,East Village,3030,5.22,0.934,8.173,16.47,1,235
234,Manhattan,Union Sq,237,Manhattan,Upper East Side South,3014,2.86,2.408,21.373,27.72,10,236
151,Manhattan,Manhattan Valley,238,Manhattan,Upper West Side North,3005,10.03,0.72,5.16,13.22,2,238
229,Manhattan,Sutton Place/Turtle Bay North,162,Manhattan,Midtown East,3000,4.85,0.711,8.934,16.55,6,239
163,Manhattan,Midtown North,170,Manhattan,Murray Hill,2969,2.83,1.391,13.819,21.42,8,244
138,Queens,LaGuardia Airport,170,Manhattan,Murray Hill,2967,2.55,8.822,30.59,70.34,6,245
48,Manhattan,Clinton East,163,Manhattan,Midtown North,2952,3.25,0.949,9.141,16.86,8,246
79,Manhattan,East Village,68,Manhattan,East Chelsea,2942,3.06,2.156,16.117,23.36,7,247
132,Queens,JFK Airport,68,Manhattan,East Chelsea,2939,1.8,17.917,60.75,97.28,8,249
163,Manhattan,Midtown North,164,Manhattan,Midtown South,2939,2.8,1.399,14.732,21.69,9,249
262,Manhattan,Yorkville East,141,Manhattan,Lenox Hill West,2915,5.71,1.096,7.637,15.81,4,253
263,Manhattan,Yorkville West,262,Manhattan,Yorkville East,2897,4.24,0.673,4.95,13.28,6,254
163,Manhattan,Midtown North,141,Manhattan,Lenox Hill West,2885,2.75,1.28,11.479,19.92,10,255
249,Manhattan,West Village,107,Manhattan,Gramercy,2867,3.33,1.447,11.527,19.81,8,258
164,Manhattan,Midtown South,237,Manhattan,Upper East Side South,2858,3.4,1.881,16.514,24.34,5,259
246,Manhattan,West Chelsea/Hudson Yards,68,Manhattan,East Chelsea,2843,4.22,0.893,7.595,16.23,3,261
143,Manhattan,Lincoln Square West,142,Manhattan,Lincoln Square East,2817,6.31,0.679,6.47,13.96,3,264
79,Manhattan,East Village,186,Manhattan,Penn Station/Madison Sq West,2796,2.91,2.046,15.198,22.8,8,267
132,Queens,JFK Airport,10,Queens,Baisley Park,2793,1.71,3.797,13.318,25.5,9,269
138,Queens,LaGuardia Airport,236,Manhattan,Upper East Side North,2784,2.39,8.476,27.171,65.32,7,272
263,Manhattan,Yorkville West,229,Manhattan,Sutton Place/Turtle Bay North,2781,4.07,1.723,10.931,19.8,7,274
249,Manhattan,West Village,186,Manhattan,Penn Station/Madison Sq West,2765,3.21,1.259,8.337,17.54,9,277
113,Manhattan,Greenwich Village North,79,Manhattan,East Village,2756,4.88,0.819,7.874,16.2,1,280
138,Queens,LaGuardia Airport,239,Manhattan,Upper West Side South,2747,2.36,10.027,36.873,75.78,8,281
141,Manhattan,Lenox Hill West,142,Manhattan,Lincoln Square East,2737,3.39,1.655,14.047,21.43,9,282
79,Manhattan,East Village,114,Manhattan,Greenwich Village South,2736,2.85,0.888,7.987,16.25,9,283
43,Manhattan,Central Park,230,Manhattan,Times Sq/Theatre District,2734,4.99,1.755,16.471,23.53,6,284
113,Manhattan,Greenwich Village North,234,Manhattan,Union Sq,2727,4.83,0.868,7.474,16.39,2,286
68,Manhattan,East Chelsea,163,Manhattan,Midtown North,2726,2.79,1.959,18.532,25.39,8,287
140,Manhattan,Lenox Hill East,161,Manhattan,Midtown Center,2718,3.79,1.864,16.719,23.98,8,288
138,Queens,LaGuardia Airport,48,Manhattan,Clinton East,2679,2.3,10.292,44.635,81.39,9,291
68,Manhattan,East Chelsea,90,Manhattan,Flatiron,2670,2.73,0.875,7.765,15.87,9,294
107,Manhattan,Gramercy,186,Manhattan,Penn Station/Madison Sq West,2664,3.55,1.235,13.413,19.88,4,295
68,Manhattan,East Chelsea,164,Manhattan,Midtown South,2640,2.7,1.204,13.366,20.46,10,297
246,Manhattan,West Chelsea/Hudson Yards,231,Manhattan,TriBeCa/Civic Center,2639,3.92,2.66,17.168,26.14,4,298
164,Manhattan,Midtown South,163,Manhattan,Midtown North,2624,3.12,1.415,14.118,21.52,6,301
231,Manhattan,TriBeCa/Civic Center,249,Manhattan,West Village,2588,4.63,1.361,10.161,18.69,1,304
114,Manhattan,Greenwich Village South,234,Manhattan,Union Sq,2580,4.44,1.223,9.279,18.19,2,306
107,Manhattan,Gramercy,137,Manhattan,Kips Bay,2574,3.43,0.744,5.374,14.42,5,307
43,Manhattan,Central Park,163,Manhattan,Midtown North,2568,4.69,1.309,11.29,19.75,7,309
107,Manhattan,Gramercy,161,Manhattan,Midtown Center,2557,3.41,1.724,15.006,22.7,6,312
262,Manhattan,Yorkville East,263,Manhattan,Yorkville West,2551,5.0,0.671,4.752,13.15,5,314
229,Manhattan,Sutton Place/Turtle Bay North,170,Manhattan,Murray Hill,2547,4.12,1.133,11.021,18.87,7,315
114,Manhattan,Greenwich Village South,249,Manhattan,West Village,2540,4.38,0.916,7.738,16.84,3,316
158,Manhattan,Meatpacking/West Village West,231,Manhattan,TriBeCa/Civic Center,2539,5.84,1.618,11.498,20.15,1,317
79,Manhattan,East Village,231,Manhattan,TriBeCa/Civic Center,2525,2.63,1.875,13.371,21.36,10,321
113,Manhattan,Greenwich Village North,170,Manhattan,Murray Hill,2515,4.45,1.626,14.763,21.19,3,322
164,Manhattan,Midtown South,68,Manhattan,East Chelsea,2508,2.98,1.157,12.488,19.01,7,323
100,Manhattan,Garment District,163,Manhattan,Midtown North,2504,4.65,1.156,12.297,19.54,3,325
48,Manhattan,Clinton East,50,Manhattan,Clinton West,2493,2.74,0.795,6.215,15.27,9,327
164,Manhattan,Midtown South,162,Manhattan,Midtown East,2482,2.95,1.128,10.736,18.55,8,329
246,Manhattan,West Chelsea/Hudson Yards,161,Manhattan,Midtown Center,2481,3.68,1.846,18.669,25.36,5,330
144,Manhattan,Little Italy/NoLiTa,79,Manhattan,East Village,2466,5.59,0.99,9.048,16.63,1,332
90,Manhattan,Flatiron,186,Manhattan,Penn Station/Madison Sq West,2444,4.01,0.683,6.429,15.04,4,336
132,Queens,JFK Airport,239,Manhattan,Upper West Side South,2438,1.49,20.355,60.622,96.56,10,340
137,Manhattan,Kips Bay,79,Manhattan,East Village,2434,5.9,1.333,8.395,17.54,1,341
249,Manhattan,West Village,144,Manhattan,Little Italy/NoLiTa,2425,2.82,1.283,11.78,19.32,10,343
263,Manhattan,Yorkville West,74,Manhattan,East Harlem North,2392,3.5,1.876,9.641,17.89,8,352
48,Manhattan,Clinton East,186,Manhattan,Penn Station/Madison Sq West,2386,2.63,1.18,10.318,18.42,10,354
164,Manhattan,Midtown South,79,Manhattan,East Village,2383,2.83,1.838,13.705,21.47,9,357
107,Manhattan,Gramercy,234,Manhattan,Union Sq,2380,3.17,0.707,7.399,16.06,7,359
114,Manhattan,Greenwich Village South,170,Manhattan,Murray Hill,2378,4.1,2.009,15.158,22.54,4,361
229,Manhattan,Sutton Place/Turtle Bay North,263,Manhattan,Yorkville West,2377,3.85,1.727,11.285,19.99,8,362
231,Manhattan,TriBeCa/Civic Center,246,Manhattan,West Chelsea/Hudson Yards,2370,4.24,2.658,16.943,25.56,2,363
246,Manhattan,West Chelsea/Hudson Yards,234,Manhattan,Union Sq,2351,3.49,1.499,13.938,20.97,6,367
263,Manhattan,Yorkville West,239,Manhattan,Upper West Side South,2343,3.43,1.777,12.288,20.26,9,368
138,Queens,LaGuardia Airport,237,Manhattan,Upper East Side South,2341,2.01,9.239,34.258,70.44,10,370
114,Manhattan,Greenwich Village South,231,Manhattan,TriBeCa/Civic Center,2300,3.96,1.242,10.074,18.28,5,376
164,Manhattan,Midtown South,246,Manhattan,West Chelsea/Hudson Yards,2300,2.74,1.413,14.548,20.9,10,376
90,Manhattan,Flatiron,170,Manhattan,Murray Hill,2283,3.75,1.437,12.699,20.8,5,379
107,Manhattan,Gramercy,237,Manhattan,Upper East Side South,2272,3.03,2.468,18.552,26.35,8,383
141,Manhattan,Lenox Hill West,170,Manhattan,Murray Hill,2272,2.81,1.905,15.695,22.55,10,383
246,Manhattan,West Chelsea/Hudson Yards,249,Manhattan,West Village,2254,3.34,1.682,12.143,20.63,7,387
107,Manhattan,Gramercy,164,Manhattan,Midtown South,2244,2.99,1.009,9.955,18.06,9,393
262,Manhattan,Yorkville East,162,Manhattan,Midtown East,2229,4.37,2.331,15.211,22.68,6,399
107,Manhattan,Gramercy,233,Manhattan,UN/Turtle Bay South,2218,2.95,1.256,8.446,17.64,10,404
100,Manhattan,Garment District,170,Manhattan,Murray Hill,2211,4.1,0.879,9.764,17.72,4,407
90,Manhattan,Flatiron,234,Manhattan,Union Sq,2199,3.61,0.662,6.317,15.16,6,411
43,Manhattan,Central Park,238,Manhattan,Upper West Side North,2198,4.01,1.409,9.496,17.77,8,412
114,Manhattan,Greenwich Village South,90,Manhattan,Flatiron,2193,3.78,1.327,9.344,18.36,6,415
137,Manhattan,Kips Bay,170,Manhattan,Murray Hill,2177,5.27,0.731,6.716,15.44,2,418
113,Manhattan,Greenwich Village North,231,Manhattan,TriBeCa/Civic Center,2174,3.85,1.553,12.387,20.23,4,421
113,Manhattan,Greenwich Village North,107,Manhattan,Gramercy,2171,3.84,0.919,7.742,16.43,5,422
231,Manhattan,TriBeCa/Civic Center,79,Manhattan,East Village,2148,3.84,1.994,14.771,23.06,3,428
143,Manhattan,Lincoln Square West,236,Manhattan,Upper East Side North,2139,4.79,2.27,15.594,22.67,4,430
75,Manhattan,East Harlem South,236,Manhattan,Upper East Side North,2131,7.89,0.937,6.749,14.73,1,432
246,Manhattan,West Chelsea/Hudson Yards,163,Manhattan,Midtown North,2129,3.16,2.03,17.897,24.42,8,433
137,Manhattan,Kips Bay,162,Manhattan,Midtown East,2126,5.15,1.051,8.247,17.13,3,434
114,Manhattan,Greenwich Village South,107,Manhattan,Gramercy,2125,3.66,1.273,10.245,17.91,7,437
246,Manhattan,West Chelsea/Hudson Yards,186,Manhattan,Penn Station/Madison Sq West,2106,3.13,0.975,10.156,17.89,9,441
113,Manhattan,Greenwich Village North,68,Manhattan,East Chelsea,2081,3.69,1.503,13.677,19.92,6,450
90,Manhattan,Flatiron,79,Manhattan,East Village,2055,3.37,1.577,13.459,20.58,7,458
246,Manhattan,West Chelsea/Hudson Yards,164,Manhattan,Midtown South,2053,3.05,1.293,15.028,20.88,10,462
231,Manhattan,TriBeCa/Civic Center,234,Manhattan,Union Sq,2050,3.67,2.255,17.505,24.6,4,463
263,Manhattan,Yorkville West,161,Manhattan,Midtown Center,2047,3.0,2.301,16.629,24.29,10,464
90,Manhattan,Flatiron,48,Manhattan,Clinton East,2032,3.33,1.607,13.427,21.47,8,469
113,Manhattan,Greenwich Village North,249,Manhattan,West Village,2027,3.59,0.799,7.119,16.03,7,472
143,Manhattan,Lincoln Square West,48,Manhattan,Clinton East,2027,4.54,1.208,9.092,17.66,5,472
75,Manhattan,East Harlem South,74,Manhattan,East Harlem North,2017,7.47,1.225,7.558,12.27,2,480
231,Manhattan,TriBeCa/Civic Center,158,Manhattan,Meatpacking/West Village West,2000,3.58,1.471,9.663,19.15,5,488
229,Manhattan,Sutton Place/Turtle Bay North,233,Manhattan,UN/Turtle Bay South,1990,3.22,0.79,7.878,16.3,9,495
166,Manhattan,Morningside Heights,238,Manhattan,Upper West Side North,1988,8.42,1.346,8.316,15.98,1,496
114,Manhattan,Greenwich Village South,68,Manhattan,East Chelsea,1982,3.41,1.877,13.345,21.78,8,499
143,Manhattan,Lincoln Square West,237,Manhattan,Upper East Side South,1957,4.39,1.705,12.998,20.32,6,505
90,Manhattan,Flatiron,161,Manhattan,Midtown Center,1939,3.18,1.687,16.252,22.31,9,510
238,Manhattan,Upper West Side North,75,Manhattan,East Harlem South,1935,2.78,1.552,10.437,17.36,8,511
143,Manhattan,Lincoln Square West,163,Manhattan,Midtown North,1928,4.32,1.147,8.719,17.28,7,515
140,Manhattan,Lenox Hill East,142,Manhattan,Lincoln Square East,1921,2.68,1.932,17.012,23.96,9,517
231,Manhattan,TriBeCa/Civic Center,68,Manhattan,East Chelsea,1919,3.44,2.495,15.679,24.91,6,518
262,Manhattan,Yorkville East,75,Manhattan,East Harlem South,1919,3.76,1.288,8.977,16.54,7,518
90,Manhattan,Flatiron,230,Manhattan,Times Sq/Theatre District,1918,3.15,1.473,14.395,22.03,10,521
166,Manhattan,Morningside Heights,239,Manhattan,Upper West Side South,1918,8.12,1.976,11.628,20.0,2,521
233,Manhattan,UN/Turtle Bay South,161,Manhattan,Midtown Center,1917,4.57,0.953,11.301,18.85,1,523
158,Manhattan,Meatpacking/West Village West,246,Manhattan,West Chelsea/Hudson Yards,1914,4.4,1.418,9.542,18.81,2,524
229,Manhattan,Sutton Place/Turtle Bay North,163,Manhattan,Midtown North,1911,3.09,0.949,11.644,19.18,10,525
238,Manhattan,Upper West Side North,163,Manhattan,Midtown North,1889,2.72,2.19,14.152,22.82,9,534
151,Manhattan,Manhattan Valley,166,Manhattan,Morningside Heights,1878,6.27,0.991,6.794,11.67,3,539
113,Manhattan,Greenwich Village North,186,Manhattan,Penn Station/Madison Sq West,1877,3.32,1.386,11.443,19.33,8,540
262,Manhattan,Yorkville East,161,Manhattan,Midtown Center,1852,3.63,2.531,17.734,25.26,8,546
211,Manhattan,SoHo,79,Manhattan,East Village,1846,5.27,1.193,11.331,18.35,1,550
151,Manhattan,Manhattan Valley,142,Manhattan,Lincoln Square East,1839,6.14,1.911,11.666,20.39,4,552
140,Manhattan,Lenox Hill East,239,Manhattan,Upper West Side South,1833,2.56,2.24,18.777,25.02,10,557
144,Manhattan,Little Italy/NoLiTa,249,Manhattan,West Village,1829,4.15,1.243,9.774,18.3,2,559
151,Manhattan,Manhattan Valley,236,Manhattan,Upper East Side North,1814,6.05,1.74,11.412,18.9,5,565
100,Manhattan,Garment District,246,Manhattan,West Chelsea/Hudson Yards,1809,3.36,1.112,10.442,18.57,5,568
238,Manhattan,Upper West Side North,263,Manhattan,Yorkville West,1804,2.59,1.715,13.878,19.93,10,569
144,Manhattan,Little Italy/NoLiTa,231,Manhattan,TriBeCa/Civic Center,1787,4.05,0.97,9.154,17.22,3,576
148,Manhattan,Lower East Side,107,Manhattan,Gramercy,1785,3.66,1.438,10.202,18.59,2,578
114,Manhattan,Greenwich Village South,148,Manhattan,Lower East Side,1776,3.06,0.989,9.025,17.57,9,579
158,Manhattan,Meatpacking/West Village West,68,Manhattan,East Chelsea,1776,4.09,1.229,8.615,17.83,3,579
231,Manhattan,TriBeCa/Civic Center,87,Manhattan,Financial District North,1775,3.18,1.154,9.195,18.11,7,581
262,Manhattan,Yorkville East,229,Manhattan,Sutton Place/Turtle Bay North,1755,3.44,1.857,10.028,19.79,9,590
100,Manhattan,Garment District,48,Manhattan,Clinton East,1748,3.24,0.87,10.294,18.23,6,592
100,Manhattan,Garment District,162,Manhattan,Midtown East,1743,3.23,1.192,12.132,19.76,7,595
113,Manhattan,Greenwich Village North,90,Manhattan,Flatiron,1736,3.07,0.967,7.425,16.55,9,599
231,Manhattan,TriBeCa/Civic Center,148,Manhattan,Lower East Side,1727,3.09,1.413,13.356,20.78,8,600
114,Manhattan,Greenwich Village South,186,Manhattan,Penn Station/Madison Sq West,1711,2.95,1.748,13.158,20.87,10,609
100,Manhattan,Garment District,234,Manhattan,Union Sq,1706,3.16,1.233,10.187,18.58,8,612
158,Manhattan,Meatpacking/West Village West,79,Manhattan,East Village,1701,3.91,1.637,14.229,21.58,4,615
233,Manhattan,UN/Turtle Bay South,229,Manhattan,Sutton Place/Turtle Bay North,1695,4.04,0.804,5.495,14.95,2,618
148,Manhattan,Lower East Side,170,Manhattan,Murray Hill,1691,3.47,2.366,14.619,22.97,3,621
148,Manhattan,Lower East Side,249,Manhattan,West Village,1689,3.46,1.587,12.886,20.47,4,622
158,Manhattan,Meatpacking/West Village West,234,Manhattan,Union Sq,1680,3.87,1.343,11.046,19.48,5,626
233,Manhattan,UN/Turtle Bay South,141,Manhattan,Lenox Hill West,1663,3.97,1.387,9.213,18.37,3,632
233,Manhattan,UN/Turtle Bay South,237,Manhattan,Upper East Side South,1655,3.95,1.475,12.797,20.77,4,636
233,Manhattan,UN/Turtle Bay South,140,Manhattan,Lenox Hill East,1640,3.91,1.55,10.629,19.46,5,639
113,Manhattan,Greenwich Village North,144,Manhattan,Little Italy/NoLiTa,1638,2.9,1.022,11.824,17.14,10,640
143,Manhattan,Lincoln Square West,161,Manhattan,Midtown Center,1637,3.67,1.799,15.214,21.67,8,641
13,Manhattan,Battery Park City,231,Manhattan,TriBeCa/Civic Center,1631,6.61,0.845,7.005,16.24,1,644
144,Manhattan,Little Italy/NoLiTa,170,Manhattan,Murray Hill,1631,3.7,2.244,15.547,23.74,4,644
211,Manhattan,SoHo,249,Manhattan,West Village,1610,4.6,0.993,8.261,17.07,2,654
100,Manhattan,Garment District,68,Manhattan,East Chelsea,1603,2.97,1.039,9.71,17.75,9,655
231,Manhattan,TriBeCa/Civic Center,113,Manhattan,Greenwich Village North,1603,2.87,1.561,11.773,20.45,9,655
43,Manhattan,Central Park,48,Manhattan,Clinton East,1596,2.91,2.129,19.977,24.69,9,658
50,Manhattan,Clinton West,246,Manhattan,West Chelsea/Hudson Yards,1593,5.76,1.186,7.671,16.43,1,661
144,Manhattan,Little Italy/NoLiTa,234,Manhattan,Union Sq,1573,3.57,1.663,13.349,20.68,5,671
137,Manhattan,Kips Bay,186,Manhattan,Penn Station/Madison Sq West,1560,3.78,1.103,12.542,19.19,4,676
233,Manhattan,UN/Turtle Bay South,162,Manhattan,Midtown East,1543,3.68,0.759,7.019,15.87,6,681
87,Manhattan,Financial District North,79,Manhattan,East Village,1535,5.43,2.808,14.822,24.26,1,685
231,Manhattan,TriBeCa/Civic Center,161,Manhattan,Midtown Center,1530,2.74,4.163,26.668,35.34,10,687
137,Manhattan,Kips Bay,233,Manhattan,UN/Turtle Bay South,1524,3.69,0.816,5.91,15.07,5,689
211,Manhattan,SoHo,231,Manhattan,TriBeCa/Civic Center,1523,4.35,0.887,8.479,16.81,3,691
137,Manhattan,Kips Bay,229,Manhattan,Sutton Place/Turtle Bay North,1519,3.68,1.325,8.017,17.33,6,693
143,Manhattan,Lincoln Square West,246,Manhattan,West Chelsea/Hudson Yards,1497,3.35,1.94,11.735,20.14,9,706
75,Manhattan,East Harlem South,263,Manhattan,Yorkville West,1481,5.49,1.021,8.175,14.7,3,713
158,Manhattan,Meatpacking/West Village West,249,Manhattan,West Village,1469,3.38,0.673,6.404,15.52,6,717
43,Manhattan,Central Park,162,Manhattan,Midtown East,1466,2.68,1.603,15.323,21.88,10,718
233,Manhattan,UN/Turtle Bay South,230,Manhattan,Times Sq/Theatre District,1463,3.49,1.168,15.428,21.91,7,721
100,Manhattan,Garment District,237,Manhattan,Upper East Side South,1461,2.71,1.999,18.406,25.51,10,725
233,Manhattan,UN/Turtle Bay South,79,Manhattan,East Village,1455,3.47,1.947,11.521,20.83,8,727
143,Manhattan,Lincoln Square West,230,Manhattan,Times Sq/Theatre District,1451,3.25,1.429,11.321,19.4,10,730
137,Manhattan,Kips Bay,107,Manhattan,Gramercy,1448,3.51,0.812,6.027,15.03,7,732
144,Manhattan,Little Italy/NoLiTa,68,Manhattan,East Chelsea,1447,3.28,2.444,20.179,24.94,6,733
50,Manhattan,Clinton West,68,Manhattan,East Chelsea,1441,5.21,1.469,11.51,18.32,2,738
233,Manhattan,UN/Turtle Bay South,170,Manhattan,Murray Hill,1432,3.42,0.685,6.716,15.88,9,745
148,Manhattan,Lower East Side,231,Manhattan,TriBeCa/Civic Center,1424,2.92,1.407,12.04,19.39,5,748
75,Manhattan,East Harlem South,238,Manhattan,Upper West Side North,1423,5.27,1.375,10.454,16.2,4,749
74,Manhattan,East Harlem North,75,Manhattan,East Harlem South,1415,9.64,1.105,7.882,12.04,1,755
262,Manhattan,Yorkville East,142,Manhattan,Lincoln Square East,1411,2.76,2.54,17.714,25.01,10,757
144,Manhattan,Little Italy/NoLiTa,148,Manhattan,Lower East Side,1402,3.18,0.73,7.622,16.21,7,763
211,Manhattan,SoHo,234,Manhattan,Union Sq,1395,3.98,1.56,13.494,20.62,4,767
166,Manhattan,Morningside Heights,151,Manhattan,Manhattan Valley,1387,5.88,0.939,5.815,11.51,3,771
144,Manhattan,Little Italy/NoLiTa,230,Manhattan,Times Sq/Theatre District,1377,3.12,3.325,29.439,32.54,8,780
144,Manhattan,Little Italy/NoLiTa,107,Manhattan,Gramercy,1341,3.04,1.396,9.627,18.58,9,795
158,Manhattan,Meatpacking/West Village West,170,Manhattan,Murray Hill,1337,3.08,2.335,17.947,25.36,7,799
233,Manhattan,UN/Turtle Bay South,137,Manhattan,Kips Bay,1333,3.18,0.92,5.942,15.08,10,802
50,Manhattan,Clinton West,48,Manhattan,Clinton East,1326,4.8,0.759,6.643,15.47,3,806
144,Manhattan,Little Italy/NoLiTa,164,Manhattan,Midtown South,1315,2.98,2.208,17.263,24.27,10,813
158,Manhattan,Meatpacking/West Village West,211,Manhattan,SoHo,1315,3.03,1.341,12.189,20.01,8,813
148,Manhattan,Lower East Side,68,Manhattan,East Chelsea,1308,2.68,2.737,18.102,26.02,6,815
148,Manhattan,Lower East Side,87,Manhattan,Financial District North,1305,2.68,1.885,11.011,20.13,7,818
158,Manhattan,Meatpacking/West Village West,90,Manhattan,Flatiron,1302,3.0,0.979,7.143,16.27,9,820
158,Manhattan,Meatpacking/West Village West,186,Manhattan,Penn Station/Madison Sq West,1300,2.99,1.386,11.038,18.99,10,824
211,Manhattan,SoHo,148,Manhattan,Lower East Side,1295,3.7,0.975,9.959,18.11,5,827
148,Manhattan,Lower East Side,234,Manhattan,Union Sq,1291,2.65,1.909,13.712,21.72,8,831
87,Manhattan,Financial District North,231,Manhattan,TriBeCa/Civic Center,1275,4.51,1.256,10.411,18.98,2,843
41,Manhattan,Central Harlem,42,Manhattan,Central Harlem North,1245,7.49,1.257,8.394,12.04,1,860
87,Manhattan,Financial District North,148,Manhattan,Lower East Side,1235,4.37,1.721,11.846,20.29,3,867
75,Manhattan,East Harlem South,237,Manhattan,Upper East Side South,1215,4.5,1.759,12.742,20.09,5,874
137,Manhattan,Kips Bay,234,Manhattan,Union Sq,1202,2.91,1.051,9.23,17.42,8,882
50,Manhattan,Clinton West,230,Manhattan,Times Sq/Theatre District,1195,4.32,0.967,9.59,17.37,4,887
211,Manhattan,SoHo,158,Manhattan,Meatpacking/West Village West,1191,3.4,1.315,10.764,19.1,6,890
261,Manhattan,World Trade Center,231,Manhattan,TriBeCa/Civic Center,1180,5.78,0.845,7.003,16.27,1,898
148,Manhattan,Lower East Side,186,Manhattan,Penn Station/Madison Sq West,1166,2.39,2.643,17.778,25.29,9,908
148,Manhattan,Lower East Side,164,Manhattan,Midtown South,1157,2.37,2.461,16.377,24.35,10,918
211,Manhattan,SoHo,68,Manhattan,East Chelsea,1153,3.29,2.084,15.446,23.38,7,921
137,Manhattan,Kips Bay,161,Manhattan,Midtown Center,1147,2.78,1.43,14.8,20.71,9,925
137,Manhattan,Kips Bay,141,Manhattan,Lenox Hill West,1142,2.77,2.077,11.83,21.46,10,931
41,Manhattan,Central Harlem,74,Manhattan,East Harlem North,1135,6.83,1.16,8.908,12.49,2,938
13,Manhattan,Battery Park City,246,Manhattan,West Chelsea/Hudson Yards,1132,4.58,2.918,17.845,26.39,2,940
211,Manhattan,SoHo,170,Manhattan,Murray Hill,1120,3.2,2.414,18.553,26.3,8,947
50,Manhattan,Clinton West,142,Manhattan,Lincoln Square East,1108,4.01,1.068,6.718,16.23,5,956
24,Manhattan,Bloomingdale,238,Manhattan,Upper West Side North,1099,10.05,0.949,6.04,13.45,1,962
125,Manhattan,Hudson Sq,249,Manhattan,West Village,1099,5.25,0.79,5.89,15.02,1,962
211,Manhattan,SoHo,246,Manhattan,West Chelsea/Hudson Yards,1098,3.14,2.548,18.011,25.87,9,964
261,Manhattan,World Trade Center,230,Manhattan,Times Sq/Theatre District,1094,5.36,4.585,30.703,38.8,2,967
166,Manhattan,Morningside Heights,142,Manhattan,Lincoln Square East,1086,4.6,2.793,17.391,24.15,4,969
13,Manhattan,Battery Park City,68,Manhattan,East Chelsea,1083,4.39,2.99,18.21,27.22,3,973
50,Manhattan,Clinton West,161,Manhattan,Midtown Center,1082,3.91,1.313,13.028,19.79,6,975
50,Manhattan,Clinton West,239,Manhattan,Upper West Side South,1081,3.91,1.704,8.985,19.12,7,976
151,Manhattan,Manhattan Valley,41,Manhattan,Central Harlem,1075,3.59,1.364,9.021,13.74,6,980
24,Manhattan,Bloomingdale,239,Manhattan,Upper West Side South,1042,9.52,1.542,9.113,17.58,2,1008
211,Manhattan,SoHo,164,Manhattan,Midtown South,1024,2.92,2.149,17.15,24.43,10,1032
151,Manhattan,Manhattan Valley,237,Manhattan,Upper East Side South,1011,3.37,2.657,17.406,24.85,7,1049
125,Manhattan,Hudson Sq,231,Manhattan,TriBeCa/Civic Center,1010,4.83,0.873,6.961,15.83,2,1050
125,Manhattan,Hudson Sq,234,Manhattan,Union Sq,1003,4.8,1.552,11.657,20.19,3,1057
166,Manhattan,Morningside Heights,236,Manhattan,Upper East Side North,998,4.23,2.531,19.555,23.29,5,1063
151,Manhattan,Manhattan Valley,75,Manhattan,East Harlem South,994,3.32,1.574,11.35,15.64,8,1066
125,Manhattan,Hudson Sq,68,Manhattan,East Chelsea,975,4.66,1.778,11.712,20.72,4,1088
166,Manhattan,Morningside Heights,41,Manhattan,Central Harlem,972,4.12,1.114,8.74,12.72,6,1091
41,Manhattan,Central Harlem,166,Manhattan,Morningside Heights,944,5.68,0.977,7.516,11.93,3,1120
166,Manhattan,Morningside Heights,74,Manhattan,East Harlem North,942,3.99,1.753,13.878,17.05,7,1121
151,Manhattan,Manhattan Valley,143,Manhattan,Lincoln Square West,940,3.14,1.897,11.923,19.93,9,1123
41,Manhattan,Central Harlem,75,Manhattan,East Harlem South,906,5.45,1.379,10.144,13.39,4,1159
87,Manhattan,Financial District North,170,Manhattan,Murray Hill,896,3.17,4.645,18.417,30.9,4,1166
13,Manhattan,Battery Park City,158,Manhattan,Meatpacking/West Village West,888,3.6,1.819,13.557,20.76,4,1177
151,Manhattan,Manhattan Valley,74,Manhattan,East Harlem North,888,2.96,2.17,14.674,18.51,10,1177
13,Manhattan,Battery Park City,87,Manhattan,Financial District North,872,3.53,1.378,8.34,18.28,5,1197
42,Manhattan,Central Harlem North,41,Manhattan,Central Harlem,871,8.21,1.153,8.052,11.85,1,1201
75,Manhattan,East Harlem South,141,Manhattan,Lenox Hill West,856,3.17,1.834,11.879,19.42,6,1211
74,Manhattan,East Harlem North,42,Manhattan,Central Harlem North,852,5.81,1.698,11.215,14.18,2,1216
50,Manhattan,Clinton West,143,Manhattan,Lincoln Square West,851,3.08,1.058,6.277,16.03,8,1220
75,Manhattan,East Harlem South,239,Manhattan,Upper West Side South,847,3.14,2.028,12.805,20.73,7,1224
75,Manhattan,East Harlem South,42,Manhattan,Central Harlem North,841,3.12,2.471,13.782,17.42,8,1230
50,Manhattan,Clinton West,163,Manhattan,Midtown North,837,3.03,1.107,10.741,17.08,9,1232
50,Manhattan,Clinton West,186,Manhattan,Penn Station/Madison Sq West,835,3.02,1.588,13.846,19.94,10,1235
125,Manhattan,Hudson Sq,246,Manhattan,West Chelsea/Hudson Yards,835,3.99,2.204,14.765,23.65,5,1235
75,Manhattan,East Harlem South,41,Manhattan,Central Harlem,826,3.06,1.511,10.161,14.15,9,1243
13,Manhattan,Battery Park City,249,Manhattan,West Village,817,3.31,1.935,12.13,21.85,6,1255
261,Manhattan,World Trade Center,246,Manhattan,West Chelsea/Hudson Yards,813,3.98,3.287,18.981,28.36,3,1260
70,Queens,East Elmhurst,230,Manhattan,Times Sq/Theatre District,796,6.65,9.867,45.227,78.91,1,1274
13,Manhattan,Battery Park City,230,Manhattan,Times Sq/Theatre District,795,3.22,4.714,29.316,38.84,7,1276
75,Manhattan,East Harlem South,142,Manhattan,Lincoln Square East,795,2.95,2.648,16.3,24.27,10,1276
125,Manhattan,Hudson Sq,79,Manhattan,East Village,782,3.74,1.418,11.737,19.85,6,1295
87,Manhattan,Financial District North,144,Manhattan,Little Italy/NoLiTa,780,2.76,1.506,15.236,21.14,5,1298
261,Manhattan,World Trade Center,68,Manhattan,East Chelsea,777,3.8,3.2,19.351,28.6,4,1300
41,Manhattan,Central Harlem,238,Manhattan,Upper West Side North,774,4.65,1.627,10.502,17.1,5,1307
74,Manhattan,East Harlem North,41,Manhattan,Central Harlem,769,5.24,1.073,8.927,12.25,3,1313
125,Manhattan,Hudson Sq,158,Manhattan,Meatpacking/West Village West,758,3.62,0.967,7.028,16.37,7,1329
87,Manhattan,Financial District North,68,Manhattan,East Chelsea,757,2.68,3.896,24.333,30.39,6,1330
42,Manhattan,Central Harlem North,74,Manhattan,East Harlem North,740,6.98,1.587,10.672,13.63,2,1347
74,Manhattan,East Harlem North,263,Manhattan,Yorkville West,736,5.02,1.686,10.997,16.76,4,1352
87,Manhattan,Financial District North,249,Manhattan,West Village,731,2.59,2.571,16.547,24.75,7,1356
13,Manhattan,Battery Park City,162,Manhattan,Midtown East,725,2.94,6.167,27.453,39.39,8,1365
166,Manhattan,Morningside Heights,244,Manhattan,Washington Heights South,724,3.07,2.929,14.827,19.41,8,1368
13,Manhattan,Battery Park City,161,Manhattan,Midtown Center,718,2.91,5.915,28.456,41.27,9,1376
87,Manhattan,Financial District North,107,Manhattan,Gramercy,718,2.54,3.718,18.648,27.45,8,1376
13,Manhattan,Battery Park City,234,Manhattan,Union Sq,713,2.89,3.534,20.303,30.01,10,1382
87,Manhattan,Financial District North,161,Manhattan,Midtown Center,701,2.48,5.468,24.993,37.02,9,1399
87,Manhattan,Financial District North,162,Manhattan,Midtown East,698,2.47,5.156,19.3,32.6,10,1408
125,Manhattan,Hudson Sq,186,Manhattan,Penn Station/Madison Sq West,689,3.29,1.831,12.332,20.81,8,1426
166,Manhattan,Morningside Heights,237,Manhattan,Upper East Side South,684,2.9,3.417,21.7,28.7,9,1432
261,Manhattan,World Trade Center,161,Manhattan,Midtown Center,670,3.28,5.215,29.377,40.32,5,1451
166,Manhattan,Morningside Heights,75,Manhattan,East Harlem South,668,2.83,1.947,14.454,17.81,10,1455
261,Manhattan,World Trade Center,148,Manhattan,Lower East Side,638,3.12,2.18,15.954,23.93,6,1501
125,Manhattan,Hudson Sq,113,Manhattan,Greenwich Village North,624,2.98,1.025,7.87,16.78,9,1524
216,Queens,South Ozone Park,132,Queens,JFK Airport,617,21.29,1.859,4.133,93.96,1,1536
41,Manhattan,Central Harlem,239,Manhattan,Upper West Side South,612,3.68,2.3,13.26,20.65,6,1542
125,Manhattan,Hudson Sq,90,Manhattan,Flatiron,603,2.88,1.338,8.821,18.08,10,1565
42,Manhattan,Central Harlem North,75,Manhattan,East Harlem South,602,5.67,2.423,13.929,17.24,3,1568
261,Manhattan,World Trade Center,79,Manhattan,East Village,589,2.88,3.025,17.335,26.93,7,1579
261,Manhattan,World Trade Center,211,Manhattan,SoHo,587,2.87,1.32,13.823,19.46,8,1583
261,Manhattan,World Trade Center,158,Manhattan,Meatpacking/West Village West,582,2.85,2.134,13.031,22.53,9,1590
41,Manhattan,Central Harlem,151,Manhattan,Manhattan Valley,568,3.42,1.228,8.594,13.36,7,1620
88,Manhattan,Financial District South,231,Manhattan,TriBeCa/Civic Center,568,4.14,1.481,10.961,19.66,1,1620
261,Manhattan,World Trade Center,48,Manhattan,Clinton East,567,2.78,4.27,29.972,35.56,10,1624
4,Manhattan,Alphabet City,79,Manhattan,East Village,565,4.73,0.759,5.97,14.89,1,1630
74,Manhattan,East Harlem North,236,Manhattan,Upper East Side North,564,3.84,1.881,11.892,19.03,5,1632
88,Manhattan,Financial District South,79,Manhattan,East Village,556,4.05,3.417,14.977,26.17,2,1647
226,Queens,Sunnyside,132,Queens,JFK Airport,549,7.93,12.693,43.246,98.5,1,1658
41,Manhattan,Central Harlem,116,Manhattan,Hamilton Heights,547,3.29,1.811,13.119,14.55,8,1664
41,Manhattan,Central Harlem,236,Manhattan,Upper East Side North,527,3.17,1.964,12.793,19.31,9,1699
24,Manhattan,Bloomingdale,166,Manhattan,Morningside Heights,526,4.81,0.716,4.993,10.23,3,1703
24,Manhattan,Bloomingdale,151,Manhattan,Manhattan Valley,518,4.73,0.582,4.179,10.02,4,1717
41,Manhattan,Central Harlem,244,Manhattan,Washington Heights South,513,3.08,3.139,16.986,19.76,10,1730
88,Manhattan,Financial District South,148,Manhattan,Lower East Side,512,3.73,2.237,12.959,22.1,3,1731
4,Manhattan,Alphabet City,148,Manhattan,Lower East Side,507,4.24,0.992,8.013,16.47,2,1735
24,Manhattan,Bloomingdale,236,Manhattan,Upper East Side North,507,4.63,2.134,13.877,21.51,5,1735
209,Manhattan,Seaport,79,Manhattan,East Village,495,5.24,2.623,13.816,23.69,1,1758
24,Manhattan,Bloomingdale,142,Manhattan,Lincoln Square East,492,4.5,2.261,13.113,21.49,6,1764
244,Manhattan,Washington Heights South,116,Manhattan,Hamilton Heights,474,5.8,1.212,8.031,12.09,1,1807
70,Queens,East Elmhurst,161,Manhattan,Midtown Center,472,3.94,9.517,39.578,75.39,2,1816
232,Manhattan,Two Bridges/Seward Park,79,Manhattan,East Village,457,4.7,1.22,9.261,18.2,1,1846
74,Manhattan,East Harlem North,166,Manhattan,Morningside Heights,455,3.1,1.738,14.018,16.63,6,1854
74,Manhattan,East Harlem North,244,Manhattan,Washington Heights South,454,3.09,3.764,21.029,23.64,7,1858
88,Manhattan,Financial District South,230,Manhattan,Times Sq/Theatre District,452,3.29,5.671,30.844,40.55,4,1866
116,Manhattan,Hamilton Heights,42,Manhattan,Central Harlem North,443,5.97,1.333,9.514,12.58,1,1889
24,Manhattan,Bloomingdale,41,Manhattan,Central Harlem,433,3.96,1.06,7.998,12.78,7,1907
209,Manhattan,Seaport,148,Manhattan,Lower East Side,433,4.58,1.551,11.277,20.01,2,1907
244,Manhattan,Washington Heights South,243,Manhattan,Washington Heights North,433,5.3,1.536,9.27,13.15,2,1907
4,Manhattan,Alphabet City,249,Manhattan,West Village,425,3.56,1.704,13.698,20.54,3,1929
116,Manhattan,Hamilton Heights,41,Manhattan,Central Harlem,420,5.66,1.84,11.899,14.8,2,1941
24,Manhattan,Bloomingdale,74,Manhattan,East Harlem North,414,3.78,1.858,13.318,17.01,8,1949
244,Manhattan,Washington Heights South,42,Manhattan,Central Harlem North,413,5.05,2.215,12.222,15.73,3,1950
42,Manhattan,Central Harlem North,116,Manhattan,Hamilton Heights,412,3.88,1.167,9.026,12.02,4,1954
224,Manhattan,Stuy Town/Peter Cooper Village,170,Manhattan,Murray Hill,411,5.16,1.472,10.429,18.39,1,1959
116,Manhattan,Hamilton Heights,244,Manhattan,Washington Heights South,407,5.49,1.389,9.243,12.22,3,1972
74,Manhattan,East Harlem North,141,Manhattan,Lenox Hill West,405,2.76,2.684,12.471,20.99,8,1975
88,Manhattan,Financial District South,68,Manhattan,East Chelsea,394,2.87,3.98,23.06,31.58,5,1997
4,Manhattan,Alphabet City,170,Manhattan,Murray Hill,390,3.27,2.18,13.05,20.82,4,2010
45,Manhattan,Chinatown,79,Manhattan,East Village,390,4.83,1.445,14.859,19.3,1,2010
74,Manhattan,East Harlem North,140,Manhattan,Lenox Hill East,390,2.66,3.104,15.757,23.31,9,2010
116,Manhattan,Hamilton Heights,74,Manhattan,East Harlem North,389,5.25,2.409,15.185,18.01,4,2013
42,Manhattan,Central Harlem North,244,Manhattan,Washington Heights South,385,3.63,2.206,14.852,17.0,5,2025
70,Queens,East Elmhurst,162,Manhattan,Midtown East,382,3.19,9.115,32.703,71.41,3,2031
74,Manhattan,East Harlem North,116,Manhattan,Hamilton Heights,382,2.6,2.619,16.288,19.13,10,2031
24,Manhattan,Bloomingdale,75,Manhattan,East Harlem South,377,3.45,1.552,11.867,15.64,9,2040
129,Queens,Jackson Heights,138,Queens,LaGuardia Airport,373,8.69,1.35,2.661,80.27,1,2050
4,Manhattan,Alphabet City,114,Manhattan,Greenwich Village South,372,3.11,1.198,9.566,17.6,5,2053
4,Manhattan,Alphabet City,107,Manhattan,Gramercy,369,3.09,1.301,8.725,17.01,6,2061
7,Queens,Astoria,223,Queens,Steinway,369,4.73,1.557,10.309,12.93,1,2061
4,Manhattan,Alphabet City,144,Manhattan,Little Italy/NoLiTa,367,3.07,1.294,10.409,17.72,7,2067
244,Manhattan,Washington Heights South,74,Manhattan,East Harlem North,364,4.45,3.802,16.12,21.46,4,2077
4,Manhattan,Alphabet City,231,Manhattan,TriBeCa/Civic Center,363,3.04,2.536,14.387,22.58,8,2082
88,Manhattan,Financial District South,161,Manhattan,Midtown Center,363,2.64,5.778,30.133,39.15,6,2082
116,Manhattan,Hamilton Heights,166,Manhattan,Morningside Heights,362,4.88,1.554,8.928,12.89,5,2086
152,Manhattan,Manhattanville,166,Manhattan,Morningside Heights,362,7.06,0.869,5.843,11.47,1,2086
88,Manhattan,Financial District South,162,Manhattan,Midtown East,359,2.62,5.499,19.972,35.23,7,2095
70,Queens,East Elmhurst,163,Manhattan,Midtown North,351,2.93,9.919,41.605,76.6,4,2112
70,Queens,East Elmhurst,164,Manhattan,Midtown South,350,2.93,9.064,37.861,72.23,5,2114
243,Manhattan,Washington Heights North,244,Manhattan,Washington Heights South,350,10.52,1.417,10.065,13.4,1,2114
42,Manhattan,Central Harlem North,166,Manhattan,Morningside Heights,349,3.29,1.606,11.306,14.25,6,2120
4,Manhattan,Alphabet City,68,Manhattan,East Chelsea,346,2.9,2.677,19.146,24.84,9,2128
88,Manhattan,Financial District South,246,Manhattan,West Chelsea/Hudson Yards,346,2.52,3.972,22.688,32.34,8,2128
145,Queens,Long Island City/Hunters Point,132,Queens,JFK Airport,346,4.97,13.717,40.083,97.06,1,2128
88,Manhattan,Financial District South,87,Manhattan,Financial District North,345,2.51,0.565,5.203,14.99,9,2136
88,Manhattan,Financial District South,170,Manhattan,Murray Hill,343,2.5,5.071,19.197,32.99,10,2140
24,Manhattan,Bloomingdale,237,Manhattan,Upper East Side South,339,3.1,2.952,18.554,25.5,10,2158
226,Queens,Sunnyside,7,Queens,Astoria,337,4.87,1.599,10.09,13.62,2,2163
244,Manhattan,Washington Heights South,166,Manhattan,Morningside Heights,335,4.1,2.756,13.812,18.12,5,2174
209,Manhattan,Seaport,231,Manhattan,TriBeCa/Civic Center,327,3.46,1.027,9.013,17.78,3,2198
145,Queens,Long Island City/Hunters Point,7,Queens,Astoria,324,4.66,2.111,12.946,17.02,2,2206
4,Manhattan,Alphabet City,234,Manhattan,Union Sq,323,2.7,1.761,13.445,19.94,10,2210
45,Manhattan,Chinatown,148,Manhattan,Lower East Side,323,4.0,0.871,8.326,16.3,2,2210
224,Manhattan,Stuy Town/Peter Cooper Village,186,Manhattan,Penn Station/Madison Sq West,323,4.06,1.875,21.008,22.36,2,2210
45,Manhattan,Chinatown,87,Manhattan,Financial District North,321,3.98,0.917,11.9,17.88,3,2218
226,Queens,Sunnyside,138,Queens,LaGuardia Airport,319,4.61,5.708,14.676,77.68,3,2220
224,Manhattan,Stuy Town/Peter Cooper Village,162,Manhattan,Midtown East,315,3.95,1.94,16.825,20.0,3,2228
244,Manhattan,Washington Heights South,238,Manhattan,Upper West Side North,312,3.82,4.389,16.924,25.92,6,2236
224,Manhattan,Stuy Town/Peter Cooper Village,234,Manhattan,Union Sq,301,3.78,1.176,10.952,17.92,4,2271
116,Manhattan,Hamilton Heights,75,Manhattan,East Harlem South,300,4.05,3.432,18.735,21.01,6,2276
232,Manhattan,Two Bridges/Seward Park,107,Manhattan,Gramercy,299,3.08,1.927,12.937,20.65,2,2279
244,Manhattan,Washington Heights South,41,Manhattan,Central Harlem,299,3.66,3.006,16.492,19.63,7,2279
209,Manhattan,Seaport,170,Manhattan,Murray Hill,297,3.14,4.47,17.16,30.46,4,2290
70,Queens,East Elmhurst,170,Manhattan,Murray Hill,290,2.42,8.837,30.349,68.56,6,2327
232,Manhattan,Two Bridges/Seward Park,231,Manhattan,TriBeCa/Civic Center,289,2.97,1.948,13.399,20.98,3,2330
244,Manhattan,Washington Heights South,239,Manhattan,Upper West Side South,289,3.54,5.124,18.072,27.29,8,2330
70,Queens,East Elmhurst,48,Manhattan,Clinton East,287,2.4,10.046,41.895,78.39,7,2336
152,Manhattan,Manhattanville,74,Manhattan,East Harlem North,286,5.57,1.818,14.02,16.45,2,2339
209,Manhattan,Seaport,232,Manhattan,Two Bridges/Seward Park,284,3.01,1.534,9.479,18.19,5,2352
232,Manhattan,Two Bridges/Seward Park,170,Manhattan,Murray Hill,283,2.91,2.988,16.533,24.5,4,2355
255,Brooklyn,Williamsburg (North Side),112,Brooklyn,Greenpoint,282,3.57,1.21,8.223,12.85,1,2360
244,Manhattan,Washington Heights South,48,Manhattan,Clinton East,279,3.41,6.989,22.283,33.9,9,2368
45,Manhattan,Chinatown,230,Manhattan,Times Sq/Theatre District,276,3.42,4.399,28.942,35.95,4,2385
152,Manhattan,Manhattanville,42,Manhattan,Central Harlem North,275,5.36,1.37,9.792,12.91,3,2393
232,Manhattan,Two Bridges/Seward Park,87,Manhattan,Financial District North,275,2.83,1.881,10.414,19.0,5,2393
224,Manhattan,Stuy Town/Peter Cooper Village,107,Manhattan,Gramercy,274,3.44,0.794,6.666,15.16,5,2399
232,Manhattan,Two Bridges/Seward Park,234,Manhattan,Union Sq,272,2.8,2.551,17.766,23.89,6,2408
146,Queens,Long Island City/Queens Plaza,7,Queens,Astoria,271,7.11,1.306,8.138,14.11,1,2412
7,Queens,Astoria,129,Queens,Jackson Heights,266,3.41,2.547,14.084,16.68,2,2435
70,Queens,East Elmhurst,138,Queens,LaGuardia Airport,266,2.22,0.518,2.323,55.13,8,2435
255,Brooklyn,Williamsburg (North Side),37,Brooklyn,Bushwick South,265,3.35,2.612,17.64,18.9,2,2441
224,Manhattan,Stuy Town/Peter Cooper Village,79,Manhattan,East Village,259,3.25,0.961,6.814,15.37,6,2458
197,Queens,Richmond Hill,216,Queens,South Ozone Park,258,9.53,1.419,7.227,38.83,1,2466
226,Queens,Sunnyside,129,Queens,Jackson Heights,258,3.73,2.816,14.687,22.54,4,2466
116,Manhattan,Hamilton Heights,243,Manhattan,Washington Heights North,256,3.45,2.85,13.448,16.84,7,2476
152,Manhattan,Manhattanville,41,Manhattan,Central Harlem,256,4.99,1.155,8.662,12.34,4,2476
42,Manhattan,Central Harlem North,48,Manhattan,Clinton East,253,2.38,5.978,25.4,33.59,7,2488
232,Manhattan,Two Bridges/Seward Park,148,Manhattan,Lower East Side,250,2.57,0.743,6.774,17.11,7,2505
45,Manhattan,Chinatown,231,Manhattan,TriBeCa/Civic Center,248,3.07,0.867,8.67,16.72,5,2514
224,Manhattan,Stuy Town/Peter Cooper Village,68,Manhattan,East Chelsea,248,3.11,2.026,17.379,23.66,7,2514
244,Manhattan,Washington Heights South,75,Manhattan,East Harlem South,242,2.96,4.781,19.545,24.67,10,2538
42,Manhattan,Central Harlem North,152,Manhattan,Manhattanville,241,2.27,1.284,9.491,12.53,8,2540
70,Queens,East Elmhurst,236,Manhattan,Upper East Side North,241,2.01,8.329,32.915,64.78,9,2540
70,Queens,East Elmhurst,239,Manhattan,Upper West Side South,239,2.0,10.006,40.166,75.65,10,2552
42,Manhattan,Central Harlem North,238,Manhattan,Upper West Side North,235,2.22,2.781,16.822,22.41,9,2573
209,Manhattan,Seaport,230,Manhattan,Times Sq/Theatre District,234,2.48,5.331,27.203,37.14,6,2579
209,Manhattan,Seaport,144,Manhattan,Little Italy/NoLiTa,233,2.47,1.325,18.208,19.83,7,2584
224,Manhattan,Stuy Town/Peter Cooper Village,161,Manhattan,Midtown Center,233,2.93,2.338,17.545,24.58,8,2584
209,Manhattan,Seaport,162,Manhattan,Midtown East,232,2.46,4.952,18.799,32.67,8,2589
209,Manhattan,Seaport,107,Manhattan,Gramercy,229,2.42,3.559,15.805,27.13,9,2599
224,Manhattan,Stuy Town/Peter Cooper Village,137,Manhattan,Kips Bay,229,2.88,0.901,6.055,15.13,9,2599
255,Brooklyn,Williamsburg (North Side),79,Manhattan,East Village,228,2.89,3.188,16.917,25.44,3,2604
255,Brooklyn,Williamsburg (North Side),148,Manhattan,Lower East Side,228,2.89,2.746,14.572,23.19,4,2604
224,Manhattan,Stuy Town/Peter Cooper Village,113,Manhattan,Greenwich Village North,224,2.81,1.266,10.595,18.23,10,2620
255,Brooklyn,Williamsburg (North Side),256,Brooklyn,Williamsburg (South Side),224,2.83,0.861,6.697,12.77,5,2620
61,Brooklyn,Crown Heights North,76,Brooklyn,East New York,223,3.66,3.678,23.337,22.97,1,2625
188,Brooklyn,Prospect-Lefferts Gardens,61,Brooklyn,Crown Heights North,222,5.74,1.969,14.486,15.18,1,2633
42,Manhattan,Central Harlem North,243,Manhattan,Washington Heights North,221,2.08,3.557,16.57,20.07,10,2641
152,Manhattan,Manhattanville,244,Manhattan,Washington Heights South,221,4.31,2.22,11.306,15.25,5,2641
209,Manhattan,Seaport,164,Manhattan,Midtown South,221,2.34,4.322,20.632,31.05,10,2641
232,Manhattan,Two Bridges/Seward Park,137,Manhattan,Kips Bay,218,2.24,2.422,13.771,21.03,8,2660
232,Manhattan,Two Bridges/Seward Park,162,Manhattan,Midtown East,216,2.22,3.608,17.202,26.5,9,2673
232,Manhattan,Two Bridges/Seward Park,164,Manhattan,Midtown South,214,2.2,3.148,19.452,25.69,10,2685
152,Manhattan,Manhattanville,238,Manhattan,Upper West Side North,213,4.15,2.154,11.584,18.94,6,2691
7,Queens,Astoria,179,Queens,Old Astoria,209,2.68,1.127,8.062,11.34,3,2709
116,Manhattan,Hamilton Heights,238,Manhattan,Upper West Side North,209,2.82,2.981,14.964,21.68,8,2709
45,Manhattan,Chinatown,170,Manhattan,Murray Hill,208,2.58,3.394,20.763,29.23,6,2721
116,Manhattan,Hamilton Heights,48,Manhattan,Clinton East,208,2.8,5.803,20.779,31.42,9,2721
116,Manhattan,Hamilton Heights,152,Manhattan,Manhattanville,208,2.8,0.856,5.781,9.94,10,2721
7,Queens,Astoria,145,Queens,Long Island City/Hunters Point,207,2.65,2.105,12.966,15.16,4,2735
130,Queens,Jamaica,205,Queens,Saint Albans,205,5.0,2.985,14.736,16.94,1,2746
179,Queens,Old Astoria,7,Queens,Astoria,205,7.12,1.121,8.943,11.68,1,2746
61,Brooklyn,Crown Heights North,181,Brooklyn,Park Slope,203,3.33,2.589,19.415,18.75,2,2758
129,Queens,Jackson Heights,7,Queens,Astoria,203,4.73,2.306,14.078,15.04,2,2758
45,Manhattan,Chinatown,68,Manhattan,East Chelsea,198,2.45,3.114,22.149,28.46,7,2795
45,Manhattan,Chinatown,232,Manhattan,Two Bridges/Seward Park,198,2.45,1.162,8.991,16.75,8,2795
80,Brooklyn,East Williamsburg,37,Brooklyn,Bushwick South,198,4.03,1.943,12.726,16.23,1,2795
255,Brooklyn,Williamsburg (North Side),61,Brooklyn,Crown Heights North,198,2.51,3.754,21.738,22.83,6,2795
256,Brooklyn,Williamsburg (South Side),148,Manhattan,Lower East Side,198,3.12,2.216,12.572,21.55,1,2795
197,Queens,Richmond Hill,132,Queens,JFK Airport,195,7.2,4.193,10.072,91.37,2,2812
256,Brooklyn,Williamsburg (South Side),37,Brooklyn,Bushwick South,195,3.07,2.259,15.407,17.68,2,2812
134,Queens,Kew Gardens,132,Queens,JFK Airport,192,18.06,5.077,13.523,94.73,1,2834
112,Brooklyn,Greenpoint,255,Brooklyn,Williamsburg (North Side),191,3.6,1.255,9.45,12.35,1,2845
7,Queens,Astoria,260,Queens,Woodside,190,2.43,1.927,11.163,13.59,5,2848
61,Brooklyn,Crown Heights North,188,Brooklyn,Prospect-Lefferts Gardens,190,3.12,1.807,12.719,14.96,3,2848
256,Brooklyn,Williamsburg (South Side),79,Manhattan,East Village,188,2.96,2.644,15.496,23.55,3,2865
256,Brooklyn,Williamsburg (South Side),112,Brooklyn,Greenpoint,188,2.96,1.73,11.317,14.39,4,2865
152,Manhattan,Manhattanville,151,Manhattan,Manhattan Valley,187,3.64,1.751,9.762,14.62,7,2871
45,Manhattan,Chinatown,164,Manhattan,Midtown South,186,2.31,3.259,21.329,29.12,9,2879
145,Queens,Long Island City/Hunters Point,223,Queens,Steinway,186,2.67,3.722,18.453,23.26,3,2879
145,Queens,Long Island City/Hunters Point,138,Queens,LaGuardia Airport,184,2.64,6.51,17.411,76.24,4,2885
17,Brooklyn,Bedford,61,Brooklyn,Crown Heights North,183,4.91,1.634,12.154,14.56,1,2893
37,Brooklyn,Bushwick South,61,Brooklyn,Crown Heights North,183,3.49,2.616,17.152,17.62,1,2893
112,Brooklyn,Greenpoint,256,Brooklyn,Williamsburg (South Side),183,3.45,1.65,12.315,15.05,2,2893
129,Queens,Jackson Heights,82,Queens,Elmhurst,183,4.27,1.629,11.799,13.34,3,2893
145,Queens,Long Island City/Hunters Point,226,Queens,Sunnyside,183,2.63,1.465,8.817,17.56,5,2893
226,Queens,Sunnyside,145,Queens,Long Island City/Hunters Point,183,2.64,1.687,10.94,16.85,5,2893
226,Queens,Sunnyside,260,Queens,Woodside,183,2.64,1.358,8.394,13.91,6,2893
260,Queens,Woodside,129,Queens,Jackson Heights,183,5.84,1.628,10.032,16.38,1,2893
260,Queens,Woodside,226,Queens,Sunnyside,183,5.84,1.371,7.825,18.11,2,2893
45,Manhattan,Chinatown,107,Manhattan,Gramercy,182,2.26,2.153,14.214,22.33,10,2904
76,Brooklyn,East New York,35,Brooklyn,Brownsville,182,4.42,2.259,15.32,15.88,1,2904
39,Brooklyn,Canarsie,76,Brooklyn,East New York,181,6.53,2.662,14.394,15.66,1,2912
181,Brooklyn,Park Slope,61,Brooklyn,Crown Heights North,181,3.98,2.621,16.788,18.93,1,2912
66,Brooklyn,DUMBO/Vinegar Hill,255,Brooklyn,Williamsburg (North Side),180,3.74,3.621,18.816,24.32,1,2918
152,Manhattan,Manhattanville,239,Manhattan,Upper West Side South,180,3.51,2.859,14.469,22.71,8,2918
7,Queens,Astoria,226,Queens,Sunnyside,178,2.28,1.838,11.276,12.98,6,2935
76,Brooklyn,East New York,61,Brooklyn,Crown Heights North,178,4.33,3.93,25.138,23.5,2,2935
255,Brooklyn,Williamsburg (North Side),225,Brooklyn,Stuyvesant Heights,177,2.24,2.792,19.865,20.26,7,2944
35,Brooklyn,Brownsville,76,Brooklyn,East New York,176,7.14,2.382,16.503,17.03,1,2953
225,Brooklyn,Stuyvesant Heights,61,Brooklyn,Crown Heights North,176,4.47,1.776,13.045,14.45,1,2953
223,Queens,Steinway,7,Queens,Astoria,175,7.85,1.442,10.007,11.77,1,2962
226,Queens,Sunnyside,82,Queens,Elmhurst,175,2.53,3.04,16.009,18.26,7,2962
255,Brooklyn,Williamsburg (North Side),80,Brooklyn,East Williamsburg,175,2.21,1.308,9.472,13.69,8,2962
76,Brooklyn,East New York,39,Brooklyn,Canarsie,174,4.23,2.713,14.402,16.27,3,2972
146,Queens,Long Island City/Queens Plaza,223,Queens,Steinway,174,4.57,2.525,14.772,20.31,2,2972
260,Queens,Woodside,7,Queens,Astoria,174,5.56,1.728,10.635,13.11,3,2972
7,Queens,Astoria,82,Queens,Elmhurst,173,2.22,3.698,18.635,20.39,7,2986
61,Brooklyn,Crown Heights North,37,Brooklyn,Bushwick South,173,2.84,2.548,17.737,17.79,4,2986
215,Queens,South Jamaica,130,Queens,Jamaica,173,11.33,1.385,9.523,11.3,1,2986
72,Brooklyn,East Flatbush/Remsen Village,76,Brooklyn,East New York,170,7.06,3.051,18.216,19.3,1,3015
61,Brooklyn,Crown Heights North,225,Brooklyn,Stuyvesant Heights,169,2.77,1.74,12.359,14.97,5,3023
72,Brooklyn,East Flatbush/Remsen Village,61,Brooklyn,Crown Heights North,168,6.98,2.128,16.054,15.29,2,3030
112,Brooklyn,Greenpoint,37,Brooklyn,Bushwick South,166,3.13,2.814,18.866,19.88,3,3046
25,Brooklyn,Boerum Hill,61,Brooklyn,Crown Heights North,164,3.59,2.774,20.015,20.63,1,3061
127,Manhattan,Inwood,244,Manhattan,Washington Heights South,163,10.12,2.511,13.446,15.5,1,3073
216,Queens,South Ozone Park,130,Queens,Jamaica,163,5.62,2.437,14.832,14.88,2,3073
255,Brooklyn,Williamsburg (North Side),36,Brooklyn,Bushwick North,161,2.04,2.88,17.798,19.99,9,3096
37,Brooklyn,Bushwick South,36,Brooklyn,Bushwick North,159,3.04,1.328,9.127,11.24,2,3113
152,Manhattan,Manhattanville,75,Manhattan,East Harlem South,159,3.1,2.577,16.696,19.08,9,3113
188,Brooklyn,Prospect-Lefferts Gardens,181,Brooklyn,Park Slope,159,4.11,2.707,18.918,18.97,2,3113
152,Manhattan,Manhattanville,48,Manhattan,Clinton East,158,3.08,5.064,18.5,28.61,10,3123
82,Queens,Elmhurst,129,Queens,Jackson Heights,157,5.27,1.488,11.334,13.41,1,3133
7,Queens,Astoria,146,Queens,Long Island City/Queens Plaza,155,1.99,1.149,7.762,12.07,8,3152
145,Queens,Long Island City/Hunters Point,112,Brooklyn,Greenpoint,154,2.21,1.687,9.723,13.49,6,3159
25,Brooklyn,Boerum Hill,181,Brooklyn,Park Slope,153,3.35,1.502,10.925,15.01,2,3168
76,Brooklyn,East New York,188,Brooklyn,Prospect-Lefferts Gardens,153,3.72,4.444,27.495,24.28,4,3168
255,Brooklyn,Williamsburg (North Side),181,Brooklyn,Park Slope,153,1.94,5.175,23.842,27.38,10,3168
61,Brooklyn,Crown Heights North,17,Brooklyn,Bedford,152,2.49,1.692,12.478,14.96,6,3176
61,Brooklyn,Crown Heights North,89,Brooklyn,Flatbush/Ditmas Park,152,2.49,3.245,21.765,21.13,7,3176
243,Manhattan,Washington Heights North,42,Manhattan,Central Harlem North,152,4.57,3.4,13.143,17.03,2,3176
130,Queens,Jamaica,10,Queens,Baisley Park,151,3.69,2.363,12.592,14.45,2,3189
36,Brooklyn,Bushwick North,37,Brooklyn,Bushwick South,149,4.24,1.354,9.077,12.85,1,3210
145,Queens,Long Island City/Hunters Point,92,Queens,Flushing,149,2.14,8.706,26.53,35.66,7,3210
243,Manhattan,Washington Heights North,75,Manhattan,East Harlem South,149,4.48,5.757,21.85,25.75,3,3210
61,Brooklyn,Crown Heights North,97,Brooklyn,Fort Greene,148,2.43,2.393,18.528,17.78,8,3222
80,Brooklyn,East Williamsburg,61,Brooklyn,Crown Heights North,148,3.01,3.155,18.429,20.45,2,3222
129,Queens,Jackson Heights,260,Queens,Woodside,147,3.43,1.44,10.821,13.93,4,3230
36,Brooklyn,Bushwick North,61,Brooklyn,Crown Heights North,146,4.16,2.939,17.929,19.56,2,3239
91,Brooklyn,Flatlands,89,Brooklyn,Flatbush/Ditmas Park,146,6.65,2.281,15.405,15.19,1,3239
145,Queens,Long Island City/Hunters Point,179,Queens,Old Astoria,146,2.1,2.364,13.316,17.73,8,3239
130,Queens,Jamaica,216,Queens,South Ozone Park,145,3.54,2.697,13.71,18.56,3,3248
205,Queens,Saint Albans,130,Queens,Jamaica,144,12.93,2.554,14.403,15.49,1,3254
39,Brooklyn,Canarsie,61,Brooklyn,Crown Heights North,143,5.16,3.685,24.725,23.05,2,3261
112,Brooklyn,Greenpoint,145,Queens,Long Island City/Hunters Point,143,2.69,1.686,9.599,14.44,4,3261
226,Queens,Sunnyside,223,Queens,Steinway,143,2.07,3.085,16.345,21.8,8,3261
243,Manhattan,Washington Heights North,116,Manhattan,Hamilton Heights,142,4.27,2.82,13.582,15.82,4,3277
243,Manhattan,Washington Heights North,127,Manhattan,Inwood,142,4.27,1.373,8.683,12.14,5,3277
256,Brooklyn,Williamsburg (South Side),61,Brooklyn,Crown Heights North,142,2.24,3.12,20.927,22.76,5,3277
66,Brooklyn,DUMBO/Vinegar Hill,230,Manhattan,Times Sq/Theatre District,141,2.93,6.837,31.476,41.08,2,3285
61,Brooklyn,Crown Heights North,39,Brooklyn,Canarsie,140,2.3,3.713,23.909,21.35,9,3296
112,Brooklyn,Greenpoint,80,Brooklyn,East Williamsburg,140,2.64,1.649,11.393,13.56,5,3296
256,Brooklyn,Williamsburg (South Side),36,Brooklyn,Bushwick North,140,2.21,2.662,16.216,18.26,6,3296
91,Brooklyn,Flatlands,39,Brooklyn,Canarsie,139,6.33,2.158,12.794,14.97,2,3302
10,Queens,Baisley Park,130,Queens,Jamaica,138,7.06,2.177,12.573,15.16,1,3316
97,Brooklyn,Fort Greene,61,Brooklyn,Crown Heights North,138,2.74,2.572,18.966,19.51,1,3316
181,Brooklyn,Park Slope,188,Brooklyn,Prospect-Lefferts Gardens,138,3.03,2.544,16.302,17.86,2,3316
130,Queens,Jamaica,215,Queens,South Jamaica,137,3.34,1.421,8.96,10.76,4,3327
256,Brooklyn,Williamsburg (South Side),255,Brooklyn,Williamsburg (North Side),137,2.16,0.984,8.215,12.4,7,3327
33,Brooklyn,Brooklyn Heights,79,Manhattan,East Village,136,2.74,3.748,18.885,27.55,1,3333
97,Brooklyn,Fort Greene,225,Brooklyn,Stuyvesant Heights,136,2.7,2.501,17.125,19.35,2,3333
216,Queens,South Ozone Park,197,Queens,Richmond Hill,136,4.69,1.61,9.47,12.09,3,3333
256,Brooklyn,Williamsburg (South Side),225,Brooklyn,Stuyvesant Heights,135,2.13,2.422,17.066,19.25,8,3343
130,Queens,Jamaica,191,Queens,Queens Village,134,3.27,4.155,17.282,19.6,5,3355
65,Brooklyn,Downtown Brooklyn/MetroTech,61,Brooklyn,Crown Heights North,133,2.57,3.194,22.39,22.63,1,3367
72,Brooklyn,East Flatbush/Remsen Village,39,Brooklyn,Canarsie,133,5.53,1.857,12.735,12.93,3,3367
76,Brooklyn,East New York,72,Brooklyn,East Flatbush/Remsen Village,133,3.23,3.075,19.424,18.82,5,3367
89,Brooklyn,Flatbush/Ditmas Park,61,Brooklyn,Crown Heights North,133,3.58,3.274,21.206,21.69,1,3367
12,Manhattan,Battery Park,230,Manhattan,Times Sq/Theatre District,132,8.94,5.835,32.544,43.58,1,3378
33,Brooklyn,Brooklyn Heights,231,Manhattan,TriBeCa/Civic Center,132,2.66,2.421,25.993,22.75,2,3378
112,Brooklyn,Greenpoint,36,Brooklyn,Bushwick North,132,2.49,3.079,18.472,20.47,6,3378
226,Queens,Sunnyside,237,Manhattan,Upper East Side South,132,1.91,3.123,16.934,26.19,9,3378
36,Brooklyn,Bushwick North,225,Brooklyn,Stuyvesant Heights,131,3.73,1.623,11.593,12.65,3,3397
37,Brooklyn,Bushwick South,17,Brooklyn,Bedford,131,2.5,1.886,14.076,14.81,3,3397
62,Brooklyn,Crown Heights South,61,Brooklyn,Crown Heights North,131,6.79,1.392,11.651,14.87,1,3397
76,Brooklyn,East New York,77,Brooklyn,East New York/Pennsylvania Avenue,131,3.18,1.703,11.417,12.69,6,3397
146,Queens,Long Island City/Queens Plaza,179,Queens,Old Astoria,131,3.44,1.664,9.353,15.2,3,3397
35,Brooklyn,Brownsville,61,Brooklyn,Crown Heights North,130,5.28,1.92,14.112,15.04,2,3411
39,Brooklyn,Canarsie,188,Brooklyn,Prospect-Lefferts Gardens,130,4.69,3.397,21.071,20.4,3,3411
71,Brooklyn,East Flatbush/Farragut,39,Brooklyn,Canarsie,130,6.19,2.682,18.529,17.71,1,3411
181,Brooklyn,Park Slope,89,Brooklyn,Flatbush/Ditmas Park,130,2.86,3.218,20.77,21.2,3,3411
14,Brooklyn,Bay Ridge,228,Brooklyn,Sunset Park West,129,8.25,2.328,12.131,14.81,1,3428
89,Brooklyn,Flatbush/Ditmas Park,188,Brooklyn,Prospect-Lefferts Gardens,129,3.47,1.77,15.514,15.73,2,3428
17,Brooklyn,Bedford,37,Brooklyn,Bushwick South,128,3.43,1.784,13.049,15.23,2,3435
39,Brooklyn,Canarsie,91,Brooklyn,Flatlands,128,4.62,2.322,13.251,14.56,4,3435
61,Brooklyn,Crown Heights North,35,Brooklyn,Brownsville,128,2.1,2.096,15.371,15.97,10,3435
112,Brooklyn,Greenpoint,61,Brooklyn,Crown Heights North,128,2.41,4.296,24.587,26.94,7,3435
129,Queens,Jackson Heights,226,Queens,Sunnyside,128,2.98,2.783,14.226,16.4,5,3435
145,Queens,Long Island City/Hunters Point,129,Queens,Jackson Heights,128,1.84,4.4,18.868,31.8,9,3435
7,Queens,Astoria,193,Queens,Queensbridge/Ravenswood,127,1.63,1.289,8.322,12.41,9,3452
37,Brooklyn,Bushwick South,255,Brooklyn,Williamsburg (North Side),127,2.42,2.429,18.705,17.78,4,3452
197,Queens,Richmond Hill,130,Queens,Jamaica,127,4.69,2.135,13.49,14.63,3,3452
256,Brooklyn,Williamsburg (South Side),17,Brooklyn,Bedford,127,2.0,1.916,13.479,16.01,9,3452
80,Brooklyn,East Williamsburg,112,Brooklyn,Greenpoint,126,2.56,1.647,11.304,14.02,3,3466
89,Brooklyn,Flatbush/Ditmas Park,39,Brooklyn,Canarsie,126,3.39,3.558,21.848,20.31,3,3466
168,Bronx,Mott Haven/Port Morris,42,Manhattan,Central Harlem North,126,4.5,1.761,13.115,15.11,1,3466
225,Brooklyn,Stuyvesant Heights,37,Brooklyn,Bushwick South,126,3.2,1.401,10.532,12.8,2,3466
127,Manhattan,Inwood,243,Manhattan,Washington Heights North,125,7.76,1.336,9.175,11.92,2,3485
37,Brooklyn,Bushwick South,112,Brooklyn,Greenpoint,124,2.37,2.825,19.275,19.96,5,3494
39,Brooklyn,Canarsie,72,Brooklyn,East Flatbush/Remsen Village,124,4.47,1.908,12.474,14.22,5,3494
71,Brooklyn,East Flatbush/Farragut,61,Brooklyn,Crown Heights North,124,5.91,2.679,18.807,18.05,2,3494
71,Brooklyn,East Flatbush/Farragut,188,Brooklyn,Prospect-Lefferts Gardens,124,5.91,1.595,12.668,13.48,3,3494
97,Brooklyn,Fort Greene,49,Brooklyn,Clinton Hill,124,2.46,1.142,8.759,13.78,3,3494
71,Brooklyn,East Flatbush/Farragut,76,Brooklyn,East New York,123,5.86,4.258,26.874,25.05,4,3513
97,Brooklyn,Fort Greene,37,Brooklyn,Bushwick South,123,2.44,3.218,21.285,22.82,4,3513
179,Queens,Old Astoria,223,Queens,Steinway,123,4.27,1.286,8.977,13.25,2,3513
226,Queens,Sunnyside,95,Queens,Forest Hills,123,1.78,5.321,20.563,25.67,10,3513
260,Queens,Woodside,82,Queens,Elmhurst,123,3.93,1.809,12.02,13.69,4,3513
25,Brooklyn,Boerum Hill,37,Brooklyn,Bushwick South,122,2.67,4.109,26.095,27.26,3,3528
256,Brooklyn,Williamsburg (South Side),80,Brooklyn,East Williamsburg,122,1.92,1.4,9.504,17.75,10,3528
39,Brooklyn,Canarsie,71,Brooklyn,East Flatbush/Farragut,121,4.37,2.833,18.173,17.86,6,3544
72,Brooklyn,East Flatbush/Remsen Village,188,Brooklyn,Prospect-Lefferts Gardens,121,5.03,1.961,15.075,15.63,4,3544
80,Brooklyn,East Williamsburg,255,Brooklyn,Williamsburg (North Side),121,2.46,1.441,10.75,15.1,4,3544
37,Brooklyn,Bushwick South,225,Brooklyn,Stuyvesant Heights,120,2.29,1.457,10.864,12.54,6,3556
77,Brooklyn,East New York/Pennsylvania Avenue,76,Brooklyn,East New York,120,10.16,1.675,10.525,11.93,1,3556
97,Brooklyn,Fort Greene,181,Brooklyn,Park Slope,120,2.38,1.658,13.984,17.16,5,3556
97,Brooklyn,Fort Greene,255,Brooklyn,Williamsburg (North Side),120,2.38,3.477,19.685,22.84,6,3556
193,Queens,Queensbridge/Ravenswood,7,Queens,Astoria,120,7.02,1.472,9.263,12.94,1,3556
225,Brooklyn,Stuyvesant Heights,97,Brooklyn,Fort Greene,120,3.05,2.629,20.848,19.29,3,3556
129,Queens,Jackson Heights,70,Queens,East Elmhurst,119,2.77,1.32,7.697,31.76,6,3574
188,Brooklyn,Prospect-Lefferts Gardens,39,Brooklyn,Canarsie,119,3.08,3.311,22.187,21.93,3,3574
7,Queens,Astoria,161,Manhattan,Midtown Center,118,1.51,3.783,25.662,29.89,10,3581
177,Brooklyn,Ocean Hill,61,Brooklyn,Crown Heights North,118,5.52,1.885,13.52,14.57,1,3581
188,Brooklyn,Prospect-Lefferts Gardens,89,Brooklyn,Flatbush/Ditmas Park,118,3.05,1.928,15.664,15.96,4,3581
80,Brooklyn,East Williamsburg,225,Brooklyn,Stuyvesant Heights,117,2.38,2.16,14.615,16.23,5,3596
93,Queens,Flushing Meadows-Corona Park,132,Queens,JFK Airport,117,10.92,7.181,20.308,102.69,1,3596
89,Brooklyn,Flatbush/Ditmas Park,71,Brooklyn,East Flatbush/Farragut,116,3.12,1.716,13.102,14.73,4,3603
89,Brooklyn,Flatbush/Ditmas Park,91,Brooklyn,Flatlands,116,3.12,2.107,14.012,16.81,5,3603
112,Brooklyn,Greenpoint,148,Manhattan,Lower East Side,115,2.17,3.68,18.261,26.53,8,3613
188,Brooklyn,Prospect-Lefferts Gardens,76,Brooklyn,East New York,115,2.97,4.351,29.66,25.18,5,3613
39,Brooklyn,Canarsie,89,Brooklyn,Flatbush/Ditmas Park,114,4.11,3.346,20.046,19.67,7,3621
146,Queens,Long Island City/Queens Plaza,237,Manhattan,Upper East Side South,114,2.99,2.185,11.468,20.11,4,3621
65,Brooklyn,Downtown Brooklyn/MetroTech,255,Brooklyn,Williamsburg (North Side),113,2.18,3.364,17.255,22.9,2,3631
80,Brooklyn,East Williamsburg,36,Brooklyn,Bushwick North,113,2.3,2.011,12.147,16.74,6,3631
112,Brooklyn,Greenpoint,225,Brooklyn,Stuyvesant Heights,113,2.13,3.191,21.705,21.94,9,3631
130,Queens,Jamaica,197,Queens,Richmond Hill,113,2.76,2.014,12.465,13.07,6,3631
181,Brooklyn,Park Slope,25,Brooklyn,Boerum Hill,112,2.46,1.615,11.923,14.27,4,3651
243,Manhattan,Washington Heights North,74,Manhattan,East Harlem North,112,3.37,4.454,15.693,20.06,6,3651
17,Brooklyn,Bedford,225,Brooklyn,Stuyvesant Heights,111,2.98,1.486,10.342,12.84,3,3661
129,Queens,Jackson Heights,223,Queens,Steinway,111,2.59,2.249,10.828,18.53,7,3661
198,Queens,Ridgewood,37,Brooklyn,Bushwick South,111,5.14,1.681,11.727,12.9,1,3661
37,Brooklyn,Bushwick South,80,Brooklyn,East Williamsburg,110,2.1,1.749,12.107,17.7,7,3676
97,Brooklyn,Fort Greene,17,Brooklyn,Bedford,110,2.18,1.854,15.671,16.59,7,3676
177,Brooklyn,Ocean Hill,76,Brooklyn,East New York,110,5.14,2.715,18.811,18.75,2,3676
25,Brooklyn,Boerum Hill,33,Brooklyn,Brooklyn Heights,109,2.38,1.182,10.202,14.95,4,3693
76,Brooklyn,East New York,89,Brooklyn,Flatbush/Ditmas Park,109,2.65,5.354,32.239,28.98,7,3693
89,Brooklyn,Flatbush/Ditmas Park,181,Brooklyn,Park Slope,109,2.93,3.136,20.927,20.02,6,3693
188,Brooklyn,Prospect-Lefferts Gardens,72,Brooklyn,East Flatbush/Remsen Village,109,2.82,1.916,14.99,15.6,6,3693
25,Brooklyn,Boerum Hill,255,Brooklyn,Williamsburg (North Side),108,2.36,4.023,21.663,23.84,5,3708
37,Brooklyn,Bushwick South,198,Queens,Ridgewood,108,2.06,1.783,11.902,12.75,8,3708
82,Queens,Elmhurst,7,Queens,Astoria,108,3.63,3.272,17.063,18.96,2,3708
63,Brooklyn,Cypress Hills,76,Brooklyn,East New York,107,7.55,1.806,12.425,12.67,1,3717
65,Brooklyn,Downtown Brooklyn/MetroTech,79,Manhattan,East Village,107,2.07,3.088,15.274,24.49,3,3717
80,Brooklyn,East Williamsburg,148,Manhattan,Lower East Side,107,2.18,3.214,17.277,28.71,7,3717
91,Brooklyn,Flatlands,188,Brooklyn,Prospect-Lefferts Gardens,107,4.87,3.008,18.798,19.71,3,3717
97,Brooklyn,Fort Greene,112,Brooklyn,Greenpoint,107,2.12,4.39,20.287,25.97,8,3717
112,Brooklyn,Greenpoint,79,Manhattan,East Village,107,2.02,4.108,19.754,29.58,10,3717
181,Brooklyn,Park Slope,225,Brooklyn,Stuyvesant Heights,107,2.35,3.678,23.099,23.12,5,3717
17,Brooklyn,Bedford,97,Brooklyn,Fort Greene,106,2.84,1.822,14.799,16.81,4,3737
33,Brooklyn,Brooklyn Heights,181,Brooklyn,Park Slope,106,2.14,2.414,15.586,18.73,3,3737
66,Brooklyn,DUMBO/Vinegar Hill,79,Manhattan,East Village,106,2.2,3.511,18.208,25.86,3,3737
97,Brooklyn,Fort Greene,148,Manhattan,Lower East Side,106,2.1,2.641,13.37,22.43,9,3737
66,Brooklyn,DUMBO/Vinegar Hill,256,Brooklyn,Williamsburg (South Side),105,2.18,3.195,17.449,23.29,4,3750
82,Queens,Elmhurst,260,Queens,Woodside,105,3.52,1.8,11.72,13.02,3,3750
97,Brooklyn,Fort Greene,79,Manhattan,East Village,105,2.08,3.297,17.291,26.67,10,3750
228,Brooklyn,Sunset Park West,14,Brooklyn,Bay Ridge,105,5.3,2.358,11.942,15.16,1,3750
37,Brooklyn,Bushwick South,256,Brooklyn,Williamsburg (South Side),104,1.99,2.153,15.695,17.43,9,3762
65,Brooklyn,Downtown Brooklyn/MetroTech,231,Manhattan,TriBeCa/Civic Center,104,2.01,2.232,10.822,21.16,4,3762
80,Brooklyn,East Williamsburg,79,Manhattan,East Village,104,2.12,3.802,18.158,27.71,8,3762
179,Queens,Old Astoria,145,Queens,Long Island City/Hunters Point,104,3.61,2.604,14.62,16.76,3,3762
188,Brooklyn,Prospect-Lefferts Gardens,71,Brooklyn,East Flatbush/Farragut,104,2.69,1.742,12.509,14.18,7,3762
188,Brooklyn,Prospect-Lefferts Gardens,225,Brooklyn,Stuyvesant Heights,104,2.69,3.04,20.268,20.42,8,3762
65,Brooklyn,Downtown Brooklyn/MetroTech,68,Manhattan,East Chelsea,103,1.99,4.903,26.681,35.05,5,3783
66,Brooklyn,DUMBO/Vinegar Hill,231,Manhattan,TriBeCa/Civic Center,103,2.14,2.05,11.815,21.16,5,3783
91,Brooklyn,Flatlands,61,Brooklyn,Crown Heights North,103,4.69,3.843,24.047,22.53,4,3783
243,Manhattan,Washington Heights North,41,Manhattan,Central Harlem,103,3.09,4.318,17.07,21.43,7,3783
17,Brooklyn,Bedford,256,Brooklyn,Williamsburg (South Side),102,2.74,1.655,11.952,13.89,5,3805
33,Brooklyn,Brooklyn Heights,170,Manhattan,Murray Hill,102,2.06,6.133,25.213,34.64,4,3805
35,Brooklyn,Brownsville,188,Brooklyn,Prospect-Lefferts Gardens,102,4.14,2.183,17.288,17.43,3,3805
39,Brooklyn,Canarsie,35,Brooklyn,Brownsville,102,3.68,2.157,14.058,14.75,8,3805
65,Brooklyn,Downtown Brooklyn/MetroTech,148,Manhattan,Lower East Side,102,1.97,2.208,11.252,21.14,6,3805
66,Brooklyn,DUMBO/Vinegar Hill,164,Manhattan,Midtown South,101,2.1,5.638,25.929,34.52,6,3822
127,Manhattan,Inwood,74,Manhattan,East Harlem North,101,6.27,5.292,16.788,21.11,3,3822
49,Brooklyn,Clinton Hill,181,Brooklyn,Park Slope,100,3.01,1.965,16.515,17.49,1,3841
76,Brooklyn,East New York,37,Brooklyn,Bushwick South,100,2.43,3.743,25.577,24.07,8,3841
76,Brooklyn,East New York,177,Brooklyn,Ocean Hill,100,2.43,2.726,17.493,18.73,9,3841
80,Brooklyn,East Williamsburg,256,Brooklyn,Williamsburg (South Side),100,2.03,1.364,9.391,18.09,9,3841
188,Brooklyn,Prospect-Lefferts Gardens,17,Brooklyn,Bedford,100,2.59,2.551,18.623,19.64,9,3841
188,Brooklyn,Prospect-Lefferts Gardens,91,Brooklyn,Flatlands,100,2.59,3.156,19.711,19.09,10,3841
243,Manhattan,Washington Heights North,48,Manhattan,Clinton East,100,3.0,7.704,24.647,36.32,8,3841
17,Brooklyn,Bedford,181,Brooklyn,Park Slope,99,2.66,2.75,21.353,20.13,6,3861
49,Brooklyn,Clinton Hill,61,Brooklyn,Crown Heights North,99,2.98,1.924,19.591,15.41,2,3861
181,Brooklyn,Park Slope,49,Brooklyn,Clinton Hill,99,2.18,1.824,13.744,15.97,6,3861
193,Queens,Queensbridge/Ravenswood,145,Queens,Long Island City/Hunters Point,99,5.79,1.277,8.435,12.57,2,3861
65,Brooklyn,Downtown Brooklyn/MetroTech,230,Manhattan,Times Sq/Theatre District,98,1.89,6.437,34.177,43.51,7,3879
76,Brooklyn,East New York,225,Brooklyn,Stuyvesant Heights,98,2.38,3.737,26.462,24.51,10,3879
127,Manhattan,Inwood,42,Manhattan,Central Harlem North,98,6.08,3.74,13.572,17.39,4,3879
52,Brooklyn,Cobble Hill,33,Brooklyn,Brooklyn Heights,97,6.41,0.694,8.212,11.96,1,3896
129,Queens,Jackson Heights,173,Queens,North Corona,97,2.26,1.464,11.399,12.71,8,3896
145,Queens,Long Island City/Hunters Point,82,Queens,Elmhurst,97,1.39,4.496,18.727,24.08,10,3896
225,Brooklyn,Stuyvesant Heights,255,Brooklyn,Williamsburg (North Side),97,2.46,2.89,22.496,22.31,4,3896
17,Brooklyn,Bedford,255,Brooklyn,Williamsburg (North Side),96,2.58,2.383,17.385,18.55,7,3916
25,Brooklyn,Boerum Hill,112,Brooklyn,Greenpoint,96,2.1,5.019,23.825,26.36,6,3916
36,Brooklyn,Bushwick North,17,Brooklyn,Bedford,96,2.73,2.222,14.626,16.09,4,3916
37,Brooklyn,Bushwick South,76,Brooklyn,East New York,96,1.83,4.269,27.095,24.16,10,3916
49,Brooklyn,Clinton Hill,255,Brooklyn,Williamsburg (North Side),96,2.89,2.718,19.585,21.34,3,3916
146,Queens,Long Island City/Queens Plaza,140,Manhattan,Lenox Hill East,96,2.52,2.138,12.543,21.27,5,3916
225,Brooklyn,Stuyvesant Heights,76,Brooklyn,East New York,96,2.44,3.943,26.594,23.81,5,3916
33,Brooklyn,Brooklyn Heights,255,Brooklyn,Williamsburg (North Side),95,1.91,3.994,20.564,24.47,5,3935
65,Brooklyn,Downtown Brooklyn/MetroTech,37,Brooklyn,Bushwick South,95,1.84,3.733,21.34,25.27,8,3935
65,Brooklyn,Downtown Brooklyn/MetroTech,49,Brooklyn,Clinton Hill,95,1.84,1.502,10.93,15.7,9,3935
65,Brooklyn,Downtown Brooklyn/MetroTech,256,Brooklyn,Williamsburg (South Side),95,1.84,2.948,15.862,20.24,10,3935
33,Brooklyn,Brooklyn Heights,162,Manhattan,Midtown East,94,1.89,6.69,25.488,38.71,6,3955
89,Brooklyn,Flatbush/Ditmas Park,76,Brooklyn,East New York,94,2.53,5.201,30.262,28.76,7,3955
181,Brooklyn,Park Slope,228,Brooklyn,Sunset Park West,94,2.07,2.349,14.393,16.53,7,3955
225,Brooklyn,Stuyvesant Heights,188,Brooklyn,Prospect-Lefferts Gardens,94,2.39,3.291,21.234,21.75,6,3955
25,Brooklyn,Boerum Hill,49,Brooklyn,Clinton Hill,93,2.03,1.62,13.299,15.49,7,3973
36,Brooklyn,Bushwick North,112,Brooklyn,Greenpoint,93,2.65,2.981,17.601,18.66,5,3973
66,Brooklyn,DUMBO/Vinegar Hill,161,Manhattan,Midtown Center,93,1.93,6.663,26.852,37.85,7,3973
82,Queens,Elmhurst,258,Queens,Woodhaven,93,3.12,4.949,21.813,23.51,4,3973
91,Brooklyn,Flatlands,76,Brooklyn,East New York,93,4.23,4.246,23.514,24.25,5,3973
168,Bronx,Mott Haven/Port Morris,74,Manhattan,East Harlem North,92,3.28,1.531,10.505,14.15,2,3997
181,Brooklyn,Park Slope,37,Brooklyn,Bushwick South,92,2.02,4.275,27.478,26.73,8,3997
223,Queens,Steinway,138,Queens,LaGuardia Airport,92,4.13,2.452,6.025,66.57,2,3997
225,Brooklyn,Stuyvesant Heights,49,Brooklyn,Clinton Hill,92,2.34,2.0,14.277,16.03,7,3997
66,Brooklyn,DUMBO/Vinegar Hill,162,Manhattan,Midtown East,91,1.89,6.227,22.355,34.03,8,4018
71,Brooklyn,East Flatbush/Farragut,91,Brooklyn,Flatlands,91,4.34,1.909,13.012,13.7,5,4018
80,Brooklyn,East Williamsburg,198,Queens,Ridgewood,91,1.85,2.516,13.804,17.31,10,4018
89,Brooklyn,Flatbush/Ditmas Park,228,Brooklyn,Sunset Park West,91,2.45,3.827,23.173,22.17,8,4018
181,Brooklyn,Park Slope,255,Brooklyn,Williamsburg (North Side),91,2.0,5.089,26.649,29.83,9,4018
49,Brooklyn,Clinton Hill,97,Brooklyn,Fort Greene,90,2.71,1.091,9.702,14.49,4,4040
72,Brooklyn,East Flatbush/Remsen Village,89,Brooklyn,Flatbush/Ditmas Park,90,3.74,2.757,18.972,17.78,5,4040
243,Manhattan,Washington Heights North,239,Manhattan,Upper West Side South,90,2.7,6.238,20.243,31.6,9,4040
17,Brooklyn,Bedford,36,Brooklyn,Bushwick North,89,2.39,2.304,15.602,17.55,8,4058
33,Brooklyn,Brooklyn Heights,161,Manhattan,Midtown Center,89,1.79,6.765,29.775,38.61,7,4058
72,Brooklyn,East Flatbush/Remsen Village,35,Brooklyn,Brownsville,89,3.7,1.357,11.35,13.08,6,4058
198,Queens,Ridgewood,36,Brooklyn,Bushwick North,89,4.12,1.308,8.499,11.01,2,4058
243,Manhattan,Washington Heights North,166,Manhattan,Morningside Heights,89,2.67,4.305,17.366,20.13,10,4058
33,Brooklyn,Brooklyn Heights,230,Manhattan,Times Sq/Theatre District,88,1.77,7.001,32.492,41.93,8,4085
33,Brooklyn,Brooklyn Heights,237,Manhattan,Upper East Side South,88,1.77,7.767,34.236,45.44,9,4085
66,Brooklyn,DUMBO/Vinegar Hill,48,Manhattan,Clinton East,88,1.83,6.063,30.917,37.95,9,4085
66,Brooklyn,DUMBO/Vinegar Hill,144,Manhattan,Little Italy/NoLiTa,88,1.83,2.416,14.563,22.65,10,4085
168,Bronx,Mott Haven/Port Morris,41,Manhattan,Central Harlem,88,3.14,2.081,16.279,17.32,3,4085
181,Brooklyn,Park Slope,256,Brooklyn,Williamsburg (South Side),88,1.93,4.002,24.261,27.68,10,4085
260,Queens,Woodside,145,Queens,Long Island City/Hunters Point,88,2.81,2.879,13.998,26.16,5,4085
25,Brooklyn,Boerum Hill,225,Brooklyn,Stuyvesant Heights,87,1.9,3.357,22.644,22.48,8,4109
260,Queens,Woodside,157,Queens,Maspeth,87,2.78,1.723,9.643,11.7,6,4109
83,Queens,Elmhurst/Maspeth,138,Queens,LaGuardia Airport,86,7.4,3.96,8.276,79.24,1,4128
225,Brooklyn,Stuyvesant Heights,17,Brooklyn,Bedford,86,2.18,1.349,10.16,13.28,8,4128
36,Brooklyn,Bushwick North,198,Queens,Ridgewood,85,2.42,1.317,8.732,11.61,6,4144
49,Brooklyn,Clinton Hill,37,Brooklyn,Bushwick South,85,2.56,2.957,17.154,19.38,5,4144
71,Brooklyn,East Flatbush/Farragut,89,Brooklyn,Flatbush/Ditmas Park,85,4.05,1.726,13.147,13.69,6,4144
146,Queens,Long Island City/Queens Plaza,145,Queens,Long Island City/Hunters Point,85,2.23,1.228,8.965,12.9,6,4144
197,Queens,Richmond Hill,95,Queens,Forest Hills,85,3.14,2.874,16.951,17.66,4,4144
228,Brooklyn,Sunset Park West,181,Brooklyn,Park Slope,85,4.29,2.169,14.918,17.08,2,4144
17,Brooklyn,Bedford,80,Brooklyn,East Williamsburg,84,2.25,2.248,14.861,16.68,9,4166
33,Brooklyn,Brooklyn Heights,140,Manhattan,Lenox Hill East,84,1.69,7.308,27.612,39.02,10,4166
35,Brooklyn,Brownsville,39,Brooklyn,Canarsie,84,3.41,2.414,15.343,16.6,4,4166
49,Brooklyn,Clinton Hill,225,Brooklyn,Stuyvesant Heights,84,2.53,2.086,13.495,16.79,6,4166
146,Queens,Long Island City/Queens Plaza,141,Manhattan,Lenox Hill West,84,2.2,2.021,10.044,17.82,7,4166
36,Brooklyn,Bushwick North,80,Brooklyn,East Williamsburg,82,2.33,1.849,11.472,14.59,7,4215
40,Brooklyn,Carroll Gardens,33,Brooklyn,Brooklyn Heights,82,5.3,1.233,11.821,14.58,1,4215
91,Brooklyn,Flatlands,71,Brooklyn,East Flatbush/Farragut,82,3.73,1.936,13.323,15.29,6,4215
146,Queens,Long Island City/Queens Plaza,138,Queens,LaGuardia Airport,82,2.15,4.687,25.623,69.6,8,4215
191,Queens,Queens Village,130,Queens,Jamaica,82,9.38,3.606,17.138,18.75,1,4215
197,Queens,Richmond Hill,258,Queens,Woodhaven,82,3.03,1.741,10.375,12.45,5,4215
35,Brooklyn,Brownsville,225,Brooklyn,Stuyvesant Heights,81,3.29,2.673,23.448,20.19,5,4244
36,Brooklyn,Bushwick North,255,Brooklyn,Williamsburg (North Side),81,2.31,2.72,18.377,18.14,8,4244
71,Brooklyn,East Flatbush/Farragut,72,Brooklyn,East Flatbush/Remsen Village,81,3.86,1.631,11.387,13.57,7,4244
82,Queens,Elmhurst,56,Queens,Corona,81,2.72,1.473,9.699,11.69,5,4244
129,Queens,Jackson Heights,56,Queens,Corona,81,1.89,2.645,12.697,15.05,9,4244
168,Bronx,Mott Haven/Port Morris,244,Manhattan,Washington Heights South,80,2.85,3.482,20.305,21.59,4,4267
216,Queens,South Ozone Park,180,Queens,Ozone Park,80,2.76,2.062,11.193,12.44,4,4267
225,Brooklyn,Stuyvesant Heights,181,Brooklyn,Park Slope,80,2.03,3.293,26.896,23.07,9,4267
17,Brooklyn,Bedford,76,Brooklyn,East New York,79,2.12,4.703,30.341,29.24,10,4288
62,Brooklyn,Crown Heights South,188,Brooklyn,Prospect-Lefferts Gardens,79,4.09,1.369,10.043,13.82,2,4288
130,Queens,Jamaica,218,Queens,Springfield Gardens North,79,1.93,3.539,16.903,18.01,7,4288
168,Bronx,Mott Haven/Port Morris,75,Manhattan,East Harlem South,79,2.82,2.611,15.603,18.16,5,4288
10,Queens,Baisley Park,230,Manhattan,Times Sq/Theatre District,78,3.99,14.355,57.357,96.95,2,4313
39,Brooklyn,Canarsie,155,Brooklyn,Marine Park/Mill Basin,78,2.81,2.849,13.617,16.99,9,4313
130,Queens,Jamaica,28,Queens,Briarwood/Jamaica Hills,78,1.9,1.474,9.994,13.32,8,4313
146,Queens,Long Island City/Queens Plaza,193,Queens,Queensbridge/Ravenswood,78,2.05,0.945,6.268,12.51,9,4313
218,Queens,Springfield Gardens North,130,Queens,Jamaica,78,10.39,3.277,18.421,18.42,1,4313
225,Brooklyn,Stuyvesant Heights,36,Brooklyn,Bushwick North,78,1.98,1.59,11.064,13.37,10,4313
260,Queens,Woodside,83,Queens,Elmhurst/Maspeth,78,2.49,1.186,7.877,12.63,7,4313
25,Brooklyn,Boerum Hill,256,Brooklyn,Williamsburg (South Side),77,1.68,3.544,20.173,22.26,9,4342
49,Brooklyn,Clinton Hill,256,Brooklyn,Williamsburg (South Side),77,2.32,2.238,15.01,17.36,7,4342
82,Queens,Elmhurst,226,Queens,Sunnyside,77,2.58,3.053,15.731,19.11,6,4342
157,Queens,Maspeth,132,Queens,JFK Airport,77,3.61,10.857,31.544,98.97,1,4342
222,Brooklyn,Starrett City,76,Brooklyn,East New York,77,10.81,1.865,11.754,13.62,1,4342
25,Brooklyn,Boerum Hill,80,Brooklyn,East Williamsburg,76,1.66,4.269,23.062,25.43,10,4367
72,Brooklyn,East Flatbush/Remsen Village,71,Brooklyn,East Flatbush/Farragut,76,3.16,1.544,12.63,13.04,7,4367
91,Brooklyn,Flatlands,72,Brooklyn,East Flatbush/Remsen Village,76,3.46,2.583,13.38,15.95,7,4367
130,Queens,Jamaica,95,Queens,Forest Hills,76,1.86,3.957,17.607,21.03,9,4367
155,Brooklyn,Marine Park/Mill Basin,39,Brooklyn,Canarsie,76,7.97,2.443,13.513,15.82,1,4367
179,Queens,Old Astoria,237,Manhattan,Upper East Side South,76,2.64,3.776,20.858,28.13,4,4367
216,Queens,South Ozone Park,76,Brooklyn,East New York,76,2.62,4.073,16.269,18.76,5,4367
92,Queens,Flushing,145,Queens,Long Island City/Hunters Point,74,6.2,8.578,21.593,30.19,1,4421
129,Queens,Jackson Heights,95,Queens,Forest Hills,74,1.72,5.117,16.64,22.51,10,4421
198,Queens,Ridgewood,225,Brooklyn,Stuyvesant Heights,74,3.43,2.262,14.439,15.75,3,4421
260,Queens,Woodside,223,Queens,Steinway,74,2.36,2.69,12.331,14.87,8,4421
36,Brooklyn,Bushwick North,256,Brooklyn,Williamsburg (South Side),73,2.08,2.426,16.306,19.11,9,4443
89,Brooklyn,Flatbush/Ditmas Park,72,Brooklyn,East Flatbush/Remsen Village,73,1.96,2.796,19.187,18.29,9,4443
127,Manhattan,Inwood,75,Manhattan,East Harlem South,73,4.53,6.026,20.486,25.61,5,4443
159,Bronx,Melrose South,42,Manhattan,Central Harlem North,73,5.0,1.87,15.676,15.71,1,4443
198,Queens,Ridgewood,102,Queens,Glendale,73,3.38,1.65,10.424,12.43,4,4443
35,Brooklyn,Brownsville,72,Brooklyn,East Flatbush/Remsen Village,72,2.92,1.314,11.079,13.29,6,4471
85,Brooklyn,Erasmus,61,Brooklyn,Crown Heights North,72,4.51,2.426,14.633,17.41,1,4471
12,Manhattan,Battery Park,161,Manhattan,Midtown Center,71,4.81,6.013,27.458,41.56,2,4495
28,Queens,Briarwood/Jamaica Hills,130,Queens,Jamaica,71,5.96,1.224,8.551,11.08,1,4495
49,Brooklyn,Clinton Hill,17,Brooklyn,Bedford,71,2.13,1.231,10.789,12.35,8,4495
82,Queens,Elmhurst,198,Queens,Ridgewood,71,2.38,3.634,20.751,21.88,7,4495
89,Brooklyn,Flatbush/Ditmas Park,35,Brooklyn,Brownsville,71,1.91,3.642,25.843,23.66,10,4495
127,Manhattan,Inwood,116,Manhattan,Hamilton Heights,71,4.41,3.616,14.215,18.64,6,4495
146,Queens,Long Island City/Queens Plaza,226,Queens,Sunnyside,71,1.86,1.523,9.696,12.28,10,4495
26,Brooklyn,Borough Park,165,Brooklyn,Midwood,70,7.13,2.39,20.092,19.21,1,4526
10,Queens,Baisley Park,216,Queens,South Ozone Park,69,3.53,1.816,9.318,25.58,3,4557
36,Brooklyn,Bushwick North,7,Queens,Astoria,69,1.96,6.329,24.043,27.22,10,4557
49,Brooklyn,Clinton Hill,36,Brooklyn,Bushwick North,69,2.07,2.963,18.577,19.13,9,4557
82,Queens,Elmhurst,216,Queens,South Ozone Park,69,2.32,6.991,26.995,32.63,8,4557
85,Brooklyn,Erasmus,188,Brooklyn,Prospect-Lefferts Gardens,69,4.32,1.254,9.869,12.36,2,4557
197,Queens,Richmond Hill,134,Queens,Kew Gardens,69,2.55,1.668,11.095,12.31,6,4557
198,Queens,Ridgewood,112,Brooklyn,Greenpoint,69,3.2,3.749,65.691,21.87,5,4557
71,Brooklyn,East Flatbush/Farragut,35,Brooklyn,Brownsville,68,3.24,2.504,16.863,16.28,8,4583
86,Queens,Far Rockaway,117,Queens,Hammels/Arverne,68,11.0,2.267,12.242,15.54,1,4583
130,Queens,Jamaica,122,Queens,Hollis,68,1.66,2.56,13.563,14.83,10,4583
196,Queens,Rego Park,95,Queens,Forest Hills,68,5.54,1.561,8.809,11.76,1,4583
14,Brooklyn,Bay Ridge,67,Brooklyn,Dyker Heights,67,4.29,1.657,10.542,11.81,2,4612
35,Brooklyn,Brownsville,71,Brooklyn,East Flatbush/Farragut,67,2.72,2.748,17.369,17.47,7,4612
72,Brooklyn,East Flatbush/Remsen Village,91,Brooklyn,Flatlands,67,2.78,2.169,14.017,16.33,8,4612
82,Queens,Elmhurst,160,Queens,Middle Village,67,2.25,2.116,12.398,14.33,9,4612
82,Queens,Elmhurst,197,Queens,Richmond Hill,67,2.25,5.09,23.483,26.87,10,4612
134,Queens,Kew Gardens,216,Queens,South Ozone Park,67,6.3,3.189,25.7,35.74,2,4612
223,Queens,Steinway,129,Queens,Jackson Heights,67,3.0,1.973,10.453,28.54,3,4612
39,Brooklyn,Canarsie,85,Brooklyn,Erasmus,66,2.38,3.353,20.278,20.12,10,4656
56,Queens,Corona,129,Queens,Jackson Heights,66,5.72,2.683,15.83,15.86,1,4656
62,Brooklyn,Crown Heights South,181,Brooklyn,Park Slope,66,3.42,2.08,16.354,17.52,3,4656
95,Queens,Forest Hills,132,Queens,JFK Airport,66,2.87,7.116,23.543,89.66,1,4656
179,Queens,Old Astoria,129,Queens,Jackson Heights,66,2.29,2.936,15.023,19.45,5,4656
179,Queens,Old Astoria,226,Queens,Sunnyside,66,2.29,2.969,16.654,19.36,6,4656
260,Queens,Woodside,138,Queens,LaGuardia Airport,66,2.11,4.227,10.103,68.32,9,4656
49,Brooklyn,Clinton Hill,79,Manhattan,East Village,65,1.95,4.118,21.4,28.17,10,4690
72,Brooklyn,East Flatbush/Remsen Village,97,Brooklyn,Fort Greene,65,2.7,4.707,31.739,27.42,9,4690
197,Queens,Richmond Hill,82,Queens,Elmhurst,65,2.4,4.966,22.87,24.53,7,4690
223,Queens,Steinway,179,Queens,Old Astoria,65,2.91,1.42,9.489,11.58,4,4690
22,Brooklyn,Bensonhurst West,14,Brooklyn,Bay Ridge,64,8.22,3.007,15.87,16.06,1,4728
52,Brooklyn,Cobble Hill,181,Brooklyn,Park Slope,64,4.23,1.989,12.316,16.82,2,4728
117,Queens,Hammels/Arverne,86,Queens,Far Rockaway,64,10.65,2.285,11.834,16.08,1,4728
177,Brooklyn,Ocean Hill,35,Brooklyn,Brownsville,64,2.99,1.343,11.772,12.9,3,4728
179,Queens,Old Astoria,146,Queens,Long Island City/Queens Plaza,64,2.22,1.46,10.297,12.8,7,4728
216,Queens,South Ozone Park,10,Queens,Baisley Park,64,2.21,1.808,12.205,22.19,6,4728
258,Queens,Woodhaven,216,Queens,South Ozone Park,63,4.38,2.282,12.479,13.49,1,4766
12,Manhattan,Battery Park,48,Manhattan,Clinton East,62,4.2,4.819,29.444,38.7,3,4803
14,Brooklyn,Bay Ridge,22,Brooklyn,Bensonhurst West,62,3.97,2.64,14.933,16.21,3,4803
102,Queens,Glendale,198,Queens,Ridgewood,62,8.72,1.728,9.855,11.99,1,4803
168,Bronx,Mott Haven/Port Morris,247,Bronx,West Concourse,62,2.21,2.22,11.611,15.27,6,4803
189,Brooklyn,Prospect Heights,61,Brooklyn,Crown Heights North,62,3.63,1.639,11.181,15.36,1,4803
197,Queens,Richmond Hill,76,Brooklyn,East New York,62,2.29,3.874,17.975,18.9,8,4803
198,Queens,Ridgewood,80,Brooklyn,East Williamsburg,62,2.87,2.289,13.479,16.95,6,4803
71,Brooklyn,East Flatbush/Farragut,85,Brooklyn,Erasmus,61,2.91,1.13,8.796,10.96,9,4844
228,Brooklyn,Sunset Park West,227,Brooklyn,Sunset Park East,61,3.08,1.409,8.804,11.33,3,4844
247,Bronx,West Concourse,42,Manhattan,Central Harlem North,61,3.44,1.498,11.773,16.68,1,4844
258,Queens,Woodhaven,95,Queens,Forest Hills,61,4.24,3.033,17.614,17.86,2,4844
258,Queens,Woodhaven,197,Queens,Richmond Hill,61,4.24,1.848,10.514,11.88,3,4844
62,Brooklyn,Crown Heights South,71,Brooklyn,East Flatbush/Farragut,60,3.11,2.217,15.261,16.59,4,4889
177,Brooklyn,Ocean Hill,188,Brooklyn,Prospect-Lefferts Gardens,60,2.81,2.955,17.941,18.56,4,4889
179,Queens,Old Astoria,260,Queens,Woodside,60,2.08,2.855,13.875,17.21,8,4889
197,Queens,Richmond Hill,10,Queens,Baisley Park,60,2.22,2.869,13.15,16.46,9,4889
198,Queens,Ridgewood,17,Brooklyn,Bedford,60,2.78,2.972,18.667,19.75,7,4889
260,Queens,Woodside,179,Queens,Old Astoria,60,1.92,2.775,15.014,15.22,10,4889
26,Brooklyn,Borough Park,22,Brooklyn,Bensonhurst West,59,6.01,1.704,13.492,14.57,2,4931
77,Brooklyn,East New York/Pennsylvania Avenue,61,Brooklyn,Crown Heights North,59,5.0,3.138,21.556,20.31,2,4931
83,Queens,Elmhurst/Maspeth,82,Queens,Elmhurst,59,5.08,1.169,8.054,9.91,2,4931
155,Brooklyn,Marine Park/Mill Basin,91,Brooklyn,Flatlands,59,6.19,1.324,10.209,11.8,2,4931
177,Brooklyn,Ocean Hill,37,Brooklyn,Bushwick South,59,2.76,2.046,15.409,17.44,5,4931
198,Queens,Ridgewood,61,Brooklyn,Crown Heights North,59,2.73,3.749,21.913,23.43,8,4931
69,Bronx,East Concourse/Concourse Village,42,Manhattan,Central Harlem North,58,4.04,2.522,16.586,18.31,1,4972
72,Brooklyn,East Flatbush/Remsen Village,85,Brooklyn,Erasmus,58,2.41,2.169,14.721,16.32,10,4972
85,Brooklyn,Erasmus,39,Brooklyn,Canarsie,58,3.63,3.011,18.747,19.11,3,4972
91,Brooklyn,Flatlands,155,Brooklyn,Marine Park/Mill Basin,58,2.64,1.386,10.223,12.14,8,4972
165,Brooklyn,Midwood,123,Brooklyn,Homecrest,58,6.26,1.837,13.818,14.35,1,4972
216,Queens,South Ozone Park,258,Queens,Woodhaven,58,2.0,2.358,11.97,13.01,7,4972
219,Queens,Springfield Gardens South,130,Queens,Jamaica,58,6.39,4.051,19.887,24.33,1,4972
258,Queens,Woodhaven,76,Brooklyn,East New York,58,4.03,2.677,15.276,15.54,4,4972
35,Brooklyn,Brownsville,17,Brooklyn,Bedford,57,2.31,3.391,22.897,22.09,8,5021
35,Brooklyn,Brownsville,91,Brooklyn,Flatlands,57,2.31,3.105,18.444,19.96,9,5021
85,Brooklyn,Erasmus,89,Brooklyn,Flatbush/Ditmas Park,57,3.57,1.224,27.622,11.28,4,5021
95,Queens,Forest Hills,130,Queens,Jamaica,57,2.48,3.829,17.05,19.78,2,5021
95,Queens,Forest Hills,197,Queens,Richmond Hill,57,2.48,2.639,14.438,18.41,3,5021
134,Queens,Kew Gardens,197,Queens,Richmond Hill,57,5.36,1.211,7.907,35.08,3,5021
179,Queens,Old Astoria,140,Manhattan,Lenox Hill East,57,1.98,3.723,22.057,28.49,9,5021
196,Queens,Rego Park,132,Queens,JFK Airport,57,4.64,8.728,26.118,97.66,2,5021
197,Queens,Richmond Hill,63,Brooklyn,Cypress Hills,57,2.1,3.488,14.819,16.93,10,5021
14,Brooklyn,Bay Ridge,181,Brooklyn,Park Slope,56,3.58,4.737,23.661,24.7,4,5068
40,Brooklyn,Carroll Gardens,181,Brooklyn,Park Slope,56,3.62,1.48,10.741,13.29,2,5068
198,Queens,Ridgewood,255,Brooklyn,Williamsburg (North Side),56,2.59,3.396,20.185,20.89,9,5068
216,Queens,South Ozone Park,215,Queens,South Jamaica,56,1.93,2.082,10.992,12.26,8,5068
35,Brooklyn,Brownsville,37,Brooklyn,Bushwick South,55,2.23,3.006,24.687,21.91,10,5112
71,Brooklyn,East Flatbush/Farragut,181,Brooklyn,Park Slope,55,2.62,4.009,28.016,24.39,10,5112
91,Brooklyn,Flatlands,35,Brooklyn,Brownsville,55,2.5,3.012,20.054,18.75,9,5112
95,Queens,Forest Hills,196,Queens,Rego Park,55,2.39,1.218,9.008,11.96,4,5112
106,Brooklyn,Gowanus,181,Brooklyn,Park Slope,55,4.92,1.121,9.575,12.18,1,5112
127,Manhattan,Inwood,166,Manhattan,Morningside Heights,55,3.41,5.144,18.604,22.53,7,5112
157,Queens,Maspeth,198,Queens,Ridgewood,55,2.58,1.642,10.11,15.3,2,5112
180,Queens,Ozone Park,216,Queens,South Ozone Park,55,8.73,1.971,10.428,12.06,1,5112
217,Brooklyn,South Williamsburg,17,Brooklyn,Bedford,55,8.18,0.976,8.605,13.57,1,5112
228,Brooklyn,Sunset Park West,89,Brooklyn,Flatbush/Ditmas Park,55,2.77,4.055,21.217,23.21,4,5112
83,Queens,Elmhurst/Maspeth,260,Queens,Woodside,54,4.65,1.228,7.221,11.24,3,5159
85,Brooklyn,Erasmus,72,Brooklyn,East Flatbush/Remsen Village,54,3.38,2.016,13.846,14.91,5,5159
155,Brooklyn,Marine Park/Mill Basin,89,Brooklyn,Flatbush/Ditmas Park,54,5.67,2.624,16.407,17.54,3,5159
159,Bronx,Melrose South,168,Bronx,Mott Haven/Port Morris,54,3.7,1.275,10.017,11.35,2,5159
165,Brooklyn,Midwood,26,Brooklyn,Borough Park,54,5.83,2.67,21.775,18.06,2,5159
215,Queens,South Jamaica,205,Queens,Saint Albans,54,3.54,2.134,11.511,13.08,2,5159
26,Brooklyn,Borough Park,89,Brooklyn,Flatbush/Ditmas Park,53,5.4,1.971,18.195,16.23,3,5210
28,Queens,Briarwood/Jamaica Hills,95,Queens,Forest Hills,53,4.45,2.646,13.836,14.54,2,5210
40,Brooklyn,Carroll Gardens,140,Manhattan,Lenox Hill East,53,3.43,8.486,32.153,42.78,3,5210
95,Queens,Forest Hills,216,Queens,South Ozone Park,53,2.3,4.359,20.489,21.91,5,5210
168,Bronx,Mott Haven/Port Morris,159,Bronx,Melrose South,53,1.89,1.106,8.758,10.74,7,5210
177,Brooklyn,Ocean Hill,181,Brooklyn,Park Slope,53,2.48,4.362,29.119,24.82,6,5210
258,Queens,Woodhaven,130,Queens,Jamaica,53,3.68,3.578,19.309,20.78,5,5210
85,Brooklyn,Erasmus,76,Brooklyn,East New York,52,3.25,4.854,29.661,26.69,6,5260
95,Queens,Forest Hills,28,Queens,Briarwood/Jamaica Hills,52,2.26,2.496,11.247,15.26,6,5260
123,Brooklyn,Homecrest,210,Brooklyn,Sheepshead Bay,52,6.99,1.843,14.586,13.19,1,5260
157,Queens,Maspeth,37,Brooklyn,Bushwick South,52,2.44,2.229,11.497,17.53,3,5260
177,Brooklyn,Ocean Hill,17,Brooklyn,Bedford,52,2.43,2.582,19.06,18.19,7,5260
216,Queens,South Ozone Park,95,Queens,Forest Hills,52,1.79,4.099,22.815,23.47,9,5260
223,Queens,Steinway,260,Queens,Woodside,52,2.33,2.793,12.181,15.94,5,5260
235,Bronx,University Heights/Morris Heights,244,Manhattan,Washington Heights South,52,5.29,2.296,19.161,17.36,1,5260
247,Bronx,West Concourse,244,Manhattan,Washington Heights South,52,2.93,2.288,15.777,17.21,2,5260
157,Queens,Maspeth,80,Brooklyn,East Williamsburg,51,2.39,1.895,9.451,19.43,4,5310
210,Brooklyn,Sheepshead Bay,55,Brooklyn,Coney Island,51,6.17,3.282,14.685,17.52,1,5310
62,Brooklyn,Crown Heights South,89,Brooklyn,Flatbush/Ditmas Park,50,2.59,2.505,18.689,18.89,5,5364
62,Brooklyn,Crown Heights South,97,Brooklyn,Fort Greene,50,2.59,2.706,19.838,18.19,6,5364
85,Brooklyn,Erasmus,71,Brooklyn,East Flatbush/Farragut,50,3.13,1.129,9.264,12.99,7,5364
157,Queens,Maspeth,82,Queens,Elmhurst,50,2.34,1.949,11.49,13.98,5,5364
159,Bronx,Melrose South,41,Manhattan,Central Harlem,50,3.42,2.589,21.112,21.76,3,5364
165,Brooklyn,Midwood,89,Brooklyn,Flatbush/Ditmas Park,50,5.39,1.657,11.96,13.17,3,5364
173,Queens,North Corona,129,Queens,Jackson Heights,50,6.84,1.447,10.755,12.72,1,5364
189,Brooklyn,Prospect Heights,181,Brooklyn,Park Slope,50,2.92,1.238,10.122,12.78,2,5364
195,Brooklyn,Red Hook,181,Brooklyn,Park Slope,50,3.15,2.315,15.119,17.58,1,5364
223,Queens,Steinway,226,Queens,Sunnyside,50,2.24,3.099,15.544,19.53,6,5364
56,Queens,Corona,82,Queens,Elmhurst,49,4.25,1.344,9.134,10.72,2,5414
83,Queens,Elmhurst/Maspeth,129,Queens,Jackson Heights,49,4.22,1.365,7.955,28.8,4,5414
95,Queens,Forest Hills,129,Queens,Jackson Heights,49,2.13,5.223,18.109,22.73,7,5414
157,Queens,Maspeth,36,Brooklyn,Bushwick North,49,2.3,1.871,10.256,15.48,6,5414
157,Queens,Maspeth,112,Brooklyn,Greenpoint,49,2.3,3.046,13.799,21.86,7,5414
168,Bronx,Mott Haven/Port Morris,69,Bronx,East Concourse/Concourse Village,49,1.75,1.736,12.116,14.21,8,5414
168,Bronx,Mott Haven/Port Morris,78,Bronx,East Tremont,49,1.75,4.307,17.351,21.67,9,5414
168,Bronx,Mott Haven/Port Morris,166,Manhattan,Morningside Heights,49,1.75,2.845,21.293,18.92,10,5414
179,Queens,Old Astoria,162,Manhattan,Midtown East,49,1.7,3.789,23.329,30.74,10,5414
189,Brooklyn,Prospect Heights,255,Brooklyn,Williamsburg (North Side),49,2.87,3.723,23.612,24.83,3,5414
215,Queens,South Jamaica,216,Queens,South Ozone Park,49,3.21,2.022,11.525,23.56,3,5414
216,Queens,South Ozone Park,82,Queens,Elmhurst,49,1.69,6.613,27.994,29.73,10,5414
12,Manhattan,Battery Park,164,Manhattan,Midtown South,48,3.25,5.12,25.024,35.22,4,5476
62,Brooklyn,Crown Heights South,37,Brooklyn,Bushwick South,48,2.49,3.312,22.313,23.7,7,5476
77,Brooklyn,East New York/Pennsylvania Avenue,188,Brooklyn,Prospect-Lefferts Gardens,48,4.06,3.393,23.322,21.43,3,5476
95,Queens,Forest Hills,56,Queens,Corona,48,2.09,2.266,12.021,13.77,8,5476
131,Queens,Jamaica Estates,130,Queens,Jamaica,48,7.45,2.159,13.466,14.35,1,5476
159,Bronx,Melrose South,74,Manhattan,East Harlem North,48,3.29,2.241,16.362,19.25,4,5476
195,Brooklyn,Red Hook,68,Manhattan,East Chelsea,48,3.03,6.735,28.79,48.38,2,5476
241,Bronx,Van Cortlandt Village,244,Manhattan,Washington Heights South,48,5.76,5.093,21.936,24.76,1,5476
29,Brooklyn,Brighton Beach,210,Brooklyn,Sheepshead Bay,47,8.77,2.06,13.186,12.5,1,5534
56,Queens,Corona,95,Queens,Forest Hills,47,4.08,2.028,11.738,13.87,3,5534
62,Brooklyn,Crown Heights South,72,Brooklyn,East Flatbush/Remsen Village,47,2.44,2.874,14.941,16.03,8,5534
85,Brooklyn,Erasmus,35,Brooklyn,Brownsville,47,2.94,3.05,18.517,19.44,8,5534
91,Brooklyn,Flatlands,210,Brooklyn,Sheepshead Bay,47,2.14,2.932,15.92,18.31,10,5534
95,Queens,Forest Hills,82,Queens,Elmhurst,47,2.04,2.413,14.794,15.32,9,5534
157,Queens,Maspeth,260,Queens,Woodside,47,2.2,1.766,9.539,18.03,8,5534
177,Brooklyn,Ocean Hill,97,Brooklyn,Fort Greene,47,2.2,3.733,25.889,24.47,8,5534
177,Brooklyn,Ocean Hill,225,Brooklyn,Stuyvesant Heights,47,2.2,1.747,12.201,14.48,9,5534
195,Brooklyn,Red Hook,138,Queens,LaGuardia Airport,47,2.97,13.796,30.441,77.01,3,5534
210,Brooklyn,Sheepshead Bay,29,Brooklyn,Brighton Beach,47,5.69,1.831,11.806,13.21,2,5534
210,Brooklyn,Sheepshead Bay,149,Brooklyn,Madison,47,5.69,1.637,10.704,12.32,3,5534
227,Brooklyn,Sunset Park East,228,Brooklyn,Sunset Park West,47,7.19,1.327,10.041,12.09,1,5534
63,Brooklyn,Cypress Hills,36,Brooklyn,Bushwick North,46,3.25,3.18,20.183,19.82,2,5598
63,Brooklyn,Cypress Hills,61,Brooklyn,Crown Heights North,46,3.25,3.563,23.258,21.95,3,5598
95,Queens,Forest Hills,7,Queens,Astoria,46,2.0,6.725,36.987,28.39,10,5598
123,Brooklyn,Homecrest,165,Brooklyn,Midwood,46,6.18,1.837,12.5,13.24,2,5598
155,Brooklyn,Marine Park/Mill Basin,149,Brooklyn,Madison,46,4.83,1.868,13.042,14.52,4,5598
217,Brooklyn,South Williamsburg,26,Brooklyn,Borough Park,46,6.85,7.762,39.545,37.34,2,5598
247,Bronx,West Concourse,74,Manhattan,East Harlem North,46,2.59,2.97,18.277,19.24,3,5598
10,Queens,Baisley Park,170,Manhattan,Murray Hill,45,2.3,13.674,51.846,84.14,4,5665
12,Manhattan,Battery Park,170,Manhattan,Murray Hill,45,3.05,5.231,21.918,35.9,5,5665
62,Brooklyn,Crown Heights South,39,Brooklyn,Canarsie,45,2.33,4.288,25.999,25.24,9,5665
135,Queens,Kew Gardens Hills,95,Queens,Forest Hills,45,8.14,2.027,11.53,13.21,1,5665
167,Bronx,Morrisania/Melrose,159,Bronx,Melrose South,45,4.32,1.257,10.226,11.99,1,5665
177,Brooklyn,Ocean Hill,39,Brooklyn,Canarsie,45,2.1,3.573,19.644,21.2,10,5665
193,Queens,Queensbridge/Ravenswood,226,Queens,Sunnyside,45,2.63,2.355,14.197,15.32,3,5665
198,Queens,Ridgewood,7,Queens,Astoria,45,2.08,6.246,25.017,31.4,10,5665
223,Queens,Steinway,145,Queens,Long Island City/Hunters Point,45,2.02,3.516,17.927,24.18,7,5665
228,Brooklyn,Sunset Park West,37,Brooklyn,Bushwick South,45,2.27,7.179,33.807,37.57,5,5665
228,Brooklyn,Sunset Park West,61,Brooklyn,Crown Heights North,45,2.27,5.066,29.61,31.02,6,5665
12,Manhattan,Battery Park,231,Manhattan,TriBeCa/Civic Center,44,2.98,1.571,12.049,20.03,6,5731
62,Brooklyn,Crown Heights South,76,Brooklyn,East New York,44,2.28,4.353,27.266,24.35,10,5731
133,Brooklyn,Kensington,89,Brooklyn,Flatbush/Ditmas Park,44,4.54,1.188,10.436,12.57,1,5731
195,Brooklyn,Red Hook,132,Queens,JFK Airport,44,2.78,25.736,42.182,108.1,4,5731
12,Manhattan,Battery Park,87,Manhattan,Financial District North,43,2.91,0.675,6.546,14.93,7,5795
14,Brooklyn,Bay Ridge,227,Brooklyn,Sunset Park East,43,2.75,2.155,13.498,13.54,5,5795
63,Brooklyn,Cypress Hills,37,Brooklyn,Bushwick South,43,3.03,3.103,17.853,19.77,4,5795
69,Bronx,East Concourse/Concourse Village,41,Manhattan,Central Harlem,43,2.99,2.879,23.634,21.91,2,5795
92,Queens,Flushing,129,Queens,Jackson Heights,43,3.6,3.986,17.585,19.52,2,5795
127,Manhattan,Inwood,41,Manhattan,Central Harlem,43,2.67,5.075,18.693,22.94,8,5795
155,Brooklyn,Marine Park/Mill Basin,210,Brooklyn,Sheepshead Bay,43,4.51,2.548,12.769,15.79,5,5795
159,Bronx,Melrose South,75,Manhattan,East Harlem South,43,2.95,3.166,24.237,22.68,5,5795
159,Bronx,Melrose South,244,Manhattan,Washington Heights South,43,2.95,3.233,23.224,22.88,6,5795
160,Queens,Middle Village,132,Queens,JFK Airport,43,5.38,9.81,33.136,95.95,1,5795
10,Queens,Baisley Park,197,Queens,Richmond Hill,42,2.15,2.951,16.276,19.22,5,5877
28,Queens,Briarwood/Jamaica Hills,216,Queens,South Ozone Park,42,3.53,3.641,18.741,20.44,3,5877
63,Brooklyn,Cypress Hills,35,Brooklyn,Brownsville,42,2.96,2.565,17.045,17.12,5,5877
81,Bronx,Eastchester,254,Bronx,Williamsbridge/Olinville,42,6.9,1.402,7.771,10.98,1,5877
83,Queens,Elmhurst/Maspeth,226,Queens,Sunnyside,42,3.61,1.931,10.813,12.72,5,5877
85,Brooklyn,Erasmus,91,Brooklyn,Flatlands,42,2.63,2.401,15.807,16.79,9,5877
149,Brooklyn,Madison,155,Brooklyn,Marine Park/Mill Basin,42,7.58,2.196,13.715,14.11,1,5877
157,Queens,Maspeth,129,Queens,Jackson Heights,42,1.97,3.782,43.29,19.53,9,5877
165,Brooklyn,Midwood,91,Brooklyn,Flatlands,42,4.53,1.598,14.294,12.91,4,5877
169,Bronx,Mount Hope,42,Manhattan,Central Harlem North,42,3.65,3.767,18.614,20.15,1,5877
218,Queens,Springfield Gardens North,205,Queens,Saint Albans,42,5.59,1.712,9.302,11.02,2,5877
258,Queens,Woodhaven,82,Queens,Elmhurst,42,2.92,4.252,23.347,25.46,6,5877
63,Brooklyn,Cypress Hills,197,Queens,Richmond Hill,41,2.89,3.058,15.723,16.86,6,5951
69,Bronx,East Concourse/Concourse Village,244,Manhattan,Washington Heights South,41,2.86,2.519,19.083,19.93,3,5951
85,Brooklyn,Erasmus,181,Brooklyn,Park Slope,41,2.57,3.294,20.533,19.79,10,5951
123,Brooklyn,Homecrest,26,Brooklyn,Borough Park,41,5.51,2.774,21.487,19.77,3,5951
149,Brooklyn,Madison,165,Brooklyn,Midwood,41,7.4,1.544,12.151,13.27,2,5951
167,Bronx,Morrisania/Melrose,75,Manhattan,East Harlem South,41,3.93,4.524,40.977,27.04,2,5951
167,Bronx,Morrisania/Melrose,247,Bronx,West Concourse,41,3.93,1.944,14.022,13.38,3,5951
169,Bronx,Mount Hope,244,Manhattan,Washington Heights South,41,3.56,2.63,17.007,17.78,2,5951
189,Brooklyn,Prospect Heights,36,Brooklyn,Bushwick North,41,2.4,3.642,25.122,25.71,4,5951
196,Queens,Rego Park,82,Queens,Elmhurst,41,3.34,1.515,11.174,13.04,3,5951
247,Bronx,West Concourse,41,Manhattan,Central Harlem,41,2.31,2.389,16.086,17.97,4,5951
247,Bronx,West Concourse,75,Manhattan,East Harlem South,41,2.31,4.298,20.996,23.4,5,5951
254,Bronx,Williamsbridge/Olinville,174,Bronx,Norwood,41,3.92,1.77,13.772,13.5,1,5951
258,Queens,Woodhaven,198,Queens,Ridgewood,41,2.85,3.558,18.948,18.03,7,5951
22,Brooklyn,Bensonhurst West,26,Brooklyn,Borough Park,40,5.13,1.852,15.725,17.16,2,6032
22,Brooklyn,Bensonhurst West,228,Brooklyn,Sunset Park West,40,5.13,3.922,18.493,19.28,3,6032
40,Brooklyn,Carroll Gardens,195,Brooklyn,Red Hook,40,2.59,1.287,7.923,16.04,4,6032
40,Brooklyn,Carroll Gardens,231,Manhattan,TriBeCa/Civic Center,40,2.59,3.527,21.413,30.25,5,6032
77,Brooklyn,East New York/Pennsylvania Avenue,35,Brooklyn,Brownsville,40,3.39,1.094,8.255,10.54,4,6032
121,Queens,Hillcrest/Pomonok,95,Queens,Forest Hills,40,6.2,2.875,14.115,15.02,1,6032
122,Queens,Hollis,130,Queens,Jamaica,40,9.8,2.246,12.585,13.78,1,6032
123,Brooklyn,Homecrest,29,Brooklyn,Brighton Beach,40,5.38,1.819,12.859,12.61,4,6032
157,Queens,Maspeth,7,Queens,Astoria,40,1.88,4.15,18.581,22.94,10,6032
173,Queens,North Corona,56,Queens,Corona,40,5.47,1.342,9.188,9.53,2,6032
173,Queens,North Corona,82,Queens,Elmhurst,40,5.47,1.597,10.643,11.67,3,6032
189,Brooklyn,Prospect Heights,188,Brooklyn,Prospect-Lefferts Gardens,40,2.34,1.994,13.036,14.57,5,6032
12,Manhattan,Battery Park,68,Manhattan,East Chelsea,39,2.64,3.823,22.132,31.0,8,6105
40,Brooklyn,Carroll Gardens,25,Brooklyn,Boerum Hill,39,2.52,1.039,10.557,14.48,6,6105
52,Brooklyn,Cobble Hill,231,Manhattan,TriBeCa/Civic Center,39,2.58,3.257,16.025,25.37,3,6105
67,Brooklyn,Dyker Heights,14,Brooklyn,Bay Ridge,39,9.42,1.549,11.375,14.04,1,6105
69,Bronx,East Concourse/Concourse Village,75,Manhattan,East Harlem South,39,2.72,4.557,25.653,23.88,4,6105
127,Manhattan,Inwood,48,Manhattan,Clinton East,39,2.42,9.115,25.3,37.26,9,6105
127,Manhattan,Inwood,239,Manhattan,Upper West Side South,39,2.42,7.392,21.438,31.0,10,6105
189,Brooklyn,Prospect Heights,97,Brooklyn,Fort Greene,39,2.28,1.249,36.67,14.1,6,6105
189,Brooklyn,Prospect Heights,225,Brooklyn,Stuyvesant Heights,39,2.28,2.585,16.221,19.06,7,6105
193,Queens,Queensbridge/Ravenswood,223,Queens,Steinway,39,2.28,2.461,15.154,17.1,4,6105
223,Queens,Steinway,82,Queens,Elmhurst,39,1.75,3.998,18.58,21.68,8,6105
228,Brooklyn,Sunset Park West,25,Brooklyn,Boerum Hill,39,1.97,3.061,22.71,22.04,7,6105
258,Queens,Woodhaven,63,Brooklyn,Cypress Hills,39,2.71,1.447,9.046,11.7,8,6105
12,Manhattan,Battery Park,88,Manhattan,Financial District South,38,2.57,0.346,3.972,17.67,9,6191
12,Manhattan,Battery Park,100,Manhattan,Garment District,38,2.57,5.252,27.307,36.17,10,6191
14,Brooklyn,Bay Ridge,55,Brooklyn,Coney Island,38,2.43,6.517,23.105,27.71,6,6191
40,Brooklyn,Carroll Gardens,13,Manhattan,Battery Park City,38,2.46,3.082,12.985,29.13,7,6191
55,Brooklyn,Coney Island,14,Brooklyn,Bay Ridge,38,3.69,6.553,24.429,24.01,1,6191
121,Queens,Hillcrest/Pomonok,130,Queens,Jamaica,38,5.89,2.169,14.221,14.97,2,6191
134,Queens,Kew Gardens,95,Queens,Forest Hills,38,3.57,1.888,12.399,12.25,4,6191
159,Bronx,Melrose South,69,Bronx,East Concourse/Concourse Village,38,2.6,1.25,10.504,13.05,7,6191
165,Brooklyn,Midwood,210,Brooklyn,Sheepshead Bay,38,4.1,2.518,14.674,14.6,5,6191
167,Bronx,Morrisania/Melrose,168,Bronx,Mott Haven/Port Morris,38,3.65,1.788,11.871,13.17,4,6191
191,Queens,Queens Village,205,Queens,Saint Albans,38,4.35,2.485,11.679,14.58,2,6191
210,Brooklyn,Sheepshead Bay,123,Brooklyn,Homecrest,38,4.6,1.657,12.992,13.82,4,6191
210,Brooklyn,Sheepshead Bay,165,Brooklyn,Midwood,38,4.6,2.704,17.205,16.94,5,6191
227,Brooklyn,Sunset Park East,14,Brooklyn,Bay Ridge,38,5.81,2.404,15.032,15.8,2,6191
247,Bronx,West Concourse,119,Bronx,Highbridge,38,2.14,1.243,8.152,11.87,6,6191
247,Bronx,West Concourse,168,Bronx,Mott Haven/Port Morris,38,2.14,1.966,12.634,14.6,7,6191
257,Brooklyn,Windsor Terrace,181,Brooklyn,Park Slope,38,6.41,1.883,11.386,14.17,1,6191
14,Brooklyn,Bay Ridge,26,Brooklyn,Borough Park,37,2.37,2.862,19.515,19.77,7,6282
18,Bronx,Bedford Park,244,Manhattan,Washington Heights South,37,4.12,4.888,25.584,24.76,1,6282
22,Brooklyn,Bensonhurst West,21,Brooklyn,Bensonhurst East,37,4.75,1.351,9.315,10.57,4,6282
28,Queens,Briarwood/Jamaica Hills,197,Queens,Richmond Hill,37,3.11,2.004,11.527,20.73,4,6282
52,Brooklyn,Cobble Hill,61,Brooklyn,Crown Heights North,37,2.45,3.218,21.576,25.1,4,6282
56,Queens,Corona,226,Queens,Sunnyside,37,3.21,4.535,17.735,24.29,4,6282
63,Brooklyn,Cypress Hills,258,Queens,Woodhaven,37,2.61,1.466,8.223,10.58,7,6282
69,Bronx,East Concourse/Concourse Village,169,Bronx,Mount Hope,37,2.58,1.765,11.613,13.24,5,6282
78,Bronx,East Tremont,41,Manhattan,Central Harlem,37,3.82,6.503,34.779,29.55,1,6282
78,Bronx,East Tremont,69,Bronx,East Concourse/Concourse Village,37,3.82,2.598,16.927,18.28,2,6282
134,Queens,Kew Gardens,130,Queens,Jamaica,37,3.48,1.844,12.158,13.62,5,6282
180,Queens,Ozone Park,124,Queens,Howard Beach,37,5.87,1.521,8.318,16.47,2,6282
182,Bronx,Parkchester,42,Manhattan,Central Harlem North,37,3.73,6.583,30.172,30.87,1,6282
213,Bronx,Soundview/Castle Hill,168,Bronx,Mott Haven/Port Morris,37,3.04,4.493,17.292,20.64,1,6282
254,Bronx,Williamsbridge/Olinville,51,Bronx,Co-Op City,37,3.53,2.479,15.738,16.23,2,6282
10,Queens,Baisley Park,76,Brooklyn,East New York,36,1.84,5.655,19.858,22.85,6,6373
10,Queens,Baisley Park,205,Queens,Saint Albans,36,1.84,2.359,11.475,15.33,7,6373
10,Queens,Baisley Park,218,Queens,Springfield Gardens North,36,1.84,1.459,9.833,13.22,8,6373
26,Brooklyn,Borough Park,14,Brooklyn,Bay Ridge,36,3.67,2.887,20.025,17.12,4,6373
55,Brooklyn,Coney Island,76,Brooklyn,East New York,36,3.5,10.478,38.919,38.42,2,6373
69,Bronx,East Concourse/Concourse Village,168,Bronx,Mott Haven/Port Morris,36,2.51,2.149,13.524,15.07,6,6373
92,Queens,Flushing,171,Queens,Murray Hill-Queens,36,3.02,1.263,7.87,10.4,3,6373
106,Brooklyn,Gowanus,61,Brooklyn,Crown Heights North,36,3.22,2.863,20.64,19.69,2,6373
124,Queens,Howard Beach,76,Brooklyn,East New York,36,6.5,2.456,12.549,15.04,1,6373
133,Brooklyn,Kensington,181,Brooklyn,Park Slope,36,3.71,2.484,13.813,16.29,2,6373
159,Bronx,Melrose South,116,Manhattan,Hamilton Heights,36,2.47,2.354,18.833,18.39,8,6373
160,Queens,Middle Village,82,Queens,Elmhurst,36,4.5,1.909,11.22,13.98,2,6373
169,Bronx,Mount Hope,69,Bronx,East Concourse/Concourse Village,36,3.13,1.824,12.941,12.55,3,6373
169,Bronx,Mount Hope,168,Bronx,Mott Haven/Port Morris,36,3.13,3.942,17.91,21.28,4,6373
189,Brooklyn,Prospect Heights,37,Brooklyn,Bushwick South,36,2.11,3.569,22.263,25.89,8,6373
193,Queens,Queensbridge/Ravenswood,179,Queens,Old Astoria,36,2.11,1.713,9.194,13.35,5,6373
196,Queens,Rego Park,129,Queens,Jackson Heights,36,2.93,3.095,18.286,18.72,4,6373
247,Bronx,West Concourse,159,Bronx,Melrose South,36,2.03,1.584,11.676,13.76,8,6373
14,Brooklyn,Bay Ridge,21,Brooklyn,Bensonhurst East,35,2.24,4.027,18.2,18.52,8,6473
26,Brooklyn,Borough Park,133,Brooklyn,Kensington,35,3.56,1.498,12.482,12.09,5,6473
26,Brooklyn,Borough Park,227,Brooklyn,Sunset Park East,35,3.56,1.529,14.313,13.97,6,6473
52,Brooklyn,Cobble Hill,162,Manhattan,Midtown East,35,2.31,7.486,30.892,45.21,5,6473
55,Brooklyn,Coney Island,210,Brooklyn,Sheepshead Bay,35,3.4,3.141,16.974,16.7,3,6473
56,Queens,Corona,7,Queens,Astoria,35,3.04,6.182,23.337,27.17,5,6473
69,Bronx,East Concourse/Concourse Village,159,Bronx,Melrose South,35,2.44,1.373,11.007,11.66,7,6473
77,Brooklyn,East New York/Pennsylvania Avenue,39,Brooklyn,Canarsie,35,2.96,2.415,14.944,15.59,5,6473
106,Brooklyn,Gowanus,14,Brooklyn,Bay Ridge,35,3.13,4.416,17.153,23.26,3,6473
123,Brooklyn,Homecrest,21,Brooklyn,Bensonhurst East,35,4.7,1.311,11.154,12.61,5,6473
155,Brooklyn,Marine Park/Mill Basin,61,Brooklyn,Crown Heights North,35,3.67,4.961,32.619,26.12,6,6473
189,Brooklyn,Prospect Heights,33,Brooklyn,Brooklyn Heights,35,2.05,2.139,20.788,21.4,9,6473
189,Brooklyn,Prospect Heights,89,Brooklyn,Flatbush/Ditmas Park,35,2.05,2.862,16.71,20.23,10,6473
191,Queens,Queens Village,131,Queens,Jamaica Estates,35,4.0,2.285,9.996,12.87,3,6473
195,Brooklyn,Red Hook,61,Brooklyn,Crown Heights North,35,2.21,5.08,31.063,28.62,5,6473
195,Brooklyn,Red Hook,79,Manhattan,East Village,35,2.21,6.237,24.448,41.56,6,6473
212,Bronx,Soundview/Bruckner,74,Manhattan,East Harlem North,35,3.9,5.261,19.404,25.48,1,6473
223,Queens,Steinway,75,Manhattan,East Harlem South,35,1.57,5.38,21.71,37.76,9,6473
228,Brooklyn,Sunset Park West,26,Brooklyn,Borough Park,35,1.77,2.13,14.192,12.81,8,6473
228,Brooklyn,Sunset Park West,137,Manhattan,Kips Bay,35,1.77,9.426,31.668,51.86,9,6473
10,Queens,Baisley Park,95,Queens,Forest Hills,34,1.74,5.211,24.903,27.93,9,6578
10,Queens,Baisley Park,132,Queens,JFK Airport,34,1.74,5.251,20.75,58.5,10,6578
14,Brooklyn,Bay Ridge,61,Brooklyn,Crown Heights North,34,2.18,8.528,51.336,38.84,9,6578
26,Brooklyn,Borough Park,123,Brooklyn,Homecrest,34,3.46,3.127,22.99,19.96,7,6578
51,Bronx,Co-Op City,81,Bronx,Eastchester,34,3.12,1.679,10.611,11.75,1,6578
51,Bronx,Co-Op City,168,Bronx,Mott Haven/Port Morris,34,3.12,8.834,24.226,32.45,2,6578
52,Brooklyn,Cobble Hill,66,Brooklyn,DUMBO/Vinegar Hill,34,2.25,1.365,11.279,15.08,6,6578
52,Brooklyn,Cobble Hill,161,Manhattan,Midtown Center,34,2.25,7.528,32.33,42.56,7,6578
55,Brooklyn,Coney Island,29,Brooklyn,Brighton Beach,34,3.3,1.636,10.351,12.63,4,6578
69,Bronx,East Concourse/Concourse Village,247,Bronx,West Concourse,34,2.37,1.206,9.89,10.98,8,6578
77,Brooklyn,East New York/Pennsylvania Avenue,72,Brooklyn,East Flatbush/Remsen Village,34,2.88,1.938,13.399,14.46,6,6578
92,Queens,Flushing,82,Queens,Elmhurst,34,2.85,4.816,21.172,20.76,4,6578
102,Queens,Glendale,36,Brooklyn,Bushwick North,34,4.78,2.323,14.846,15.76,2,6578
106,Brooklyn,Gowanus,188,Brooklyn,Prospect-Lefferts Gardens,34,3.04,2.83,21.332,19.76,4,6578
149,Brooklyn,Madison,123,Brooklyn,Homecrest,34,6.14,1.485,13.522,13.79,3,6578
155,Brooklyn,Marine Park/Mill Basin,55,Brooklyn,Coney Island,34,3.57,6.646,24.586,30.26,7,6578
159,Bronx,Melrose South,167,Bronx,Morrisania/Melrose,34,2.33,1.116,8.264,10.9,9,6578
193,Queens,Queensbridge/Ravenswood,75,Manhattan,East Harlem South,34,1.99,4.803,24.234,31.39,6,6578
213,Bronx,Soundview/Castle Hill,75,Manhattan,East Harlem South,34,2.79,6.439,29.685,32.0,2,6578
213,Bronx,Soundview/Castle Hill,159,Bronx,Melrose South,34,2.79,3.576,18.327,23.1,3,6578
215,Queens,South Jamaica,218,Queens,Springfield Gardens North,34,2.23,2.208,10.87,14.82,4,6578
220,Bronx,Spuyten Duyvil/Kingsbridge,244,Manhattan,Washington Heights South,34,5.08,4.76,22.56,25.99,1,6578
227,Brooklyn,Sunset Park East,181,Brooklyn,Park Slope,34,5.2,2.55,16.297,16.27,3,6578
228,Brooklyn,Sunset Park West,22,Brooklyn,Bensonhurst West,34,1.72,3.917,19.505,22.69,10,6578
235,Bronx,University Heights/Morris Heights,168,Bronx,Mott Haven/Port Morris,34,3.46,3.83,16.105,19.78,2,6578
247,Bronx,West Concourse,167,Bronx,Morrisania/Melrose,34,1.92,1.844,11.669,16.46,9,6578
250,Bronx,Westchester Village/Unionport,213,Bronx,Soundview/Castle Hill,34,4.3,1.42,7.492,10.99,1,6578
258,Queens,Woodhaven,129,Queens,Jackson Heights,34,2.36,7.209,27.2,31.91,9,6578
21,Brooklyn,Bensonhurst East,22,Brooklyn,Bensonhurst West,33,5.69,1.132,12.385,14.0,1,6696
29,Brooklyn,Brighton Beach,55,Brooklyn,Coney Island,33,6.16,1.683,11.988,13.24,2,6696
51,Bronx,Co-Op City,42,Manhattan,Central Harlem North,33,3.02,10.195,36.767,42.58,3,6696
63,Brooklyn,Cypress Hills,216,Queens,South Ozone Park,33,2.33,3.593,16.488,18.8,8,6696
69,Bronx,East Concourse/Concourse Village,242,Bronx,Van Nest/Morris Park,33,2.3,6.079,27.891,25.88,9,6696
108,Brooklyn,Gravesend,55,Brooklyn,Coney Island,33,6.98,1.448,9.753,11.53,1,6696
165,Brooklyn,Midwood,155,Brooklyn,Marine Park/Mill Basin,33,3.56,2.619,17.698,17.25,6,6696
169,Bronx,Mount Hope,18,Bronx,Bedford Park,33,2.86,1.638,10.954,11.27,5,6696
171,Queens,Murray Hill-Queens,92,Queens,Flushing,33,10.15,1.266,8.779,10.41,1,6696
173,Queens,North Corona,7,Queens,Astoria,33,4.51,4.511,22.543,20.99,4,6696
195,Brooklyn,Red Hook,33,Brooklyn,Brooklyn Heights,33,2.08,2.06,16.128,15.95,7,6696
205,Queens,Saint Albans,191,Queens,Queens Village,33,2.96,2.385,11.846,13.34,2,6696
213,Bronx,Soundview/Castle Hill,250,Bronx,Westchester Village/Unionport,33,2.71,1.589,10.245,10.56,4,6696
215,Queens,South Jamaica,76,Brooklyn,East New York,33,2.16,6.524,28.617,27.87,5,6696
215,Queens,South Jamaica,82,Queens,Elmhurst,33,2.16,6.689,29.084,32.48,6,6696
219,Queens,Springfield Gardens South,132,Queens,JFK Airport,33,3.64,2.305,9.11,90.91,2,6696
227,Brooklyn,Sunset Park East,26,Brooklyn,Borough Park,33,5.05,1.366,13.08,13.02,4,6696
254,Bronx,Williamsbridge/Olinville,168,Bronx,Mott Haven/Port Morris,33,3.15,7.935,24.87,31.52,3,6696
254,Bronx,Williamsbridge/Olinville,242,Bronx,Van Nest/Morris Park,33,3.15,3.91,20.565,22.03,4,6696
258,Queens,Woodhaven,37,Brooklyn,Bushwick South,33,2.29,4.864,28.872,25.07,10,6696
259,Bronx,Woodlawn/Wakefield,254,Bronx,Williamsbridge/Olinville,33,5.6,1.572,9.075,11.94,1,6696
11,Brooklyn,Bath Beach,14,Brooklyn,Bay Ridge,32,11.19,2.348,12.845,15.64,1,6822
21,Brooklyn,Bensonhurst East,14,Brooklyn,Bay Ridge,32,5.52,3.825,20.045,19.39,2,6822
21,Brooklyn,Bensonhurst East,123,Brooklyn,Homecrest,32,5.52,1.356,11.323,12.24,3,6822
22,Brooklyn,Bensonhurst West,227,Brooklyn,Sunset Park East,32,4.11,2.632,18.208,18.74,5,6822
28,Queens,Briarwood/Jamaica Hills,132,Queens,JFK Airport,32,2.69,5.823,16.646,82.97,5,6822
51,Bronx,Co-Op City,140,Manhattan,Lenox Hill East,32,2.93,11.692,46.615,44.62,4,6822
52,Brooklyn,Cobble Hill,170,Manhattan,Murray Hill,32,2.12,6.649,26.897,36.33,8,6822
77,Brooklyn,East New York/Pennsylvania Avenue,177,Brooklyn,Ocean Hill,32,2.71,1.65,12.37,12.22,7,6822
78,Bronx,East Tremont,169,Bronx,Mount Hope,32,3.31,1.569,11.635,13.57,3,6822
92,Queens,Flushing,7,Queens,Astoria,32,2.68,5.957,19.971,25.05,5,6822
117,Queens,Hammels/Arverne,76,Brooklyn,East New York,32,5.32,10.069,34.962,41.0,2,6822
123,Brooklyn,Homecrest,55,Brooklyn,Coney Island,32,4.3,2.388,14.634,13.61,6,6822
155,Brooklyn,Marine Park/Mill Basin,72,Brooklyn,East Flatbush/Remsen Village,32,3.36,2.804,18.131,18.08,8,6822
155,Brooklyn,Marine Park/Mill Basin,76,Brooklyn,East New York,32,3.36,5.36,25.496,25.87,9,6822
159,Bronx,Melrose South,213,Bronx,Soundview/Castle Hill,32,2.19,3.704,16.817,20.83,10,6822
193,Queens,Queensbridge/Ravenswood,140,Manhattan,Lenox Hill East,32,1.87,2.767,17.066,22.64,7,6822
193,Queens,Queensbridge/Ravenswood,146,Queens,Long Island City/Queens Plaza,32,1.87,0.885,6.096,11.66,8,6822
193,Queens,Queensbridge/Ravenswood,161,Manhattan,Midtown Center,32,1.87,2.973,24.529,28.3,9,6822
195,Brooklyn,Red Hook,25,Brooklyn,Boerum Hill,32,2.02,2.306,16.304,25.16,8,6822
195,Brooklyn,Red Hook,65,Brooklyn,Downtown Brooklyn/MetroTech,32,2.02,2.586,21.902,23.15,9,6822
196,Queens,Rego Park,226,Queens,Sunnyside,32,2.61,4.456,18.302,23.66,5,6822
213,Bronx,Soundview/Castle Hill,42,Manhattan,Central Harlem North,32,2.63,5.708,26.829,30.04,5,6822
213,Bronx,Soundview/Castle Hill,74,Manhattan,East Harlem North,32,2.63,5.591,23.185,27.08,6,6822
213,Bronx,Soundview/Castle Hill,174,Bronx,Norwood,32,2.63,4.947,22.846,24.33,7,6822
247,Bronx,West Concourse,174,Bronx,Norwood,32,1.8,5.306,24.208,28.1,10,6822
18,Bronx,Bedford Park,243,Manhattan,Washington Heights North,31,3.45,3.97,20.869,23.11,2,6947
40,Brooklyn,Carroll Gardens,79,Manhattan,East Village,31,2.01,4.783,24.311,33.36,8,6947
47,Bronx,Claremont/Bathgate,159,Bronx,Melrose South,31,4.07,2.054,12.667,14.96,1,6947
51,Bronx,Co-Op City,174,Bronx,Norwood,31,2.84,3.411,26.584,20.97,5,6947
53,Queens,College Point,92,Queens,Flushing,31,8.64,1.969,13.103,15.45,1,6947
56,Queens,Corona,130,Queens,Jamaica,31,2.69,5.366,21.985,22.87,6,6947
78,Bronx,East Tremont,75,Manhattan,East Harlem South,31,3.2,6.416,36.816,33.09,4,6947
83,Queens,Elmhurst/Maspeth,7,Queens,Astoria,31,2.67,2.943,15.273,17.38,6,6947
149,Brooklyn,Madison,210,Brooklyn,Sheepshead Bay,31,5.6,1.627,10.048,11.7,4,6947
169,Bronx,Mount Hope,51,Bronx,Co-Op City,31,2.69,7.95,24.249,28.83,6,6947
169,Bronx,Mount Hope,247,Bronx,West Concourse,31,2.69,2.126,12.885,14.18,7,6947
196,Queens,Rego Park,130,Queens,Jamaica,31,2.52,5.02,19.61,23.32,6,6947
205,Queens,Saint Albans,215,Queens,South Jamaica,31,2.78,2.201,10.898,12.52,3,6947
210,Brooklyn,Sheepshead Bay,150,Brooklyn,Manhattan Beach,31,3.75,1.407,8.287,11.87,6,6947
215,Queens,South Jamaica,197,Queens,Richmond Hill,31,2.03,2.235,14.558,16.32,7,6947
235,Bronx,University Heights/Morris Heights,243,Manhattan,Washington Heights North,31,3.15,1.773,14.308,16.1,3,6947
21,Brooklyn,Bensonhurst East,55,Brooklyn,Coney Island,30,5.17,1.984,14.511,15.86,4,7061
21,Brooklyn,Bensonhurst East,210,Brooklyn,Sheepshead Bay,30,5.17,3.204,17.356,18.28,5,7061
40,Brooklyn,Carroll Gardens,49,Brooklyn,Clinton Hill,30,1.94,2.46,17.489,20.63,9,7061
51,Bronx,Co-Op City,242,Bronx,Van Nest/Morris Park,30,2.75,3.76,20.684,20.98,6,7061
52,Brooklyn,Cobble Hill,255,Brooklyn,Williamsburg (North Side),30,1.98,4.381,24.014,28.65,9,7061
55,Brooklyn,Coney Island,108,Brooklyn,Gravesend,30,2.91,1.44,10.25,11.23,5,7061
69,Bronx,East Concourse/Concourse Village,74,Manhattan,East Harlem North,30,2.09,2.891,18.932,20.87,10,7061
77,Brooklyn,East New York/Pennsylvania Avenue,89,Brooklyn,Flatbush/Ditmas Park,30,2.54,5.044,27.552,22.57,8,7061
93,Queens,Flushing Meadows-Corona Park,230,Manhattan,Times Sq/Theatre District,30,2.8,10.057,31.5,76.07,2,7061
123,Brooklyn,Homecrest,22,Brooklyn,Bensonhurst West,30,4.03,2.614,17.09,16.04,7,7061
133,Brooklyn,Kensington,26,Brooklyn,Borough Park,30,3.09,1.477,15.376,13.62,3,7061
139,Queens,Laurelton,130,Queens,Jamaica,30,7.28,4.093,18.588,22.38,1,7061
155,Brooklyn,Marine Park/Mill Basin,71,Brooklyn,East Flatbush/Farragut,30,3.15,2.423,17.099,19.01,10,7061
167,Bronx,Morrisania/Melrose,244,Manhattan,Washington Heights South,30,2.88,4.162,28.273,21.82,5,7061
180,Queens,Ozone Park,197,Queens,Richmond Hill,30,4.76,1.943,10.996,12.85,3,7061
182,Bronx,Parkchester,41,Manhattan,Central Harlem,30,3.03,7.364,34.794,35.5,2,7061
182,Bronx,Parkchester,74,Manhattan,East Harlem North,30,3.03,6.9,30.987,31.45,3,7061
191,Queens,Queens Village,216,Queens,South Ozone Park,30,3.43,8.104,24.753,30.03,4,7061
195,Brooklyn,Red Hook,230,Manhattan,Times Sq/Theatre District,30,1.89,8.966,35.984,64.53,10,7061
213,Bronx,Soundview/Castle Hill,126,Bronx,Hunts Point,30,2.47,2.44,9.897,12.77,8,7061
215,Queens,South Jamaica,10,Queens,Baisley Park,30,1.96,1.509,8.106,14.05,8,7061
215,Queens,South Jamaica,191,Queens,Queens Village,30,1.96,3.635,18.811,19.09,9,7061
18,Bronx,Bedford Park,69,Bronx,East Concourse/Concourse Village,29,3.23,3.308,16.395,18.7,3,7204
40,Brooklyn,Carroll Gardens,112,Brooklyn,Greenpoint,29,1.88,5.69,23.844,30.15,10,7204
47,Bronx,Claremont/Bathgate,169,Bronx,Mount Hope,29,3.81,1.224,9.225,9.89,2,7204
47,Bronx,Claremont/Bathgate,247,Bronx,West Concourse,29,3.81,1.83,13.014,13.68,3,7204
63,Brooklyn,Cypress Hills,198,Queens,Ridgewood,29,2.05,2.824,15.23,17.72,9,7204
102,Queens,Glendale,258,Queens,Woodhaven,29,4.08,2.077,11.085,13.08,3,7204
106,Brooklyn,Gowanus,25,Brooklyn,Boerum Hill,29,2.6,1.089,9.489,12.86,5,7204
124,Queens,Howard Beach,216,Queens,South Ozone Park,29,5.23,1.982,7.665,45.76,2,7204
160,Queens,Middle Village,95,Queens,Forest Hills,29,3.63,2.244,11.654,13.93,3,7204
165,Brooklyn,Midwood,188,Brooklyn,Prospect-Lefferts Gardens,29,3.13,3.846,27.229,21.81,7,7204
169,Bronx,Mount Hope,235,Bronx,University Heights/Morris Heights,29,2.52,1.126,10.459,12.03,8,7204
180,Queens,Ozone Park,132,Queens,JFK Airport,29,4.6,4.777,12.642,72.88,4,7204
182,Bronx,Parkchester,213,Bronx,Soundview/Castle Hill,29,2.93,1.586,10.568,12.0,4,7204
205,Queens,Saint Albans,10,Queens,Baisley Park,29,2.6,2.173,9.808,11.51,4,7204
212,Bronx,Soundview/Bruckner,244,Manhattan,Washington Heights South,29,3.23,5.734,28.482,30.66,2,7204
213,Bronx,Soundview/Castle Hill,212,Bronx,Soundview/Bruckner,29,2.38,1.522,8.339,11.12,9,7204
215,Queens,South Jamaica,28,Queens,Briarwood/Jamaica Hills,29,1.9,1.891,15.305,15.21,10,7204
218,Queens,Springfield Gardens North,76,Brooklyn,East New York,29,3.86,5.702,61.625,25.46,3,7204
223,Queens,Steinway,37,Brooklyn,Bushwick South,29,1.3,8.664,27.871,39.46,10,7204
38,Queens,Cambria Heights,130,Queens,Jamaica,28,8.36,4.659,20.526,25.06,1,7341
51,Bronx,Co-Op City,254,Bronx,Williamsbridge/Olinville,28,2.57,2.583,13.79,15.48,7,7341
52,Brooklyn,Cobble Hill,25,Brooklyn,Boerum Hill,28,1.85,0.893,10.212,14.96,10,7341
55,Brooklyn,Coney Island,228,Brooklyn,Sunset Park West,28,2.72,7.947,28.555,29.34,6,7341
63,Brooklyn,Cypress Hills,17,Brooklyn,Bedford,28,1.98,4.058,25.469,24.53,10,7341
78,Bronx,East Tremont,168,Bronx,Mott Haven/Port Morris,28,2.89,4.619,18.003,19.84,5,7341
92,Queens,Flushing,95,Queens,Forest Hills,28,2.35,3.88,14.832,16.83,6,7341
106,Brooklyn,Gowanus,228,Brooklyn,Sunset Park West,28,2.51,2.229,11.94,16.26,6,7341
119,Bronx,Highbridge,42,Manhattan,Central Harlem North,28,3.47,2.302,14.84,15.88,1,7341
123,Brooklyn,Homecrest,89,Brooklyn,Flatbush/Ditmas Park,28,3.76,2.735,19.424,18.26,8,7341
123,Brooklyn,Homecrest,149,Brooklyn,Madison,28,3.76,1.225,10.064,10.91,9,7341
123,Brooklyn,Homecrest,178,Brooklyn,Ocean Parkway South,28,3.76,1.231,9.677,12.13,10,7341
133,Brooklyn,Kensington,61,Brooklyn,Crown Heights North,28,2.89,4.356,27.352,24.74,4,7341
136,Bronx,Kingsbridge Heights,244,Manhattan,Washington Heights South,28,4.99,3.504,19.338,20.6,1,7341
165,Brooklyn,Midwood,29,Brooklyn,Brighton Beach,28,3.02,3.154,22.437,20.5,8,7341
165,Brooklyn,Midwood,61,Brooklyn,Crown Heights North,28,3.02,4.547,29.655,28.87,9,7341
174,Bronx,Norwood,18,Bronx,Bedford Park,28,3.73,1.38,9.352,11.42,1,7341
174,Bronx,Norwood,244,Manhattan,Washington Heights South,28,3.73,7.357,25.321,31.08,2,7341
174,Bronx,Norwood,254,Bronx,Williamsbridge/Olinville,28,3.73,1.736,11.248,12.52,3,7341
182,Bronx,Parkchester,140,Manhattan,Lenox Hill East,28,2.83,8.765,31.579,41.98,5,7341
196,Queens,Rego Park,28,Queens,Briarwood/Jamaica Hills,28,2.28,3.754,17.461,17.85,7,7341
196,Queens,Rego Park,197,Queens,Richmond Hill,28,2.28,4.38,45.583,23.94,8,7341
210,Brooklyn,Sheepshead Bay,91,Brooklyn,Flatlands,28,3.39,3.043,17.765,17.54,7,7341
213,Bronx,Soundview/Castle Hill,242,Bronx,Van Nest/Morris Park,28,2.3,4.082,21.689,22.16,10,7341
219,Queens,Springfield Gardens South,216,Queens,South Ozone Park,28,3.09,3.479,12.757,20.19,3,7341
222,Brooklyn,Starrett City,39,Brooklyn,Canarsie,28,3.93,1.764,16.439,15.77,2,7341
227,Brooklyn,Sunset Park East,89,Brooklyn,Flatbush/Ditmas Park,28,4.28,2.805,21.885,21.61,5,7341
248,Bronx,West Farms/Bronx River,242,Bronx,Van Nest/Morris Park,28,3.42,2.314,14.696,14.57,1,7341
14,Brooklyn,Bay Ridge,210,Brooklyn,Sheepshead Bay,27,1.73,8.196,24.191,31.6,10,7499
22,Brooklyn,Bensonhurst West,123,Brooklyn,Homecrest,27,3.47,2.335,14.689,17.3,6,7499
26,Brooklyn,Borough Park,17,Brooklyn,Bedford,27,2.75,7.206,43.148,39.19,8,7499
26,Brooklyn,Borough Park,228,Brooklyn,Sunset Park West,27,2.75,2.369,17.689,16.01,9,7499
47,Bronx,Claremont/Bathgate,168,Bronx,Mott Haven/Port Morris,27,3.54,3.007,14.712,15.55,4,7499
55,Brooklyn,Coney Island,39,Brooklyn,Canarsie,27,2.62,8.783,32.395,32.93,7,7499
55,Brooklyn,Coney Island,123,Brooklyn,Homecrest,27,2.62,2.823,17.738,19.03,8,7499
67,Brooklyn,Dyker Heights,22,Brooklyn,Bensonhurst West,27,6.52,1.357,9.693,11.27,2,7499
67,Brooklyn,Dyker Heights,228,Brooklyn,Sunset Park West,27,6.52,2.812,14.963,14.91,3,7499
77,Brooklyn,East New York/Pennsylvania Avenue,63,Brooklyn,Cypress Hills,27,2.29,1.91,13.052,14.28,9,7499
92,Queens,Flushing,53,Queens,College Point,27,2.26,1.964,10.642,13.36,7,7499
106,Brooklyn,Gowanus,37,Brooklyn,Bushwick South,27,2.42,4.58,29.763,30.01,7,7499
119,Bronx,Highbridge,41,Manhattan,Central Harlem,27,3.35,3.171,20.208,23.15,2,7499
121,Queens,Hillcrest/Pomonok,226,Queens,Sunnyside,27,4.19,8.177,25.525,35.82,3,7499
149,Brooklyn,Madison,29,Brooklyn,Brighton Beach,27,4.87,2.501,15.708,16.41,5,7499
149,Brooklyn,Madison,91,Brooklyn,Flatlands,27,4.87,1.91,11.883,14.03,6,7499
165,Brooklyn,Midwood,149,Brooklyn,Madison,27,2.91,1.806,13.886,13.68,10,7499
167,Bronx,Morrisania/Melrose,41,Manhattan,Central Harlem,27,2.59,3.724,31.038,23.16,6,7499
167,Bronx,Morrisania/Melrose,74,Manhattan,East Harlem North,27,2.59,3.073,19.04,22.07,7,7499
169,Bronx,Mount Hope,78,Bronx,East Tremont,27,2.34,1.466,12.019,12.12,9,7499
169,Bronx,Mount Hope,127,Manhattan,Inwood,27,2.34,2.554,15.178,17.53,10,7499
193,Queens,Queensbridge/Ravenswood,230,Manhattan,Times Sq/Theatre District,27,1.58,3.52,27.846,32.77,10,7499
205,Queens,Saint Albans,216,Queens,South Ozone Park,27,2.42,4.137,18.765,21.42,5,7499
205,Queens,Saint Albans,219,Queens,Springfield Gardens South,27,2.42,2.556,14.501,14.31,6,7499
218,Queens,Springfield Gardens North,10,Queens,Baisley Park,27,3.6,1.444,10.854,14.07,4,7499
242,Bronx,Van Nest/Morris Park,174,Bronx,Norwood,27,3.95,3.903,21.833,22.53,1,7499
259,Bronx,Woodlawn/Wakefield,51,Bronx,Co-Op City,27,4.58,2.604,14.081,16.54,2,7499
18,Bronx,Bedford Park,174,Bronx,Norwood,26,2.89,1.22,8.822,12.67,4,7658
21,Brooklyn,Bensonhurst East,26,Brooklyn,Borough Park,26,4.48,2.34,17.351,15.49,6,7658
22,Brooklyn,Bensonhurst West,55,Brooklyn,Coney Island,26,3.34,2.841,16.528,18.55,7,7658
22,Brooklyn,Bensonhurst West,89,Brooklyn,Flatbush/Ditmas Park,26,3.34,3.202,23.088,19.4,8,7658
28,Queens,Briarwood/Jamaica Hills,129,Queens,Jackson Heights,26,2.18,7.531,22.526,26.99,6,7658
51,Bronx,Co-Op City,213,Bronx,Soundview/Castle Hill,26,2.38,5.739,17.893,24.97,8,7658
86,Queens,Far Rockaway,76,Brooklyn,East New York,26,4.21,11.056,41.265,41.67,2,7658
86,Queens,Far Rockaway,130,Queens,Jamaica,26,4.21,8.924,35.077,43.14,3,7658
106,Brooklyn,Gowanus,89,Brooklyn,Flatbush/Ditmas Park,26,2.33,3.473,19.035,20.27,8,7658
108,Brooklyn,Gravesend,29,Brooklyn,Brighton Beach,26,5.5,1.762,11.908,12.18,2,7658
119,Bronx,Highbridge,244,Manhattan,Washington Heights South,26,3.23,1.855,14.308,15.9,3,7658
122,Queens,Hollis,131,Queens,Jamaica Estates,26,6.37,1.378,8.044,11.21,2,7658
133,Brooklyn,Kensington,25,Brooklyn,Boerum Hill,26,2.68,4.069,25.31,22.22,5,7658
147,Bronx,Longwood,247,Bronx,West Concourse,26,3.94,2.532,17.779,18.41,1,7658
160,Queens,Middle Village,157,Queens,Maspeth,26,3.25,1.864,10.147,13.24,4,7658
160,Queens,Middle Village,198,Queens,Ridgewood,26,3.25,2.195,11.783,13.06,5,7658
210,Brooklyn,Sheepshead Bay,21,Brooklyn,Bensonhurst East,26,3.15,3.087,18.407,19.76,8,7658
210,Brooklyn,Sheepshead Bay,155,Brooklyn,Marine Park/Mill Basin,26,3.15,2.468,14.424,15.06,9,7658
219,Queens,Springfield Gardens South,10,Queens,Baisley Park,26,2.87,1.877,8.631,19.99,4,7658
235,Bronx,University Heights/Morris Heights,247,Bronx,West Concourse,26,2.64,2.25,12.563,15.36,4,7658
254,Bronx,Williamsbridge/Olinville,18,Bronx,Bedford Park,26,2.48,2.929,18.892,18.13,5,7658
18,Bronx,Bedford Park,168,Bronx,Mott Haven/Port Morris,25,2.78,5.998,22.301,25.36,5,7817
21,Brooklyn,Bensonhurst East,29,Brooklyn,Brighton Beach,25,4.31,2.638,15.411,16.13,7,7817
22,Brooklyn,Bensonhurst West,29,Brooklyn,Brighton Beach,25,3.21,3.41,15.947,18.73,9,7817
22,Brooklyn,Bensonhurst West,181,Brooklyn,Park Slope,25,3.21,5.017,30.444,25.76,10,7817
28,Queens,Briarwood/Jamaica Hills,226,Queens,Sunnyside,25,2.1,8.505,22.733,33.63,7,7817
29,Brooklyn,Brighton Beach,22,Brooklyn,Bensonhurst West,25,4.66,3.562,20.198,18.68,3,7817
29,Brooklyn,Brighton Beach,123,Brooklyn,Homecrest,25,4.66,1.577,10.628,11.87,4,7817
55,Brooklyn,Coney Island,22,Brooklyn,Bensonhurst West,25,2.43,2.917,16.612,18.54,9,7817
60,Bronx,Crotona Park East,42,Manhattan,Central Harlem North,25,4.16,5.224,21.927,25.58,1,7817
60,Bronx,Crotona Park East,168,Bronx,Mott Haven/Port Morris,25,4.16,3.052,14.92,18.08,2,7817
67,Brooklyn,Dyker Heights,26,Brooklyn,Borough Park,25,6.04,1.676,12.589,13.64,4,7817
77,Brooklyn,East New York/Pennsylvania Avenue,37,Brooklyn,Bushwick South,25,2.12,2.998,24.785,21.69,10,7817
78,Bronx,East Tremont,247,Bronx,West Concourse,25,2.58,3.38,19.104,20.81,6,7817
106,Brooklyn,Gowanus,55,Brooklyn,Coney Island,25,2.24,9.758,37.547,39.11,9,7817
106,Brooklyn,Gowanus,225,Brooklyn,Stuyvesant Heights,25,2.24,3.848,24.149,24.49,10,7817
180,Queens,Ozone Park,76,Brooklyn,East New York,25,3.97,2.486,10.868,14.69,5,7817
182,Bronx,Parkchester,75,Manhattan,East Harlem South,25,2.52,7.372,38.169,36.09,6,7817
210,Brooklyn,Sheepshead Bay,22,Brooklyn,Bensonhurst West,25,3.03,4.814,17.217,18.47,10,7817
212,Bronx,Soundview/Bruckner,168,Bronx,Mott Haven/Port Morris,25,2.78,4.937,16.075,19.16,3,7817
218,Queens,Springfield Gardens North,216,Queens,South Ozone Park,25,3.33,3.413,14.493,17.27,5,7817
241,Bronx,Van Cortlandt Village,243,Manhattan,Washington Heights North,25,3.0,3.337,19.384,19.07,2,7817
250,Bronx,Westchester Village/Unionport,42,Manhattan,Central Harlem North,25,3.16,6.522,33.357,31.46,2,7817
254,Bronx,Williamsbridge/Olinville,213,Bronx,Soundview/Castle Hill,25,2.39,5.662,17.628,25.61,6,7817
6,Staten Island,Arrochar/Fort Wadsworth,195,Brooklyn,Red Hook,24,30.38,7.687,22.024,21.97,1,7989
28,Queens,Briarwood/Jamaica Hills,215,Queens,South Jamaica,24,2.02,2.123,14.86,14.84,8,7989
51,Bronx,Co-Op City,169,Bronx,Mount Hope,24,2.2,7.546,26.269,32.1,9,7989
55,Brooklyn,Coney Island,89,Brooklyn,Flatbush/Ditmas Park,24,2.33,6.194,37.508,29.05,10,7989
56,Queens,Corona,173,Queens,North Corona,24,2.08,1.483,10.626,11.83,7,7989
81,Bronx,Eastchester,51,Bronx,Co-Op City,24,3.94,1.834,10.131,13.53,2,7989
81,Bronx,Eastchester,174,Bronx,Norwood,24,3.94,2.574,18.18,18.73,3,7989
83,Queens,Elmhurst/Maspeth,173,Queens,North Corona,24,2.07,2.903,13.41,17.08,7,7989
92,Queens,Flushing,16,Queens,Bayside,24,2.01,4.191,17.626,20.47,8,7989
92,Queens,Flushing,130,Queens,Jamaica,24,2.01,6.66,23.726,23.4,9,7989
94,Bronx,Fordham South,244,Manhattan,Washington Heights South,24,4.82,3.593,22.65,20.21,1,7989
102,Queens,Glendale,160,Queens,Middle Village,24,3.38,1.68,9.257,10.54,4,7989
134,Queens,Kew Gardens,258,Queens,Woodhaven,24,2.26,2.567,14.64,14.82,6,7989
147,Bronx,Longwood,41,Manhattan,Central Harlem,24,3.64,3.847,28.892,24.16,2,7989
160,Queens,Middle Village,129,Queens,Jackson Heights,24,3.0,3.663,18.136,20.31,6,7989
182,Bronx,Parkchester,242,Bronx,Van Nest/Morris Park,24,2.42,1.595,10.306,14.06,7,7989
196,Queens,Rego Park,92,Queens,Flushing,24,1.95,3.716,16.397,17.88,9,7989
219,Queens,Springfield Gardens South,205,Queens,Saint Albans,24,2.65,2.319,12.203,14.21,5,7989
242,Bronx,Van Nest/Morris Park,213,Bronx,Soundview/Castle Hill,24,3.51,3.203,18.969,18.09,2,7989
250,Bronx,Westchester Village/Unionport,168,Bronx,Mott Haven/Port Morris,24,3.04,4.928,18.79,24.31,3,7989
254,Bronx,Williamsbridge/Olinville,81,Bronx,Eastchester,24,2.29,1.296,8.142,11.59,7,7989
254,Bronx,Williamsbridge/Olinville,119,Bronx,Highbridge,24,2.29,7.63,35.155,33.83,8,7989
254,Bronx,Williamsbridge/Olinville,241,Bronx,Van Cortlandt Village,24,2.29,3.213,17.512,19.95,9,7989
257,Brooklyn,Windsor Terrace,89,Brooklyn,Flatbush/Ditmas Park,24,4.05,1.835,12.883,14.63,2,7989
26,Brooklyn,Borough Park,91,Brooklyn,Flatlands,23,2.34,3.598,27.399,22.37,10,8185
28,Queens,Briarwood/Jamaica Hills,7,Queens,Astoria,23,1.93,8.977,24.713,33.01,9,8185
28,Queens,Briarwood/Jamaica Hills,92,Queens,Flushing,23,1.93,5.25,17.484,21.81,10,8185
29,Brooklyn,Brighton Beach,108,Brooklyn,Gravesend,23,4.29,1.699,12.736,12.5,5,8185
67,Brooklyn,Dyker Heights,227,Brooklyn,Sunset Park East,23,5.56,1.664,10.709,11.55,5,8185
83,Queens,Elmhurst/Maspeth,145,Queens,Long Island City/Hunters Point,23,1.98,3.397,16.036,22.66,8,8185
86,Queens,Far Rockaway,201,Queens,Rockaway Park,23,3.72,4.495,21.4,22.66,4,8185
119,Bronx,Highbridge,247,Bronx,West Concourse,23,2.85,1.42,10.137,12.32,4,8185
124,Queens,Howard Beach,180,Queens,Ozone Park,23,4.15,1.548,7.912,11.45,3,8185
133,Brooklyn,Kensington,228,Brooklyn,Sunset Park West,23,2.37,2.567,13.424,15.5,6,8185
147,Bronx,Longwood,42,Manhattan,Central Harlem North,23,3.48,2.852,22.717,23.07,3,8185
147,Bronx,Longwood,74,Manhattan,East Harlem North,23,3.48,3.312,21.643,21.07,4,8185
167,Bronx,Morrisania/Melrose,69,Bronx,East Concourse/Concourse Village,23,2.21,1.231,10.774,11.11,8,8185
167,Bronx,Morrisania/Melrose,254,Bronx,Williamsbridge/Olinville,23,2.21,6.241,25.804,31.03,9,8185
174,Bronx,Norwood,213,Bronx,Soundview/Castle Hill,23,3.07,5.243,18.02,22.29,4,8185
182,Bronx,Parkchester,244,Manhattan,Washington Heights South,23,2.32,5.927,36.339,35.01,8,8185
191,Queens,Queens Village,122,Queens,Hollis,23,2.63,1.48,7.467,9.3,5,8185
205,Queens,Saint Albans,39,Brooklyn,Canarsie,23,2.06,9.966,38.515,42.04,7,8185
205,Queens,Saint Albans,139,Queens,Laurelton,23,2.06,1.971,9.636,11.43,8,8185
208,Bronx,Schuylerville/Edgewater Park,242,Bronx,Van Nest/Morris Park,23,3.67,2.417,11.704,14.47,1,8185
212,Bronx,Soundview/Bruckner,213,Bronx,Soundview/Castle Hill,23,2.56,1.604,8.193,10.09,4,8185
212,Bronx,Soundview/Bruckner,242,Bronx,Van Nest/Morris Park,23,2.56,2.899,16.67,17.08,5,8185
220,Bronx,Spuyten Duyvil/Kingsbridge,127,Manhattan,Inwood,23,3.44,1.569,10.648,14.71,2,8185
227,Brooklyn,Sunset Park East,22,Brooklyn,Bensonhurst West,23,3.52,2.738,15.881,17.44,6,8185
235,Bronx,University Heights/Morris Heights,42,Manhattan,Central Harlem North,23,2.34,3.652,17.117,21.24,5,8185
235,Bronx,University Heights/Morris Heights,69,Bronx,East Concourse/Concourse Village,23,2.34,2.333,15.454,17.19,6,8185
248,Bronx,West Farms/Bronx River,168,Bronx,Mott Haven/Port Morris,23,2.81,4.07,15.155,19.38,2,8185
248,Bronx,West Farms/Bronx River,244,Manhattan,Washington Heights South,23,2.81,5.953,24.495,26.07,3,8185
254,Bronx,Williamsbridge/Olinville,69,Bronx,East Concourse/Concourse Village,23,2.2,7.318,34.175,31.26,10,8185
16,Queens,Bayside,92,Queens,Flushing,22,7.64,3.461,16.645,18.88,1,8387
18,Bronx,Bedford Park,47,Bronx,Claremont/Bathgate,22,2.45,2.123,12.871,14.91,6,8387
47,Bronx,Claremont/Bathgate,41,Manhattan,Central Harlem,22,2.89,4.237,31.154,28.33,5,8387
51,Bronx,Co-Op City,259,Bronx,Woodlawn/Wakefield,22,2.02,3.182,16.601,19.22,10,8387
56,Queens,Corona,145,Queens,Long Island City/Hunters Point,22,1.91,6.011,21.143,28.26,8,8387
73,Queens,East Flushing,92,Queens,Flushing,22,14.38,1.609,10.682,11.76,1,8387
78,Bronx,East Tremont,42,Manhattan,Central Harlem North,22,2.27,5.11,26.498,25.16,7,8387
78,Bronx,East Tremont,74,Manhattan,East Harlem North,22,2.27,6.206,24.267,29.85,8,8387
83,Queens,Elmhurst/Maspeth,95,Queens,Forest Hills,22,1.89,2.994,18.24,19.41,9,8387
83,Queens,Elmhurst/Maspeth,130,Queens,Jamaica,22,1.89,7.942,24.998,30.69,10,8387
93,Queens,Flushing Meadows-Corona Park,95,Queens,Forest Hills,22,2.05,2.989,13.315,18.17,3,8387
102,Queens,Glendale,95,Queens,Forest Hills,22,3.09,2.059,12.575,15.57,5,8387
108,Brooklyn,Gravesend,22,Brooklyn,Bensonhurst West,22,4.65,2.031,13.44,15.18,3,8387
117,Queens,Hammels/Arverne,201,Queens,Rockaway Park,22,3.66,2.679,12.307,16.4,3,8387
133,Brooklyn,Kensington,22,Brooklyn,Bensonhurst West,22,2.27,2.214,14.48,17.13,7,8387
134,Queens,Kew Gardens,82,Queens,Elmhurst,22,2.07,4.667,19.539,22.42,7,8387
160,Queens,Middle Village,258,Queens,Woodhaven,22,2.75,2.845,14.873,17.52,7,8387
167,Bronx,Morrisania/Melrose,42,Manhattan,Central Harlem North,22,2.11,2.868,20.53,19.35,10,8387
185,Bronx,Pelham Parkway,168,Bronx,Mott Haven/Port Morris,22,4.47,6.646,31.817,31.57,1,8387
196,Queens,Rego Park,140,Manhattan,Lenox Hill East,22,1.79,7.37,31.807,38.85,10,8387
200,Bronx,Riverdale/North Riverdale/Fieldston,244,Manhattan,Washington Heights South,22,5.49,5.004,18.828,26.01,1,8387
212,Bronx,Soundview/Bruckner,42,Manhattan,Central Harlem North,22,2.45,5.487,22.477,26.61,6,8387
235,Bronx,University Heights/Morris Heights,75,Manhattan,East Harlem South,22,2.24,5.508,31.434,26.9,7,8387
235,Bronx,University Heights/Morris Heights,78,Bronx,East Tremont,22,2.24,1.99,14.04,15.55,8,8387
235,Bronx,University Heights/Morris Heights,174,Bronx,Norwood,22,2.24,4.01,20.998,22.45,9,8387
241,Bronx,Van Cortlandt Village,69,Bronx,East Concourse/Concourse Village,22,2.64,4.35,20.342,25.29,3,8387
241,Bronx,Van Cortlandt Village,74,Manhattan,East Harlem North,22,2.64,7.047,27.918,31.29,4,8387
250,Bronx,Westchester Village/Unionport,242,Bronx,Van Nest/Morris Park,22,2.78,1.613,9.9,12.74,4,8387
3,Bronx,Allerton/Pelham Gardens,242,Bronx,Van Nest/Morris Park,21,4.81,2.311,11.371,13.11,1,8577
18,Bronx,Bedford Park,42,Manhattan,Central Harlem North,21,2.34,5.938,29.593,28.34,7,8577
18,Bronx,Bedford Park,254,Bronx,Williamsbridge/Olinville,21,2.34,3.106,16.27,19.41,8,8577
21,Brooklyn,Bensonhurst East,89,Brooklyn,Flatbush/Ditmas Park,21,3.62,3.013,20.855,18.24,8,8577
21,Brooklyn,Bensonhurst East,165,Brooklyn,Midwood,21,3.62,2.254,14.519,13.87,9,8577
29,Brooklyn,Brighton Beach,14,Brooklyn,Bay Ridge,21,3.92,5.741,19.901,30.08,6,8577
29,Brooklyn,Brighton Beach,21,Brooklyn,Bensonhurst East,21,3.92,2.661,14.739,16.24,7,8577
32,Bronx,Bronxdale,42,Manhattan,Central Harlem North,21,4.23,8.327,35.785,37.84,1,8577
38,Queens,Cambria Heights,205,Queens,Saint Albans,21,6.27,1.859,11.89,12.66,2,8577
47,Bronx,Claremont/Bathgate,42,Manhattan,Central Harlem North,21,2.76,3.841,24.46,23.03,6,8577
47,Bronx,Claremont/Bathgate,231,Manhattan,TriBeCa/Civic Center,21,2.76,11.844,54.305,44.48,7,8577
56,Queens,Corona,92,Queens,Flushing,21,1.82,3.006,15.697,18.47,9,8577
56,Queens,Corona,197,Queens,Richmond Hill,21,1.82,5.182,29.383,27.93,10,8577
60,Bronx,Crotona Park East,74,Manhattan,East Harlem North,21,3.49,4.868,18.156,25.15,3,8577
78,Bronx,East Tremont,213,Bronx,Soundview/Castle Hill,21,2.17,2.479,12.621,15.62,9,8577
92,Queens,Flushing,73,Queens,East Flushing,21,1.76,1.295,9.671,10.85,10,8577
108,Brooklyn,Gravesend,123,Brooklyn,Homecrest,21,4.44,1.645,13.598,14.15,4,8577
119,Bronx,Highbridge,75,Manhattan,East Harlem South,21,2.61,4.958,24.049,25.83,5,8577
126,Bronx,Hunts Point,244,Manhattan,Washington Heights South,21,3.15,5.149,31.9,30.05,1,8577
139,Queens,Laurelton,205,Queens,Saint Albans,21,5.1,2.536,9.271,13.05,2,8577
160,Queens,Middle Village,102,Queens,Glendale,21,2.63,1.381,8.924,13.8,8,8577
173,Queens,North Corona,70,Queens,East Elmhurst,21,2.87,1.089,8.196,9.61,5,8577
191,Queens,Queens Village,197,Queens,Richmond Hill,21,2.4,6.64,23.51,26.41,6,8577
202,Manhattan,Roosevelt Island,7,Queens,Astoria,21,5.59,2.266,16.576,20.92,1,8577
205,Queens,Saint Albans,38,Queens,Cambria Heights,21,1.89,1.639,9.172,10.25,9,8577
205,Queens,Saint Albans,76,Brooklyn,East New York,21,1.89,7.324,27.458,33.39,10,8577
208,Bronx,Schuylerville/Edgewater Park,168,Bronx,Mott Haven/Port Morris,21,3.35,6.413,19.896,24.05,2,8577
208,Bronx,Schuylerville/Edgewater Park,185,Bronx,Pelham Parkway,21,3.35,3.806,13.186,15.14,3,8577
212,Bronx,Soundview/Bruckner,51,Bronx,Co-Op City,21,2.34,5.76,14.486,21.25,7,8577
212,Bronx,Soundview/Bruckner,69,Bronx,East Concourse/Concourse Village,21,2.34,3.86,18.081,20.42,8,8577
219,Queens,Springfield Gardens South,230,Manhattan,Times Sq/Theatre District,21,2.32,15.924,56.826,102.12,6,8577
220,Bronx,Spuyten Duyvil/Kingsbridge,200,Bronx,Riverdale/North Riverdale/Fieldston,21,3.14,1.696,10.123,14.36,3,8577
220,Bronx,Spuyten Duyvil/Kingsbridge,243,Manhattan,Washington Heights North,21,3.14,3.329,15.336,18.98,4,8577
227,Brooklyn,Sunset Park East,55,Brooklyn,Coney Island,21,3.21,7.506,38.573,33.53,7,8577
241,Bronx,Van Cortlandt Village,18,Bronx,Bedford Park,21,2.52,1.137,8.353,9.99,5,8577
241,Bronx,Van Cortlandt Village,41,Manhattan,Central Harlem,21,2.52,6.821,30.098,31.23,6,8577
241,Bronx,Van Cortlandt Village,42,Manhattan,Central Harlem North,21,2.52,5.385,25.878,25.45,7,8577
241,Bronx,Van Cortlandt Village,127,Manhattan,Inwood,21,2.52,1.797,13.711,13.84,8,8577
242,Bronx,Van Nest/Morris Park,51,Bronx,Co-Op City,21,3.07,3.416,14.819,19.7,3,8577
242,Bronx,Van Nest/Morris Park,244,Manhattan,Washington Heights South,21,3.07,5.483,30.897,30.27,4,8577
248,Bronx,West Farms/Bronx River,41,Manhattan,Central Harlem,21,2.56,6.064,29.19,29.44,4,8577
248,Bronx,West Farms/Bronx River,75,Manhattan,East Harlem South,21,2.56,6.288,29.361,30.89,5,8577
259,Bronx,Woodlawn/Wakefield,174,Bronx,Norwood,21,3.57,2.79,16.211,15.42,3,8577
18,Bronx,Bedford Park,127,Manhattan,Inwood,20,2.22,2.196,13.733,15.3,9,8836
18,Bronx,Bedford Park,220,Bronx,Spuyten Duyvil/Kingsbridge,20,2.22,2.775,14.031,16.58,10,8836
20,Bronx,Belmont,140,Manhattan,Lenox Hill East,20,4.14,8.96,33.845,38.03,1,8836
78,Bronx,East Tremont,51,Bronx,Co-Op City,20,2.07,6.594,18.372,26.58,10,8836
81,Bronx,Eastchester,259,Bronx,Woodlawn/Wakefield,20,3.28,2.377,11.026,13.45,4,8836
102,Queens,Glendale,63,Brooklyn,Cypress Hills,20,2.81,2.969,13.429,13.84,6,8836
102,Queens,Glendale,76,Brooklyn,East New York,20,2.81,3.93,18.237,19.59,7,8836
102,Queens,Glendale,130,Queens,Jamaica,20,2.81,4.577,20.367,19.88,8,8836
119,Bronx,Highbridge,74,Manhattan,East Harlem North,20,2.48,3.419,24.39,22.33,6,8836
121,Queens,Hillcrest/Pomonok,7,Queens,Astoria,20,3.1,8.481,25.096,32.44,4,8836
126,Bronx,Hunts Point,247,Bronx,West Concourse,20,3.0,3.312,18.849,21.36,2,8836
136,Bronx,Kingsbridge Heights,42,Manhattan,Central Harlem North,20,3.57,4.906,25.901,21.84,2,8836
149,Brooklyn,Madison,89,Brooklyn,Flatbush/Ditmas Park,20,3.61,2.701,15.671,18.69,7,8836
153,Manhattan,Marble Hill,244,Manhattan,Washington Heights South,20,10.1,3.493,18.962,20.31,1,8836
173,Queens,North Corona,223,Queens,Steinway,20,2.74,3.508,19.691,22.61,6,8836
178,Brooklyn,Ocean Parkway South,123,Brooklyn,Homecrest,20,7.38,1.567,10.288,11.64,1,8836
191,Queens,Queens Village,219,Queens,Springfield Gardens South,20,2.29,5.145,14.701,17.17,7,8836
200,Bronx,Riverdale/North Riverdale/Fieldston,220,Bronx,Spuyten Duyvil/Kingsbridge,20,4.99,1.554,7.955,12.71,2,8836
208,Bronx,Schuylerville/Edgewater Park,69,Bronx,East Concourse/Concourse Village,20,3.19,6.497,27.21,27.18,4,8836
219,Queens,Springfield Gardens South,39,Brooklyn,Canarsie,20,2.21,8.728,26.883,34.67,7,8836
219,Queens,Springfield Gardens South,76,Brooklyn,East New York,20,2.21,5.889,22.345,25.56,8,8836
220,Bronx,Spuyten Duyvil/Kingsbridge,74,Manhattan,East Harlem North,20,2.99,7.137,28.823,29.62,5,8836
222,Brooklyn,Starrett City,35,Brooklyn,Brownsville,20,2.81,3.012,19.172,17.46,3,8836
241,Bronx,Van Cortlandt Village,220,Bronx,Spuyten Duyvil/Kingsbridge,20,2.4,1.399,8.738,10.78,9,8836
248,Bronx,West Farms/Bronx River,74,Manhattan,East Harlem North,20,2.44,5.688,20.1,24.91,6,8836
257,Brooklyn,Windsor Terrace,231,Manhattan,TriBeCa/Civic Center,20,3.37,5.71,22.198,35.32,3,8836
3,Bronx,Allerton/Pelham Gardens,81,Bronx,Eastchester,19,4.35,1.152,6.418,10.94,2,9099
47,Bronx,Claremont/Bathgate,119,Bronx,Highbridge,19,2.49,2.281,15.138,15.67,8,9099
81,Bronx,Eastchester,242,Bronx,Van Nest/Morris Park,19,3.12,3.526,16.461,17.94,5,9099
93,Queens,Flushing Meadows-Corona Park,79,Manhattan,East Village,19,1.77,11.056,28.728,65.59,4,9099
117,Queens,Hammels/Arverne,130,Queens,Jamaica,19,3.16,11.077,42.855,50.01,4,9099
121,Queens,Hillcrest/Pomonok,135,Queens,Kew Gardens Hills,19,2.95,1.61,8.635,18.55,5,9099
124,Queens,Howard Beach,132,Queens,JFK Airport,19,3.43,3.673,12.418,54.46,4,9099
131,Queens,Jamaica Estates,95,Queens,Forest Hills,19,2.95,4.206,13.718,16.69,2,9099
135,Queens,Kew Gardens Hills,121,Queens,Hillcrest/Pomonok,19,3.44,1.561,8.656,13.78,2,9099
135,Queens,Kew Gardens Hills,130,Queens,Jamaica,19,3.44,2.376,13.518,15.81,3,9099
147,Bronx,Longwood,78,Bronx,East Tremont,19,2.88,2.406,16.063,15.99,5,9099
147,Bronx,Longwood,159,Bronx,Melrose South,19,2.88,1.15,9.853,10.58,6,9099
150,Brooklyn,Manhattan Beach,210,Brooklyn,Sheepshead Bay,19,6.44,1.395,7.903,7.82,1,9099
173,Queens,North Corona,92,Queens,Flushing,19,2.6,2.48,18.069,16.45,7,9099
173,Queens,North Corona,197,Queens,Richmond Hill,19,2.6,6.2,24.35,23.56,8,9099
173,Queens,North Corona,226,Queens,Sunnyside,19,2.6,4.988,19.962,23.28,9,9099
180,Queens,Ozone Park,10,Queens,Baisley Park,19,3.02,3.641,14.835,19.63,6,9099
180,Queens,Ozone Park,130,Queens,Jamaica,19,3.02,3.544,20.541,16.39,7,9099
182,Bronx,Parkchester,51,Bronx,Co-Op City,19,1.92,4.526,16.433,20.89,9,9099
203,Queens,Rosedale,130,Queens,Jamaica,19,5.04,6.094,24.617,26.6,1,9099
212,Bronx,Soundview/Bruckner,75,Manhattan,East Harlem South,19,2.12,6.248,26.564,31.89,9,9099
220,Bronx,Spuyten Duyvil/Kingsbridge,116,Manhattan,Hamilton Heights,19,2.84,5.358,23.957,26.04,6,9099
235,Bronx,University Heights/Morris Heights,41,Manhattan,Central Harlem,19,1.93,4.416,25.704,25.3,10,9099
248,Bronx,West Farms/Bronx River,247,Bronx,West Concourse,19,2.32,3.799,18.721,21.55,7,9099
20,Bronx,Belmont,18,Bronx,Bedford Park,18,3.73,1.23,8.836,10.15,2,9388
29,Brooklyn,Brighton Beach,91,Brooklyn,Flatlands,18,3.36,4.619,24.372,24.33,8,9388
32,Bronx,Bronxdale,51,Bronx,Co-Op City,18,3.63,2.821,14.648,17.43,2,9388
47,Bronx,Claremont/Bathgate,69,Bronx,East Concourse/Concourse Village,18,2.36,1.402,10.106,11.81,9,9388
53,Queens,College Point,129,Queens,Jackson Heights,18,5.01,5.368,18.897,22.79,2,9388
60,Bronx,Crotona Park East,78,Bronx,East Tremont,18,3.0,0.982,9.114,8.68,4,9388
60,Bronx,Crotona Park East,244,Manhattan,Washington Heights South,18,3.0,4.633,23.552,24.2,5,9388
86,Queens,Far Rockaway,10,Queens,Baisley Park,18,2.91,6.787,25.864,28.79,5,9388
93,Queens,Flushing Meadows-Corona Park,7,Queens,Astoria,18,1.68,5.877,20.007,32.79,5,9388
93,Queens,Flushing Meadows-Corona Park,92,Queens,Flushing,18,1.68,2.617,10.533,17.87,6,9388
102,Queens,Glendale,129,Queens,Jackson Heights,18,2.53,6.759,24.071,27.26,9,9388
108,Brooklyn,Gravesend,210,Brooklyn,Sheepshead Bay,18,3.81,2.257,12.224,12.45,5,9388
119,Bronx,Highbridge,168,Bronx,Mott Haven/Port Morris,18,2.23,3.423,14.952,18.08,7,9388
131,Queens,Jamaica Estates,191,Queens,Queens Village,18,2.8,1.883,10.067,13.03,3,9388
133,Brooklyn,Kensington,55,Brooklyn,Coney Island,18,1.86,5.413,26.911,29.38,8,9388
133,Brooklyn,Kensington,165,Brooklyn,Midwood,18,1.86,2.152,14.964,16.66,9,9388
136,Bronx,Kingsbridge Heights,241,Bronx,Van Cortlandt Village,18,3.21,1.09,7.026,9.25,3,9388
136,Bronx,Kingsbridge Heights,243,Manhattan,Washington Heights North,18,3.21,2.063,14.699,16.3,4,9388
160,Queens,Middle Village,92,Queens,Flushing,18,2.25,4.818,19.899,20.07,9,9388
174,Bronx,Norwood,42,Manhattan,Central Harlem North,18,2.4,7.934,32.107,31.77,5,9388
174,Bronx,Norwood,51,Bronx,Co-Op City,18,2.4,4.021,23.088,23.3,6,9388
178,Brooklyn,Ocean Parkway South,26,Brooklyn,Borough Park,18,6.64,2.293,20.468,17.5,2,9388
180,Queens,Ozone Park,117,Queens,Hammels/Arverne,18,2.86,8.513,26.206,37.92,8,9388
180,Queens,Ozone Park,258,Queens,Woodhaven,18,2.86,1.104,6.838,10.54,9,9388
182,Bronx,Parkchester,69,Bronx,East Concourse/Concourse Village,18,1.82,4.61,26.11,27.32,10,9388
191,Queens,Queens Village,19,Queens,Bellerose,18,2.06,1.562,7.694,11.21,8,9388
191,Queens,Queens Village,95,Queens,Forest Hills,18,2.06,6.914,23.276,28.29,9,9388
191,Queens,Queens Village,215,Queens,South Jamaica,18,2.06,3.199,15.997,19.65,10,9388
202,Manhattan,Roosevelt Island,231,Manhattan,TriBeCa/Civic Center,18,4.79,10.083,28.759,40.83,2,9388
203,Queens,Rosedale,137,Manhattan,Kips Bay,18,4.77,15.929,58.741,59.46,2,9388
203,Queens,Rosedale,139,Queens,Laurelton,18,4.77,1.278,6.03,10.1,3,9388
203,Queens,Rosedale,197,Queens,Richmond Hill,18,4.77,7.039,27.779,30.99,4,9388
217,Brooklyn,South Williamsburg,37,Brooklyn,Bushwick South,18,2.68,1.801,13.839,18.58,3,9388
220,Bronx,Spuyten Duyvil/Kingsbridge,174,Bronx,Norwood,18,2.69,2.932,12.14,18.47,7,9388
222,Brooklyn,Starrett City,87,Manhattan,Financial District North,18,2.53,10.261,74.477,63.74,4,9388
241,Bronx,Van Cortlandt Village,247,Bronx,West Concourse,18,2.16,4.564,18.231,22.4,10,9388
248,Bronx,West Farms/Bronx River,42,Manhattan,Central Harlem North,18,2.2,5.891,27.701,27.8,8,9388
250,Bronx,Westchester Village/Unionport,51,Bronx,Co-Op City,18,2.28,5.033,16.272,18.26,5,9388
250,Bronx,Westchester Village/Unionport,69,Bronx,East Concourse/Concourse Village,18,2.28,5.432,25.548,28.4,6,9388
250,Bronx,Westchester Village/Unionport,244,Manhattan,Washington Heights South,18,2.28,6.142,24.365,27.39,7,9388
252,Queens,Whitestone,92,Queens,Flushing,18,6.36,2.623,12.238,15.32,1,9388
3,Bronx,Allerton/Pelham Gardens,254,Bronx,Williamsbridge/Olinville,17,3.89,2.155,10.842,13.68,3,9678
6,Staten Island,Arrochar/Fort Wadsworth,14,Brooklyn,Bay Ridge,17,21.52,3.139,9.977,21.41,2,9678
19,Queens,Bellerose,130,Queens,Jamaica,17,4.29,5.306,18.34,23.02,1,9678
21,Brooklyn,Bensonhurst East,11,Brooklyn,Bath Beach,17,2.93,1.495,9.108,10.07,10,9678
34,Brooklyn,Brooklyn Navy Yard,170,Manhattan,Murray Hill,17,2.76,6.572,19.356,42.75,1,9678
47,Bronx,Claremont/Bathgate,78,Bronx,East Tremont,17,2.23,1.716,12.313,11.16,10,9678
54,Brooklyn,Columbia Street,33,Brooklyn,Brooklyn Heights,17,4.2,0.838,9.281,19.6,1,9678
81,Bronx,Eastchester,78,Bronx,East Tremont,17,2.79,4.884,23.448,24.68,6,9678
93,Queens,Flushing Meadows-Corona Park,141,Manhattan,Lenox Hill West,17,1.59,9.729,24.025,77.68,7,9678
94,Bronx,Fordham South,69,Bronx,East Concourse/Concourse Village,17,3.41,3.333,17.021,17.4,2,9678
101,Queens,Glen Oaks,95,Queens,Forest Hills,17,8.21,8.331,23.172,31.05,1,9678
108,Brooklyn,Gravesend,14,Brooklyn,Bay Ridge,17,3.59,5.054,18.548,20.05,6,9678
126,Bronx,Hunts Point,41,Manhattan,Central Harlem,17,2.55,4.129,25.933,24.22,3,9678
126,Bronx,Hunts Point,42,Manhattan,Central Harlem North,17,2.55,3.839,20.115,21.51,4,9678
131,Queens,Jamaica Estates,82,Queens,Elmhurst,17,2.64,7.456,23.0,29.55,4,9678
131,Queens,Jamaica Estates,121,Queens,Hillcrest/Pomonok,17,2.64,2.022,10.196,13.42,5,9678
133,Brooklyn,Kensington,21,Brooklyn,Bensonhurst East,17,1.75,2.729,15.425,17.8,10,9678
134,Queens,Kew Gardens,28,Queens,Briarwood/Jamaica Hills,17,1.6,1.015,5.478,19.2,8,9678
134,Queens,Kew Gardens,129,Queens,Jackson Heights,17,1.6,7.206,21.496,24.95,9,9678
135,Queens,Kew Gardens Hills,82,Queens,Elmhurst,17,3.07,4.561,18.425,22.31,4,9678
139,Queens,Laurelton,216,Queens,South Ozone Park,17,4.13,4.948,15.275,19.95,3,9678
147,Bronx,Longwood,168,Bronx,Mott Haven/Port Morris,17,2.58,1.502,11.133,14.83,7,9678
147,Bronx,Longwood,244,Manhattan,Washington Heights South,17,2.58,4.259,28.497,49.77,8,9678
149,Brooklyn,Madison,21,Brooklyn,Bensonhurst East,17,3.07,1.853,14.653,13.84,8,9678
149,Brooklyn,Madison,55,Brooklyn,Coney Island,17,3.07,3.612,21.294,17.98,9,9678
149,Brooklyn,Madison,150,Brooklyn,Manhattan Beach,17,3.07,2.225,14.197,12.15,10,9678
160,Queens,Middle Village,7,Queens,Astoria,17,2.13,5.492,23.641,28.46,10,9678
174,Bronx,Norwood,241,Bronx,Van Cortlandt Village,17,2.27,1.567,13.812,15.13,7,9678
174,Bronx,Norwood,242,Bronx,Van Nest/Morris Park,17,2.27,3.859,19.547,22.28,8,9678
174,Bronx,Norwood,243,Manhattan,Washington Heights North,17,2.27,5.196,25.698,26.72,9,9678
208,Bronx,Schuylerville/Edgewater Park,42,Manhattan,Central Harlem North,17,2.71,8.832,26.908,29.74,5,9678
208,Bronx,Schuylerville/Edgewater Park,243,Manhattan,Washington Heights North,17,2.71,8.405,27.252,31.92,6,9678
212,Bronx,Soundview/Bruckner,126,Bronx,Hunts Point,17,1.89,1.89,9.075,11.73,10,9678
217,Brooklyn,South Williamsburg,80,Brooklyn,East Williamsburg,17,2.53,1.314,11.91,14.2,4,9678
219,Queens,Springfield Gardens South,61,Brooklyn,Crown Heights North,17,1.87,10.462,40.915,44.05,9,9678
220,Bronx,Spuyten Duyvil/Kingsbridge,75,Manhattan,East Harlem South,17,2.54,8.03,33.58,37.12,8,9678
222,Brooklyn,Starrett City,61,Brooklyn,Crown Heights North,17,2.39,4.466,27.344,27.36,5,9678
222,Brooklyn,Starrett City,77,Brooklyn,East New York/Pennsylvania Avenue,17,2.39,1.506,11.059,12.44,6,9678
222,Brooklyn,Starrett City,188,Brooklyn,Prospect-Lefferts Gardens,17,2.39,4.525,33.422,23.2,7,9678
242,Bronx,Van Nest/Morris Park,168,Bronx,Mott Haven/Port Morris,17,2.49,6.232,20.829,22.66,5,9678
242,Bronx,Van Nest/Morris Park,254,Bronx,Williamsbridge/Olinville,17,2.49,4.011,17.488,19.54,6,9678
248,Bronx,West Farms/Bronx River,116,Manhattan,Hamilton Heights,17,2.08,6.078,30.408,31.14,9,9678
248,Bronx,West Farms/Bronx River,159,Bronx,Melrose South,17,2.08,3.485,19.486,19.34,10,9678
250,Bronx,Westchester Village/Unionport,75,Manhattan,East Harlem South,17,2.15,8.929,33.307,34.21,8,9678
250,Bronx,Westchester Village/Unionport,159,Bronx,Melrose South,17,2.15,4.571,21.998,20.97,9,9678
250,Bronx,Westchester Village/Unionport,174,Bronx,Norwood,17,2.15,4.554,20.31,24.36,10,9678
9,Queens,Auburndale,92,Queens,Flushing,16,9.14,3.163,14.426,15.09,1,10027
11,Brooklyn,Bath Beach,22,Brooklyn,Bensonhurst West,16,5.59,1.171,8.974,9.91,2,10027
19,Queens,Bellerose,131,Queens,Jamaica Estates,16,4.04,3.551,14.382,14.95,2,10027
29,Brooklyn,Brighton Beach,150,Brooklyn,Manhattan Beach,16,2.99,1.209,7.726,8.86,9,10027
29,Brooklyn,Brighton Beach,165,Brooklyn,Midwood,16,2.99,3.096,23.0,21.28,10,10027
34,Brooklyn,Brooklyn Navy Yard,112,Brooklyn,Greenpoint,16,2.59,2.879,17.206,18.6,2,10027
60,Bronx,Crotona Park East,69,Bronx,East Concourse/Concourse Village,16,2.66,2.202,15.344,16.77,6,10027
93,Queens,Flushing Meadows-Corona Park,170,Manhattan,Murray Hill,16,1.49,8.398,19.25,84.42,8,10027
94,Bronx,Fordham South,42,Manhattan,Central Harlem North,16,3.21,4.133,26.371,23.77,3,10027
102,Queens,Glendale,37,Brooklyn,Bushwick South,16,2.25,3.543,17.832,19.96,10,10027
108,Brooklyn,Gravesend,21,Brooklyn,Bensonhurst East,16,3.38,1.429,12.836,15.03,7,10027
108,Brooklyn,Gravesend,150,Brooklyn,Manhattan Beach,16,3.38,2.724,13.045,13.92,8,10027
119,Bronx,Highbridge,68,Manhattan,East Chelsea,16,1.99,8.876,33.574,47.01,8,10027
119,Bronx,Highbridge,78,Bronx,East Tremont,16,1.99,2.674,15.291,18.14,9,10027
119,Bronx,Highbridge,169,Bronx,Mount Hope,16,1.99,1.474,10.777,13.44,10,10027
121,Queens,Hillcrest/Pomonok,92,Queens,Flushing,16,2.48,3.668,16.075,18.42,6,10027
121,Queens,Hillcrest/Pomonok,205,Queens,Saint Albans,16,2.48,4.21,18.915,20.89,7,10027
121,Queens,Hillcrest/Pomonok,216,Queens,South Ozone Park,16,2.48,4.596,22.565,22.09,8,10027
126,Bronx,Hunts Point,74,Manhattan,East Harlem North,16,2.4,3.805,22.367,24.63,5,10027
126,Bronx,Hunts Point,159,Bronx,Melrose South,16,2.4,1.691,12.353,14.72,6,10027
126,Bronx,Hunts Point,174,Bronx,Norwood,16,2.4,5.071,26.911,29.45,7,10027
136,Bronx,Kingsbridge Heights,74,Manhattan,East Harlem North,16,2.85,5.828,33.139,28.17,5,10027
147,Bronx,Longwood,75,Manhattan,East Harlem South,16,2.42,4.229,26.919,24.68,9,10027
173,Queens,North Corona,130,Queens,Jamaica,16,2.19,6.423,18.03,25.81,10,10027
174,Bronx,Norwood,47,Bronx,Claremont/Bathgate,16,2.13,3.116,21.682,21.86,10,10027
180,Queens,Ozone Park,82,Queens,Elmhurst,16,2.54,5.282,27.927,28.65,10,10027
200,Bronx,Riverdale/North Riverdale/Fieldston,243,Manhattan,Washington Heights North,16,3.99,4.692,16.53,24.42,3,10027
202,Manhattan,Roosevelt Island,138,Queens,LaGuardia Airport,16,4.26,6.899,28.294,61.37,3,10027
203,Queens,Rosedale,205,Queens,Saint Albans,16,4.24,2.773,16.054,16.57,5,10027
217,Brooklyn,South Williamsburg,49,Brooklyn,Clinton Hill,16,2.38,1.357,12.178,15.08,5,10027
222,Brooklyn,Starrett City,91,Brooklyn,Flatlands,16,2.25,4.367,25.053,24.8,8,10027
222,Brooklyn,Starrett City,177,Brooklyn,Ocean Hill,16,2.25,2.973,18.971,20.32,9,10027
227,Brooklyn,Sunset Park East,67,Brooklyn,Dyker Heights,16,2.45,1.796,15.403,12.34,8,10027
242,Bronx,Van Nest/Morris Park,42,Manhattan,Central Harlem North,16,2.34,8.163,42.295,33.46,7,10027
242,Bronx,Van Nest/Morris Park,169,Bronx,Mount Hope,16,2.34,3.41,24.754,21.83,8,10027
242,Bronx,Van Nest/Morris Park,247,Bronx,West Concourse,16,2.34,5.349,29.66,28.72,9,10027
252,Queens,Whitestone,7,Queens,Astoria,16,5.65,8.068,21.546,29.16,2,10027
259,Bronx,Woodlawn/Wakefield,69,Bronx,East Concourse/Concourse Village,16,2.72,8.565,27.618,33.57,4,10027
3,Bronx,Allerton/Pelham Gardens,51,Bronx,Co-Op City,15,3.43,1.919,9.214,12.81,4,10413
11,Brooklyn,Bath Beach,197,Queens,Richmond Hill,15,5.24,15.313,43.989,52.33,3,10413
16,Queens,Bayside,9,Queens,Auburndale,15,5.21,1.448,5.467,10.37,2,10413
16,Queens,Bayside,171,Queens,Murray Hill-Queens,15,5.21,1.927,8.976,11.67,3,10413
19,Queens,Bellerose,95,Queens,Forest Hills,15,3.79,7.226,17.633,23.11,3,10413
19,Queens,Bellerose,101,Queens,Glen Oaks,15,3.79,1.92,8.766,12.56,4,10413
34,Brooklyn,Brooklyn Navy Yard,61,Brooklyn,Crown Heights North,15,2.43,3.059,19.05,19.32,3,10413
54,Brooklyn,Columbia Street,79,Manhattan,East Village,15,3.7,4.559,20.874,29.52,2,10413
60,Bronx,Crotona Park East,159,Bronx,Melrose South,15,2.5,2.663,15.246,16.93,7,10413
81,Bronx,Eastchester,42,Manhattan,Central Harlem North,15,2.46,10.419,43.988,45.12,7,10413
81,Bronx,Eastchester,213,Bronx,Soundview/Castle Hill,15,2.46,5.977,16.792,21.01,8,10413
93,Queens,Flushing Meadows-Corona Park,161,Manhattan,Midtown Center,15,1.4,10.155,32.702,83.31,9,10413
94,Bronx,Fordham South,174,Bronx,Norwood,15,3.01,2.202,17.317,13.67,4,10413
108,Brooklyn,Gravesend,76,Brooklyn,East New York,15,3.17,9.927,32.953,36.67,9,10413
117,Queens,Hammels/Arverne,61,Brooklyn,Crown Heights North,15,2.5,12.253,63.162,50.98,5,10413
121,Queens,Hillcrest/Pomonok,191,Queens,Queens Village,15,2.33,4.305,15.513,18.21,9,10413
122,Queens,Hollis,216,Queens,South Ozone Park,15,3.68,5.878,21.884,24.8,3,10413
126,Bronx,Hunts Point,69,Bronx,East Concourse/Concourse Village,15,2.25,1.633,15.191,13.79,8,10413
126,Bronx,Hunts Point,167,Bronx,Morrisania/Melrose,15,2.25,1.179,11.891,11.69,9,10413
131,Queens,Jamaica Estates,215,Queens,South Jamaica,15,2.33,2.071,15.409,14.37,6,10413
134,Queens,Kew Gardens,196,Queens,Rego Park,15,1.41,2.599,16.749,18.27,10,10413
135,Queens,Kew Gardens Hills,92,Queens,Flushing,15,2.71,3.534,14.524,14.74,5,10413
135,Queens,Kew Gardens Hills,129,Queens,Jackson Heights,15,2.71,6.135,18.831,22.71,6,10413
136,Bronx,Kingsbridge Heights,127,Manhattan,Inwood,15,2.67,1.357,8.038,10.33,6,10413
147,Bronx,Longwood,69,Bronx,East Concourse/Concourse Village,15,2.27,1.815,13.54,14.94,10,10413
185,Bronx,Pelham Parkway,42,Manhattan,Central Harlem North,15,3.05,7.415,34.16,34.42,2,10413
185,Bronx,Pelham Parkway,242,Bronx,Van Nest/Morris Park,15,3.05,1.411,10.114,10.23,3,10413
192,Queens,Queensboro Hill,92,Queens,Flushing,15,5.7,1.682,9.533,12.07,1,10413
200,Bronx,Riverdale/North Riverdale/Fieldston,238,Manhattan,Upper West Side North,15,3.74,8.97,26.263,37.79,4,10413
201,Queens,Rockaway Park,117,Queens,Hammels/Arverne,15,8.2,1.984,12.513,15.38,1,10413
202,Manhattan,Roosevelt Island,145,Queens,Long Island City/Hunters Point,15,3.99,1.853,11.612,18.09,4,10413
208,Bronx,Schuylerville/Edgewater Park,51,Bronx,Co-Op City,15,2.39,3.691,10.867,16.76,7,10413
208,Bronx,Schuylerville/Edgewater Park,78,Bronx,East Tremont,15,2.39,4.551,22.91,25.93,8,10413
208,Bronx,Schuylerville/Edgewater Park,167,Bronx,Morrisania/Melrose,15,2.39,4.919,16.762,21.59,9,10413
217,Brooklyn,South Williamsburg,89,Brooklyn,Flatbush/Ditmas Park,15,2.23,6.515,27.652,33.82,6,10413
218,Queens,Springfield Gardens North,215,Queens,South Jamaica,15,2.0,2.309,11.101,14.87,6,10413
219,Queens,Springfield Gardens South,218,Queens,Springfield Gardens North,15,1.65,1.823,7.933,12.35,10,10413
222,Brooklyn,Starrett City,216,Queens,South Ozone Park,15,2.11,4.727,17.347,23.09,10,10413
242,Bronx,Van Nest/Morris Park,32,Bronx,Bronxdale,15,2.2,1.913,15.661,15.55,10,10413
252,Queens,Whitestone,129,Queens,Jackson Heights,15,5.3,6.294,15.856,22.07,3,10413
257,Brooklyn,Windsor Terrace,137,Manhattan,Kips Bay,15,2.53,9.571,32.837,49.4,4,10413
259,Bronx,Woodlawn/Wakefield,18,Bronx,Bedford Park,15,2.55,4.165,14.55,18.57,5,10413
259,Bronx,Woodlawn/Wakefield,81,Bronx,Eastchester,15,2.55,1.467,8.133,10.86,6,10413
259,Bronx,Woodlawn/Wakefield,159,Bronx,Melrose South,15,2.55,8.252,27.492,36.13,7,10413
3,Bronx,Allerton/Pelham Gardens,174,Bronx,Norwood,14,3.2,2.411,15.025,16.23,5,10816
11,Brooklyn,Bath Beach,26,Brooklyn,Borough Park,14,4.9,2.408,18.327,17.49,4,10816
19,Queens,Bellerose,191,Queens,Queens Village,14,3.54,1.893,8.274,13.39,5,10816
19,Queens,Bellerose,216,Queens,South Ozone Park,14,3.54,9.496,21.057,32.76,6,10816
20,Bronx,Belmont,174,Bronx,Norwood,14,2.9,2.74,14.806,14.63,3,10816
32,Bronx,Bronxdale,126,Bronx,Hunts Point,14,2.82,5.514,18.171,22.34,3,10816
34,Brooklyn,Brooklyn Navy Yard,7,Queens,Astoria,14,2.27,8.197,23.211,33.03,4,10816
34,Brooklyn,Brooklyn Navy Yard,65,Brooklyn,Downtown Brooklyn/MetroTech,14,2.27,1.096,8.794,14.19,5,10816
34,Brooklyn,Brooklyn Navy Yard,79,Manhattan,East Village,14,2.27,3.356,16.433,24.74,6,10816
34,Brooklyn,Brooklyn Navy Yard,145,Queens,Long Island City/Hunters Point,14,2.27,4.765,20.183,25.73,7,10816
60,Bronx,Crotona Park East,20,Bronx,Belmont,14,2.33,1.933,11.825,13.48,8,10816
60,Bronx,Crotona Park East,242,Bronx,Van Nest/Morris Park,14,2.33,3.046,24.187,19.18,9,10816
67,Brooklyn,Dyker Heights,181,Brooklyn,Park Slope,14,3.38,5.579,23.962,27.77,6,10816
93,Queens,Flushing Meadows-Corona Park,70,Queens,East Elmhurst,14,1.31,2.86,7.94,22.56,10,10816
108,Brooklyn,Gravesend,89,Brooklyn,Flatbush/Ditmas Park,14,2.96,3.931,22.915,24.54,10,10816
122,Queens,Hollis,191,Queens,Queens Village,14,3.43,1.592,7.673,9.42,4,10816
124,Queens,Howard Beach,63,Brooklyn,Cypress Hills,14,2.53,2.346,11.037,11.04,5,10816
124,Queens,Howard Beach,258,Queens,Woodhaven,14,2.53,2.376,10.977,14.77,6,10816
126,Bronx,Hunts Point,20,Bronx,Belmont,14,2.1,3.871,21.13,21.76,10,10816
131,Queens,Jamaica Estates,205,Queens,Saint Albans,14,2.17,2.539,12.715,16.15,7,10816
135,Queens,Kew Gardens Hills,7,Queens,Astoria,14,2.53,8.011,24.788,27.69,7,10816
135,Queens,Kew Gardens Hills,140,Manhattan,Lenox Hill East,14,2.53,14.698,48.173,50.23,8,10816
136,Bronx,Kingsbridge Heights,235,Bronx,University Heights/Morris Heights,14,2.5,1.19,8.726,14.79,7,10816
150,Brooklyn,Manhattan Beach,21,Brooklyn,Bensonhurst East,14,4.75,3.634,15.668,18.42,2,10816
150,Brooklyn,Manhattan Beach,165,Brooklyn,Midwood,14,4.75,3.191,20.204,15.14,3,10816
175,Queens,Oakland Gardens,16,Queens,Bayside,14,7.49,1.754,8.487,11.37,1,10816
190,Brooklyn,Prospect Park,61,Brooklyn,Crown Heights North,14,4.18,2.144,13.393,17.08,1,10816
190,Brooklyn,Prospect Park,89,Brooklyn,Flatbush/Ditmas Park,14,4.18,2.522,14.25,20.28,2,10816
190,Brooklyn,Prospect Park,181,Brooklyn,Park Slope,14,4.18,1.576,10.28,15.12,3,10816
208,Bronx,Schuylerville/Edgewater Park,126,Bronx,Hunts Point,14,2.23,4.672,13.464,21.05,10,10816
217,Brooklyn,South Williamsburg,225,Brooklyn,Stuyvesant Heights,14,2.08,2.665,17.86,20.3,7,10816
217,Brooklyn,South Williamsburg,256,Brooklyn,Williamsburg (South Side),14,2.08,0.847,6.267,9.8,8,10816
218,Queens,Springfield Gardens North,95,Queens,Forest Hills,14,1.86,6.301,28.527,33.57,7,10816
218,Queens,Springfield Gardens North,188,Brooklyn,Prospect-Lefferts Gardens,14,1.86,10.967,46.852,43.61,8,10816
218,Queens,Springfield Gardens North,191,Queens,Queens Village,14,1.86,4.031,18.669,21.03,9,10816
218,Queens,Springfield Gardens North,244,Manhattan,Washington Heights South,14,1.86,17.369,70.645,67.81,10,10816
220,Bronx,Spuyten Duyvil/Kingsbridge,18,Bronx,Bedford Park,14,2.09,2.162,13.229,16.62,9,10816
220,Bronx,Spuyten Duyvil/Kingsbridge,241,Bronx,Van Cortlandt Village,14,2.09,1.463,8.557,13.86,10,10816
259,Bronx,Woodlawn/Wakefield,140,Manhattan,Lenox Hill East,14,2.38,12.863,46.195,49.03,8,10816
3,Bronx,Allerton/Pelham Gardens,42,Manhattan,Central Harlem North,13,2.97,9.272,34.496,43.03,6,11265
3,Bronx,Allerton/Pelham Gardens,231,Manhattan,TriBeCa/Civic Center,13,2.97,16.4,58.754,53.9,7,11265
20,Bronx,Belmont,74,Manhattan,East Harlem North,13,2.69,6.242,25.192,33.19,4,11265
20,Bronx,Belmont,247,Bronx,West Concourse,13,2.69,3.097,18.664,21.1,5,11265
32,Bronx,Bronxdale,174,Bronx,Norwood,13,2.62,2.008,11.108,15.06,4,11265
32,Bronx,Bronxdale,244,Manhattan,Washington Heights South,13,2.62,6.325,39.047,33.97,5,11265
38,Queens,Cambria Heights,191,Queens,Queens Village,13,3.88,1.242,5.153,10.04,3,11265
60,Bronx,Crotona Park East,126,Bronx,Hunts Point,13,2.16,1.77,8.849,11.5,10,11265
81,Bronx,Eastchester,18,Bronx,Bedford Park,13,2.13,3.611,21.146,22.56,9,11265
86,Queens,Far Rockaway,203,Queens,Rosedale,13,2.1,4.478,17.505,23.31,6,11265
86,Queens,Far Rockaway,205,Queens,Saint Albans,13,2.1,7.435,33.045,37.14,7,11265
86,Queens,Far Rockaway,216,Queens,South Ozone Park,13,2.1,7.423,29.182,34.91,8,11265
86,Queens,Far Rockaway,219,Queens,Springfield Gardens South,13,2.1,5.349,18.058,24.98,9,11265
94,Bronx,Fordham South,116,Manhattan,Hamilton Heights,13,2.61,4.495,21.858,23.51,5,11265
94,Bronx,Fordham South,119,Bronx,Highbridge,13,2.61,2.488,15.314,17.75,6,11265
94,Bronx,Fordham South,127,Manhattan,Inwood,13,2.61,1.848,12.458,13.75,7,11265
101,Queens,Glen Oaks,191,Queens,Queens Village,13,6.28,3.588,12.279,16.07,2,11265
121,Queens,Hillcrest/Pomonok,16,Queens,Bayside,13,2.02,4.416,13.681,18.06,10,11265
131,Queens,Jamaica Estates,98,Queens,Fresh Meadows,13,2.02,1.589,8.412,11.9,8,11265
135,Queens,Kew Gardens Hills,151,Manhattan,Manhattan Valley,13,2.35,12.368,45.673,47.79,9,11265
136,Bronx,Kingsbridge Heights,69,Bronx,East Concourse/Concourse Village,13,2.32,3.832,17.824,20.19,8,11265
139,Queens,Laurelton,107,Manhattan,Gramercy,13,3.16,16.208,101.844,58.5,4,11265
139,Queens,Laurelton,213,Bronx,Soundview/Castle Hill,13,3.16,15.531,52.476,58.87,5,11265
150,Brooklyn,Manhattan Beach,55,Brooklyn,Coney Island,13,4.41,2.468,17.299,16.11,4,11265
150,Brooklyn,Manhattan Beach,123,Brooklyn,Homecrest,13,4.41,2.033,11.685,11.19,5,11265
178,Brooklyn,Ocean Parkway South,89,Brooklyn,Flatbush/Ditmas Park,13,4.8,1.722,13.308,13.48,3,11265
185,Bronx,Pelham Parkway,51,Bronx,Co-Op City,13,2.64,3.224,13.813,15.82,4,11265
185,Bronx,Pelham Parkway,213,Bronx,Soundview/Castle Hill,13,2.64,3.786,14.297,19.5,5,11265
194,Manhattan,Randalls Island,132,Queens,JFK Airport,13,7.51,16.455,36.168,89.77,1,11265
194,Manhattan,Randalls Island,138,Queens,LaGuardia Airport,13,7.51,5.092,7.958,72.67,2,11265
202,Manhattan,Roosevelt Island,140,Manhattan,Lenox Hill East,13,3.46,2.745,28.151,23.57,5,11265
217,Brooklyn,South Williamsburg,177,Brooklyn,Ocean Hill,13,1.93,3.842,23.596,26.54,9,11265
217,Brooklyn,South Williamsburg,255,Brooklyn,Williamsburg (North Side),13,1.93,1.427,14.1,15.48,10,11265
227,Brooklyn,Sunset Park East,21,Brooklyn,Bensonhurst East,13,1.99,3.228,20.806,20.97,9,11265
252,Queens,Whitestone,16,Queens,Bayside,13,4.59,3.555,12.609,15.33,4,11265
259,Bronx,Woodlawn/Wakefield,42,Manhattan,Central Harlem North,13,2.21,9.024,31.291,38.54,9,11265
259,Bronx,Woodlawn/Wakefield,168,Bronx,Mott Haven/Port Morris,13,2.21,9.178,27.088,35.61,10,11265
11,Brooklyn,Bath Beach,55,Brooklyn,Coney Island,12,4.2,3.013,15.889,16.2,5,11786
15,Queens,Bay Terrace/Fort Totten,92,Queens,Flushing,12,7.95,3.731,16.394,17.37,1,11786
19,Queens,Bellerose,117,Queens,Hammels/Arverne,12,3.03,15.842,52.218,52.67,7,11786
34,Brooklyn,Brooklyn Navy Yard,68,Manhattan,East Chelsea,12,1.94,5.569,23.622,30.32,8,11786
34,Brooklyn,Brooklyn Navy Yard,256,Brooklyn,Williamsburg (South Side),12,1.94,1.804,14.001,17.15,9,11786
38,Queens,Cambria Heights,203,Queens,Rosedale,12,3.58,2.992,10.313,19.75,4,11786
38,Queens,Cambria Heights,209,Manhattan,Seaport,12,3.58,17.467,89.257,66.89,5,11786
53,Queens,College Point,82,Queens,Elmhurst,12,3.34,5.759,20.064,25.19,3,11786
53,Queens,College Point,130,Queens,Jamaica,12,3.34,7.204,22.939,32.12,4,11786
81,Bronx,Eastchester,3,Bronx,Allerton/Pelham Gardens,12,1.97,1.323,7.356,10.16,10,11786
94,Bronx,Fordham South,87,Manhattan,Financial District North,12,2.41,14.137,58.34,53.65,8,11786
117,Queens,Hammels/Arverne,39,Brooklyn,Canarsie,12,2.0,10.835,49.796,40.55,6,11786
122,Queens,Hollis,205,Queens,Saint Albans,12,2.94,1.936,9.183,10.56,5,11786
124,Queens,Howard Beach,117,Queens,Hammels/Arverne,12,2.17,7.291,20.993,39.25,7,11786
131,Queens,Jamaica Estates,140,Manhattan,Lenox Hill East,12,1.86,15.031,47.519,55.19,9,11786
131,Queens,Jamaica Estates,197,Queens,Richmond Hill,12,1.86,4.291,19.09,21.85,10,11786
135,Queens,Kew Gardens Hills,197,Queens,Richmond Hill,12,2.17,2.318,13.931,23.07,10,11786
136,Bronx,Kingsbridge Heights,75,Manhattan,East Harlem South,12,2.14,7.044,27.765,28.26,9,11786
136,Bronx,Kingsbridge Heights,119,Bronx,Highbridge,12,2.14,2.381,13.749,15.89,10,11786
150,Brooklyn,Manhattan Beach,155,Brooklyn,Marine Park/Mill Basin,12,4.07,4.959,15.89,19.89,6,11786
178,Brooklyn,Ocean Parkway South,165,Brooklyn,Midwood,12,4.43,1.403,10.758,11.76,4,11786
178,Brooklyn,Ocean Parkway South,228,Brooklyn,Sunset Park West,12,4.43,4.187,26.872,22.81,5,11786
185,Bronx,Pelham Parkway,18,Bronx,Bedford Park,12,2.44,2.79,15.356,17.86,6,11786
185,Bronx,Pelham Parkway,174,Bronx,Norwood,12,2.44,3.138,17.997,18.54,7,11786
190,Brooklyn,Prospect Park,17,Brooklyn,Bedford,12,3.58,2.491,16.101,19.5,4,11786
192,Queens,Queensboro Hill,129,Queens,Jackson Heights,12,4.56,4.812,18.16,23.53,2,11786
202,Manhattan,Roosevelt Island,132,Queens,JFK Airport,12,3.19,16.433,44.499,84.85,6,11786
203,Queens,Rosedale,86,Queens,Far Rockaway,12,3.18,4.659,18.231,22.7,6,11786
203,Queens,Rosedale,216,Queens,South Ozone Park,12,3.18,5.196,14.776,22.54,7,11786
203,Queens,Rosedale,219,Queens,Springfield Gardens South,12,3.18,2.081,7.368,15.22,8,11786
252,Queens,Whitestone,53,Queens,College Point,12,4.24,1.623,8.232,10.85,5,11786
257,Brooklyn,Windsor Terrace,33,Brooklyn,Brooklyn Heights,12,2.02,3.776,23.358,19.88,5,11786
3,Bronx,Allerton/Pelham Gardens,18,Bronx,Bedford Park,11,2.52,3.069,15.639,17.17,8,12373
11,Brooklyn,Bath Beach,123,Brooklyn,Homecrest,11,3.85,2.847,16.868,18.22,6,12373
11,Brooklyn,Bath Beach,165,Brooklyn,Midwood,11,3.85,5.11,25.211,22.15,7,12373
15,Queens,Bay Terrace/Fort Totten,16,Queens,Bayside,11,7.28,1.61,8.579,7.95,2,12373
20,Bronx,Belmont,32,Bronx,Bronxdale,11,2.28,1.666,8.823,10.91,6,12373
32,Bronx,Bronxdale,69,Bronx,East Concourse/Concourse Village,11,2.22,5.055,23.002,29.41,6,12373
34,Brooklyn,Brooklyn Navy Yard,37,Brooklyn,Bushwick South,11,1.78,2.512,15.445,22.1,10,12373
53,Queens,College Point,173,Queens,North Corona,11,3.06,3.621,16.597,19.43,5,12373
54,Brooklyn,Columbia Street,181,Brooklyn,Park Slope,11,2.72,2.198,15.668,16.93,3,12373
54,Brooklyn,Columbia Street,195,Brooklyn,Red Hook,11,2.72,0.998,5.853,14.97,4,12373
54,Brooklyn,Columbia Street,231,Manhattan,TriBeCa/Civic Center,11,2.72,4.95,19.483,40.35,5,12373
54,Brooklyn,Columbia Street,249,Manhattan,West Village,11,2.72,4.825,22.876,32.93,6,12373
86,Queens,Far Rockaway,124,Queens,Howard Beach,11,1.78,8.522,32.933,45.2,10,12373
94,Bronx,Fordham South,235,Bronx,University Heights/Morris Heights,11,2.21,1.686,11.327,13.45,9,12373
94,Bronx,Fordham South,254,Bronx,Williamsbridge/Olinville,11,2.21,4.233,18.565,20.53,10,12373
98,Queens,Fresh Meadows,95,Queens,Forest Hills,11,4.45,4.55,16.324,22.07,1,12373
98,Queens,Fresh Meadows,130,Queens,Jamaica,11,4.45,3.629,14.435,18.44,2,12373
117,Queens,Hammels/Arverne,35,Brooklyn,Brownsville,11,1.83,12.319,46.439,50.47,7,12373
117,Queens,Hammels/Arverne,124,Queens,Howard Beach,11,1.83,6.645,18.627,32.0,8,12373
117,Queens,Hammels/Arverne,203,Queens,Rosedale,11,1.83,5.973,29.461,29.04,9,12373
117,Queens,Hammels/Arverne,225,Brooklyn,Stuyvesant Heights,11,1.83,12.342,65.47,50.24,10,12373
122,Queens,Hollis,215,Queens,South Jamaica,11,2.7,2.625,13.755,14.4,6,12373
124,Queens,Howard Beach,35,Brooklyn,Brownsville,11,1.99,4.878,22.706,25.47,8,12373
124,Queens,Howard Beach,72,Brooklyn,East Flatbush/Remsen Village,11,1.99,4.931,23.362,24.01,9,12373
124,Queens,Howard Beach,130,Queens,Jamaica,11,1.99,5.669,20.318,29.09,10,12373
171,Queens,Murray Hill-Queens,129,Queens,Jackson Heights,11,3.38,4.446,17.444,23.32,2,12373
171,Queens,Murray Hill-Queens,257,Brooklyn,Windsor Terrace,11,3.38,13.227,70.939,52.0,3,12373
178,Brooklyn,Ocean Parkway South,133,Brooklyn,Kensington,11,4.06,1.814,12.385,13.45,6,12373
185,Bronx,Pelham Parkway,32,Bronx,Bronxdale,11,2.24,1.499,9.155,11.77,8,12373
185,Bronx,Pelham Parkway,254,Bronx,Williamsbridge/Olinville,11,2.24,2.742,14.882,15.86,9,12373
190,Brooklyn,Prospect Park,33,Brooklyn,Brooklyn Heights,11,3.28,3.765,22.9,23.26,5,12373
192,Queens,Queensboro Hill,82,Queens,Elmhurst,11,4.18,3.885,17.48,18.5,3,12373
192,Queens,Queensboro Hill,130,Queens,Jamaica,11,4.18,4.509,18.45,20.64,4,12373
202,Manhattan,Roosevelt Island,74,Manhattan,East Harlem North,11,2.93,6.338,35.632,38.07,7,12373
202,Manhattan,Roosevelt Island,162,Manhattan,Midtown East,11,2.93,2.748,25.53,25.62,8,12373
221,Staten Island,Stapleton,214,Staten Island,South Beach/Dongan Hills,11,18.33,3.386,14.624,17.97,1,12373
227,Brooklyn,Sunset Park East,37,Brooklyn,Bushwick South,11,1.68,7.217,39.182,46.06,10,12373
257,Brooklyn,Windsor Terrace,25,Brooklyn,Boerum Hill,11,1.85,2.935,19.602,18.43,6,12373
257,Brooklyn,Windsor Terrace,92,Queens,Flushing,11,1.85,14.235,42.85,52.88,7,12373
257,Brooklyn,Windsor Terrace,188,Brooklyn,Prospect-Lefferts Gardens,11,1.85,1.705,13.461,17.97,8,12373
3,Bronx,Allerton/Pelham Gardens,20,Bronx,Belmont,10,2.29,2.395,14.877,17.05,9,13002
3,Bronx,Allerton/Pelham Gardens,185,Bronx,Pelham Parkway,10,2.29,1.608,9.465,9.66,10,13002
11,Brooklyn,Bath Beach,29,Brooklyn,Brighton Beach,10,3.5,3.554,14.84,23.37,8,13002
11,Brooklyn,Bath Beach,140,Manhattan,Lenox Hill East,10,3.5,13.83,72.608,53.96,9,13002
11,Brooklyn,Bath Beach,228,Brooklyn,Sunset Park West,10,3.5,4.678,18.052,22.64,10,13002
19,Queens,Bellerose,76,Brooklyn,East New York,10,2.53,12.397,41.548,44.29,8,13002
20,Bronx,Belmont,47,Bronx,Claremont/Bathgate,10,2.07,1.22,8.853,11.7,7,13002
20,Bronx,Belmont,51,Bronx,Co-Op City,10,2.07,4.772,16.94,21.93,8,13002
20,Bronx,Belmont,167,Bronx,Morrisania/Melrose,10,2.07,2.497,14.598,14.32,9,13002
20,Bronx,Belmont,169,Bronx,Mount Hope,10,2.07,1.713,13.183,12.23,10,13002
32,Bronx,Bronxdale,18,Bronx,Bedford Park,10,2.02,1.857,11.228,15.16,7,13002
32,Bronx,Bronxdale,74,Manhattan,East Harlem North,10,2.02,7.953,33.488,33.36,8,13002
32,Bronx,Bronxdale,235,Bronx,University Heights/Morris Heights,10,2.02,3.533,21.82,24.5,9,13002
38,Queens,Cambria Heights,139,Queens,Laurelton,10,2.99,1.97,9.463,10.57,6,13002
54,Brooklyn,Columbia Street,148,Manhattan,Lower East Side,10,2.47,3.838,18.702,30.28,7,13002
54,Brooklyn,Columbia Street,161,Manhattan,Midtown Center,10,2.47,7.663,33.998,42.99,8,13002
54,Brooklyn,Columbia Street,162,Manhattan,Midtown East,10,2.47,6.366,28.755,41.04,9,13002
54,Brooklyn,Columbia Street,229,Manhattan,Sutton Place/Turtle Bay North,10,2.47,7.428,26.152,35.8,10,13002
64,Queens,Douglaston,95,Queens,Forest Hills,10,8.26,9.518,23.648,30.83,1,13002
67,Brooklyn,Dyker Heights,21,Brooklyn,Bensonhurst East,10,2.42,2.574,15.643,17.03,7,13002
73,Queens,East Flushing,129,Queens,Jackson Heights,10,6.54,5.224,20.05,23.92,2,13002
122,Queens,Hollis,28,Queens,Briarwood/Jamaica Hills,10,2.45,2.839,13.097,14.09,7,13002
122,Queens,Hollis,95,Queens,Forest Hills,10,2.45,5.3,21.463,26.08,8,13002
128,Manhattan,Inwood Hill Park,244,Manhattan,Washington Heights South,10,8.47,3.076,16.675,22.21,1,13002
139,Queens,Laurelton,10,Queens,Baisley Park,10,2.43,3.721,17.823,18.62,6,13002
139,Queens,Laurelton,38,Queens,Cambria Heights,10,2.43,1.667,7.602,12.14,7,13002
150,Brooklyn,Manhattan Beach,22,Brooklyn,Bensonhurst West,10,3.39,4.799,21.917,24.64,7,13002
150,Brooklyn,Manhattan Beach,29,Brooklyn,Brighton Beach,10,3.39,1.369,9.443,10.24,8,13002
153,Manhattan,Marble Hill,127,Manhattan,Inwood,10,5.05,0.899,5.272,8.6,2,13002
153,Manhattan,Marble Hill,243,Manhattan,Washington Heights North,10,5.05,2.12,11.892,15.83,3,13002
171,Queens,Murray Hill-Queens,82,Queens,Elmhurst,10,3.08,5.467,20.515,19.53,4,13002
178,Brooklyn,Ocean Parkway South,29,Brooklyn,Brighton Beach,10,3.69,2.956,24.187,21.08,7,13002
178,Brooklyn,Ocean Parkway South,91,Brooklyn,Flatlands,10,3.69,2.409,15.912,17.08,8,13002
178,Brooklyn,Ocean Parkway South,210,Brooklyn,Sheepshead Bay,10,3.69,3.011,16.422,14.14,9,13002
183,Bronx,Pelham Bay,51,Bronx,Co-Op City,10,4.05,2.058,7.595,13.2,1,13002
185,Bronx,Pelham Parkway,20,Bronx,Belmont,10,2.03,1.911,11.202,11.18,10,13002
190,Brooklyn,Prospect Park,255,Brooklyn,Williamsburg (North Side),10,2.99,5.211,28.945,32.34,6,13002
200,Bronx,Riverdale/North Riverdale/Fieldston,42,Manhattan,Central Harlem North,10,2.49,7.116,25.715,33.08,5,13002
200,Bronx,Riverdale/North Riverdale/Fieldston,236,Manhattan,Upper East Side North,10,2.49,10.875,40.373,46.47,6,13002
200,Bronx,Riverdale/North Riverdale/Fieldston,239,Manhattan,Upper West Side South,10,2.49,7.314,24.262,45.07,7,13002
201,Queens,Rockaway Park,27,Queens,Breezy Point/Fort Tilden/Riis Beach,10,5.46,4.24,11.78,15.97,2,13002
203,Queens,Rosedale,39,Brooklyn,Canarsie,10,2.65,10.806,31.458,40.79,9,13002
203,Queens,Rosedale,191,Queens,Queens Village,10,2.65,5.095,15.882,20.67,10,13002
207,Queens,Saint Michaels Cemetery/Woodside,138,Queens,LaGuardia Airport,10,7.41,1.789,3.24,86.85,1,13002
252,Queens,Whitestone,82,Queens,Elmhurst,10,3.53,7.729,18.487,26.43,6,13002
252,Queens,Whitestone,171,Queens,Murray Hill-Queens,10,3.53,1.898,10.648,12.89,7,13002
257,Brooklyn,Windsor Terrace,14,Brooklyn,Bay Ridge,10,1.69,5.228,19.928,23.14,9,13002
257,Brooklyn,Windsor Terrace,61,Brooklyn,Crown Heights North,10,1.69,3.427,18.985,21.44,10,13002
16,Queens,Bayside,95,Queens,Forest Hills,9,3.13,7.073,16.18,24.19,4,13788
32,Bronx,Bronxdale,20,Bronx,Belmont,9,1.81,1.672,12.006,15.73,10,13788
53,Queens,College Point,7,Queens,Astoria,9,2.51,6.922,22.078,30.4,6,13788
53,Queens,College Point,16,Queens,Bayside,9,2.51,5.789,17.641,21.35,7,13788
67,Brooklyn,Dyker Heights,33,Brooklyn,Brooklyn Heights,9,2.17,6.467,28.396,30.62,8,13788
120,Manhattan,Highbridge Park,42,Manhattan,Central Harlem North,9,10.84,2.269,7.869,14.28,1,13788
128,Manhattan,Inwood Hill Park,239,Manhattan,Upper West Side South,9,7.63,7.893,25.148,39.5,2,13788
128,Manhattan,Inwood Hill Park,243,Manhattan,Washington Heights North,9,7.63,1.283,11.811,14.06,3,13788
139,Queens,Laurelton,76,Brooklyn,East New York,9,2.18,8.443,23.656,28.09,8,13788
139,Queens,Laurelton,191,Queens,Queens Village,9,2.18,3.427,13.278,15.55,9,13788
139,Queens,Laurelton,218,Queens,Springfield Gardens North,9,2.18,1.6,7.204,11.4,10,13788
150,Brooklyn,Manhattan Beach,14,Brooklyn,Bay Ridge,9,3.05,6.813,23.485,29.26,9,13788
171,Queens,Murray Hill-Queens,16,Queens,Bayside,9,2.77,2.211,10.402,12.58,5,13788
171,Queens,Murray Hill-Queens,73,Queens,East Flushing,9,2.77,1.027,6.481,9.02,6,13788
171,Queens,Murray Hill-Queens,121,Queens,Hillcrest/Pomonok,9,2.77,3.64,18.181,16.35,7,13788
178,Brooklyn,Ocean Parkway South,14,Brooklyn,Bay Ridge,9,3.32,4.922,28.074,24.35,10,13788
183,Bronx,Pelham Bay,244,Manhattan,Washington Heights South,9,3.64,8.736,44.57,38.33,2,13788
190,Brooklyn,Prospect Park,80,Brooklyn,East Williamsburg,9,2.69,4.708,26.331,27.04,7,13788
190,Brooklyn,Prospect Park,97,Brooklyn,Fort Greene,9,2.69,1.81,14.424,16.17,8,13788
192,Queens,Queensboro Hill,145,Queens,Long Island City/Hunters Point,9,3.42,8.214,24.106,30.49,5,13788
194,Manhattan,Randalls Island,236,Manhattan,Upper East Side North,9,5.2,2.85,14.324,62.26,3,13788
200,Bronx,Riverdale/North Riverdale/Fieldston,75,Manhattan,East Harlem South,9,2.24,9.127,38.935,34.89,8,13788
200,Bronx,Riverdale/North Riverdale/Fieldston,140,Manhattan,Lenox Hill East,9,2.24,12.103,49.604,42.41,9,13788
200,Bronx,Riverdale/North Riverdale/Fieldston,161,Manhattan,Midtown Center,9,2.24,11.783,56.306,42.2,10,13788
207,Queens,Saint Michaels Cemetery/Woodside,145,Queens,Long Island City/Hunters Point,9,6.67,3.889,37.13,63.72,2,13788
207,Queens,Saint Michaels Cemetery/Woodside,230,Manhattan,Times Sq/Theatre District,9,6.67,6.891,30.283,73.35,3,13788
16,Queens,Bayside,130,Queens,Jamaica,8,2.78,6.626,21.027,27.21,5,14672
16,Queens,Bayside,191,Queens,Queens Village,8,2.78,4.381,13.056,14.86,6,14672
19,Queens,Bellerose,16,Queens,Bayside,8,2.02,4.903,12.821,18.74,9,14672
19,Queens,Bellerose,64,Queens,Douglaston,8,2.02,2.619,7.729,10.02,10,14672
38,Queens,Cambria Heights,132,Queens,JFK Airport,8,2.39,7.328,14.102,50.69,7,14672
38,Queens,Cambria Heights,142,Manhattan,Lincoln Square East,8,2.39,15.888,65.748,69.47,8,14672
38,Queens,Cambria Heights,216,Queens,South Ozone Park,8,2.39,6.784,22.404,22.82,9,14672
53,Queens,College Point,95,Queens,Forest Hills,8,2.23,5.598,16.592,24.17,8,14672
53,Queens,College Point,252,Queens,Whitestone,8,2.23,1.211,8.148,11.28,9,14672
67,Brooklyn,Dyker Heights,89,Brooklyn,Flatbush/Ditmas Park,8,1.93,5.556,24.563,31.58,9,14672
73,Queens,East Flushing,171,Queens,Murray Hill-Queens,8,5.23,1.18,6.515,6.68,3,14672
96,Queens,Forest Park/Highland Park,197,Queens,Richmond Hill,8,7.92,1.365,7.002,13.07,1,14672
98,Queens,Fresh Meadows,191,Queens,Queens Village,8,3.24,4.17,13.288,13.42,3,14672
120,Manhattan,Highbridge Park,74,Manhattan,East Harlem North,8,9.64,3.61,9.938,15.23,2,14672
120,Manhattan,Highbridge Park,75,Manhattan,East Harlem South,8,9.64,5.043,12.992,21.04,3,14672
122,Queens,Hollis,82,Queens,Elmhurst,8,1.96,8.092,21.798,27.92,9,14672
122,Queens,Hollis,121,Queens,Hillcrest/Pomonok,8,1.96,3.573,14.183,15.3,10,14672
150,Brooklyn,Manhattan Beach,91,Brooklyn,Flatlands,8,2.71,5.969,21.171,22.86,10,14672
153,Manhattan,Marble Hill,42,Manhattan,Central Harlem North,8,4.04,7.445,22.196,22.55,4,14672
153,Manhattan,Marble Hill,69,Bronx,East Concourse/Concourse Village,8,4.04,5.003,21.065,24.82,5,14672
171,Queens,Murray Hill-Queens,7,Queens,Astoria,8,2.46,7.323,23.035,28.47,8,14672
175,Queens,Oakland Gardens,191,Queens,Queens Village,8,4.28,2.723,11.658,15.75,2,14672
190,Brooklyn,Prospect Park,14,Brooklyn,Bay Ridge,8,2.39,6.053,27.967,28.22,9,14672
190,Brooklyn,Prospect Park,225,Brooklyn,Stuyvesant Heights,8,2.39,2.734,22.327,23.97,10,14672
192,Queens,Queensboro Hill,95,Queens,Forest Hills,8,3.04,2.696,12.323,13.25,6,14672
194,Manhattan,Randalls Island,238,Manhattan,Upper West Side North,8,4.62,4.578,21.046,69.89,4,14672
201,Queens,Rockaway Park,86,Queens,Far Rockaway,8,4.37,4.585,22.227,27.11,3,14672
202,Manhattan,Roosevelt Island,137,Manhattan,Kips Bay,8,2.13,3.989,29.021,31.17,9,14672
202,Manhattan,Roosevelt Island,223,Queens,Steinway,8,2.13,3.138,19.075,25.56,10,14672
9,Queens,Auburndale,130,Queens,Jamaica,7,4.0,4.034,26.15,23.15,2,15744
9,Queens,Auburndale,135,Queens,Kew Gardens Hills,7,4.0,2.991,12.462,16.66,3,15744
15,Queens,Bay Terrace/Fort Totten,137,Manhattan,Kips Bay,7,4.64,14.674,65.569,48.87,3,15744
16,Queens,Bayside,15,Queens,Bay Terrace/Fort Totten,7,2.43,1.894,8.305,8.01,7,15744
16,Queens,Bayside,129,Queens,Jackson Heights,7,2.43,8.893,23.907,34.34,8,15744
16,Queens,Bayside,173,Queens,North Corona,7,2.43,7.039,19.15,25.95,9,15744
16,Queens,Bayside,188,Brooklyn,Prospect-Lefferts Gardens,7,2.43,13.114,75.081,47.0,10,15744
38,Queens,Cambria Heights,61,Brooklyn,Crown Heights North,7,2.09,15.811,57.39,42.68,10,15744
53,Queens,College Point,121,Queens,Hillcrest/Pomonok,7,1.95,6.134,17.479,26.12,10,15744
67,Brooklyn,Dyker Heights,29,Brooklyn,Brighton Beach,7,1.69,6.007,21.133,26.9,10,15744
73,Queens,East Flushing,226,Queens,Sunnyside,7,4.58,7.21,31.317,32.45,4,15744
98,Queens,Fresh Meadows,7,Queens,Astoria,7,2.83,9.651,23.8,39.43,4,15744
98,Queens,Fresh Meadows,16,Queens,Bayside,7,2.83,2.863,11.943,15.22,5,15744
98,Queens,Fresh Meadows,28,Queens,Briarwood/Jamaica Hills,7,2.83,3.664,13.921,15.73,6,15744
98,Queens,Fresh Meadows,82,Queens,Elmhurst,7,2.83,5.09,18.624,19.79,7,15744
98,Queens,Fresh Meadows,92,Queens,Flushing,7,2.83,3.497,16.576,17.11,8,15744
153,Manhattan,Marble Hill,41,Manhattan,Central Harlem,7,3.54,6.326,24.579,28.53,6,15744
153,Manhattan,Marble Hill,116,Manhattan,Hamilton Heights,7,3.54,5.171,21.783,23.07,7,15744
153,Manhattan,Marble Hill,174,Bronx,Norwood,7,3.54,3.04,14.212,16.04,8,15744
171,Queens,Murray Hill-Queens,9,Queens,Auburndale,7,2.15,1.391,8.538,10.94,9,15744
171,Queens,Murray Hill-Queens,53,Queens,College Point,7,2.15,2.074,12.338,12.65,10,15744
175,Queens,Oakland Gardens,64,Queens,Douglaston,7,3.74,1.637,8.712,25.86,3,15744
175,Queens,Oakland Gardens,198,Queens,Ridgewood,7,3.74,10.107,19.743,30.38,4,15744
183,Bronx,Pelham Bay,168,Bronx,Mott Haven/Port Morris,7,2.83,6.759,17.574,28.41,3,15744
183,Bronx,Pelham Bay,235,Bronx,University Heights/Morris Heights,7,2.83,6.927,20.821,24.33,4,15744
183,Bronx,Pelham Bay,242,Bronx,Van Nest/Morris Park,7,2.83,2.646,11.598,14.53,5,15744
194,Manhattan,Randalls Island,239,Manhattan,Upper West Side South,7,4.05,5.64,30.869,78.34,5,15744
201,Queens,Rockaway Park,124,Queens,Howard Beach,7,3.83,6.713,20.06,27.94,4,15744
201,Queens,Rockaway Park,210,Brooklyn,Sheepshead Bay,7,3.83,8.35,22.44,36.73,5,15744
207,Queens,Saint Michaels Cemetery/Woodside,129,Queens,Jackson Heights,7,5.19,0.314,0.879,73.02,4,15744
252,Queens,Whitestone,179,Queens,Old Astoria,7,2.47,7.773,20.886,27.79,8,15744
6,Staten Island,Arrochar/Fort Wadsworth,228,Brooklyn,Sunset Park West,6,7.59,5.593,17.561,32.15,3,16964
9,Queens,Auburndale,16,Queens,Bayside,6,3.43,1.147,6.025,8.35,4,16964
9,Queens,Auburndale,95,Queens,Forest Hills,6,3.43,6.127,17.103,22.04,5,16964
15,Queens,Bay Terrace/Fort Totten,9,Queens,Auburndale,6,3.97,3.032,10.1,9.57,4,16964
15,Queens,Bay Terrace/Fort Totten,171,Queens,Murray Hill-Queens,6,3.97,2.425,10.019,12.85,5,16964
46,Bronx,City Island,78,Bronx,East Tremont,6,9.23,8.577,22.269,30.89,1,16964
73,Queens,East Flushing,74,Manhattan,East Harlem North,6,3.92,9.263,32.756,39.34,5,16964
73,Queens,East Flushing,192,Queens,Queensboro Hill,6,3.92,1.53,9.125,8.16,6,16964
98,Queens,Fresh Meadows,80,Brooklyn,East Williamsburg,6,2.43,10.7,46.528,35.62,9,16964
101,Queens,Glen Oaks,19,Queens,Bellerose,6,2.9,1.855,7.525,10.83,3,16964
101,Queens,Glen Oaks,37,Brooklyn,Bushwick South,6,2.9,14.923,31.375,50.21,4,16964
101,Queens,Glen Oaks,76,Brooklyn,East New York,6,2.9,13.08,40.772,46.74,5,16964
101,Queens,Glen Oaks,130,Queens,Jamaica,6,2.9,7.085,15.228,21.56,6,16964
101,Queens,Glen Oaks,215,Queens,South Jamaica,6,2.9,9.592,27.747,35.12,7,16964
120,Manhattan,Highbridge Park,244,Manhattan,Washington Heights South,6,7.23,1.145,6.431,18.0,4,16964
128,Manhattan,Inwood Hill Park,166,Manhattan,Morningside Heights,6,5.08,5.658,17.758,20.05,4,16964
128,Manhattan,Inwood Hill Park,238,Manhattan,Upper West Side North,6,5.08,7.17,21.508,31.37,5,16964
153,Manhattan,Marble Hill,241,Bronx,Van Cortlandt Village,6,3.03,0.803,5.275,6.93,9,16964
154,Brooklyn,Marine Park/Floyd Bennett Field,89,Brooklyn,Flatbush/Ditmas Park,6,8.0,3.132,20.744,33.02,1,16964
175,Queens,Oakland Gardens,92,Queens,Flushing,6,3.21,5.188,20.336,20.63,5,16964
175,Queens,Oakland Gardens,95,Queens,Forest Hills,6,3.21,5.948,16.283,23.99,6,16964
183,Bronx,Pelham Bay,48,Manhattan,Clinton East,6,2.43,12.593,56.628,49.82,6,16964
183,Bronx,Pelham Bay,69,Bronx,East Concourse/Concourse Village,6,2.43,7.35,28.878,33.57,7,16964
183,Bronx,Pelham Bay,126,Bronx,Hunts Point,6,2.43,5.493,18.294,20.32,8,16964
183,Bronx,Pelham Bay,159,Bronx,Melrose South,6,2.43,6.778,26.928,26.23,9,16964
183,Bronx,Pelham Bay,174,Bronx,Norwood,6,2.43,4.748,19.939,28.43,10,16964
192,Queens,Queensboro Hill,7,Queens,Astoria,6,2.28,7.202,22.433,31.49,7,16964
194,Manhattan,Randalls Island,237,Manhattan,Upper East Side South,6,3.47,5.197,29.044,73.01,6,16964
201,Queens,Rockaway Park,61,Brooklyn,Crown Heights North,6,3.28,11.328,48.247,49.9,6,16964
201,Queens,Rockaway Park,155,Brooklyn,Marine Park/Mill Basin,6,3.28,6.33,18.347,25.87,7,16964
214,Staten Island,South Beach/Dongan Hills,14,Brooklyn,Bay Ridge,6,20.69,5.97,19.711,35.49,1,16964
221,Staten Island,Stapleton,6,Staten Island,Arrochar/Fort Wadsworth,6,10.0,1.482,6.919,9.28,2,16964
240,Bronx,Van Cortlandt Park,75,Manhattan,East Harlem South,6,5.31,8.36,37.039,41.38,1,16964
252,Queens,Whitestone,130,Queens,Jamaica,6,2.12,7.705,21.489,31.49,9,16964
252,Queens,Whitestone,173,Queens,North Corona,6,2.12,4.663,16.875,23.4,10,16964
9,Queens,Auburndale,68,Manhattan,East Chelsea,5,2.86,12.376,56.933,50.36,6,18425
9,Queens,Auburndale,171,Queens,Murray Hill-Queens,5,2.86,1.414,7.077,9.49,7,18425
9,Queens,Auburndale,215,Queens,South Jamaica,5,2.86,5.34,41.773,25.72,8,18425
15,Queens,Bay Terrace/Fort Totten,74,Manhattan,East Harlem North,5,3.31,14.768,48.863,53.18,6,18425
31,Bronx,Bronx Park,47,Bronx,Claremont/Bathgate,5,4.31,1.988,12.077,14.88,1,18425
31,Bronx,Bronx Park,238,Manhattan,Upper West Side North,5,4.31,10.478,31.343,54.84,2,18425
46,Bronx,City Island,136,Bronx,Kingsbridge Heights,5,7.69,8.882,32.88,23.52,2,18425
57,Queens,Corona,25,Brooklyn,Boerum Hill,5,7.81,10.0,65.327,39.6,1,18425
73,Queens,East Flushing,14,Brooklyn,Bay Ridge,5,3.27,16.6,101.66,58.4,7,18425
73,Queens,East Flushing,145,Queens,Long Island City/Hunters Point,5,3.27,9.818,25.31,35.24,8,18425
98,Queens,Fresh Meadows,9,Queens,Auburndale,5,2.02,1.324,12.997,8.65,10,18425
101,Queens,Glen Oaks,122,Queens,Hollis,5,2.42,4.846,19.65,23.89,8,18425
101,Queens,Glen Oaks,203,Queens,Rosedale,5,2.42,8.816,21.07,28.9,9,18425
101,Queens,Glen Oaks,205,Queens,Saint Albans,5,2.42,7.47,19.903,25.74,10,18425
115,Staten Island,Grymes Hill/Clifton,6,Staten Island,Arrochar/Fort Wadsworth,5,13.16,1.504,7.067,9.42,1,18425
115,Staten Island,Grymes Hill/Clifton,14,Brooklyn,Bay Ridge,5,13.16,5.47,17.657,32.38,2,18425
120,Manhattan,Highbridge Park,68,Manhattan,East Chelsea,5,6.02,9.012,28.347,39.4,5,18425
128,Manhattan,Inwood Hill Park,127,Manhattan,Inwood,5,4.24,0.676,5.647,10.64,6,18425
153,Manhattan,Marble Hill,238,Manhattan,Upper West Side North,5,2.53,7.566,37.39,34.61,10,18425
154,Brooklyn,Marine Park/Floyd Bennett Field,91,Brooklyn,Flatlands,5,6.67,4.946,25.353,25.71,2,18425
175,Queens,Oakland Gardens,129,Queens,Jackson Heights,5,2.67,9.092,23.873,33.95,7,18425
175,Queens,Oakland Gardens,130,Queens,Jamaica,5,2.67,5.5,19.037,26.3,8,18425
175,Queens,Oakland Gardens,171,Queens,Murray Hill-Queens,5,2.67,4.73,17.583,18.73,9,18425
175,Queens,Oakland Gardens,223,Queens,Steinway,5,2.67,10.366,37.427,37.11,10,18425
184,Bronx,Pelham Bay Park,68,Manhattan,East Chelsea,5,9.62,13.226,80.31,53.86,1,18425
192,Queens,Queensboro Hill,53,Queens,College Point,5,1.9,3.634,14.697,10.76,8,18425
192,Queens,Queensboro Hill,89,Brooklyn,Flatbush/Ditmas Park,5,1.9,15.124,76.14,56.9,9,18425
192,Queens,Queensboro Hill,157,Queens,Maspeth,5,1.9,4.794,13.33,21.36,10,18425
194,Manhattan,Randalls Island,74,Manhattan,East Harlem North,5,2.89,1.62,5.66,73.1,7,18425
194,Manhattan,Randalls Island,75,Manhattan,East Harlem South,5,2.89,2.194,9.29,46.3,8,18425
194,Manhattan,Randalls Island,116,Manhattan,Hamilton Heights,5,2.89,2.932,24.417,27.94,9,18425
201,Queens,Rockaway Park,14,Brooklyn,Bay Ridge,5,2.73,12.56,29.21,46.76,8,18425
201,Queens,Rockaway Park,71,Brooklyn,East Flatbush/Farragut,5,2.73,9.41,41.38,34.81,9,18425
207,Queens,Saint Michaels Cemetery/Woodside,162,Manhattan,Midtown East,5,3.7,6.226,24.797,76.74,5,18425
207,Queens,Saint Michaels Cemetery/Woodside,164,Manhattan,Midtown South,5,3.7,6.806,24.297,71.17,6,18425
207,Queens,Saint Michaels Cemetery/Woodside,225,Brooklyn,Stuyvesant Heights,5,3.7,7.744,53.203,31.7,7,18425
240,Bronx,Van Cortlandt Park,243,Manhattan,Washington Heights North,5,4.42,6.154,20.483,29.06,2,18425
1,EWR,Newark Airport,132,Queens,JFK Airport,4,18.18,30.783,80.542,155.49,1,20260
9,Queens,Auburndale,7,Queens,Astoria,4,2.29,10.33,22.367,35.92,9,20260
9,Queens,Auburndale,98,Queens,Fresh Meadows,4,2.29,0.995,5.988,11.37,10,20260
15,Queens,Bay Terrace/Fort Totten,7,Queens,Astoria,4,2.65,8.608,22.121,32.16,7,20260
15,Queens,Bay Terrace/Fort Totten,82,Queens,Elmhurst,4,2.65,8.88,17.758,32.38,8,20260
15,Queens,Bay Terrace/Fort Totten,191,Queens,Queens Village,4,2.65,6.62,17.213,27.85,9,20260
15,Queens,Bay Terrace/Fort Totten,252,Queens,Whitestone,4,2.65,1.493,6.196,8.96,10,20260
30,Queens,Broad Channel,124,Queens,Howard Beach,4,36.36,4.863,14.379,22.19,1,20260
31,Bronx,Bronx Park,32,Bronx,Bronxdale,4,3.45,0.982,8.692,10.22,3,20260
31,Bronx,Bronx Park,242,Bronx,Van Nest/Morris Park,4,3.45,2.815,14.513,19.13,4,20260
31,Bronx,Bronx Park,247,Bronx,West Concourse,4,3.45,4.72,27.471,29.97,5,20260
46,Bronx,City Island,147,Bronx,Longwood,4,6.15,9.56,31.238,41.39,3,20260
57,Queens,Corona,56,Queens,Corona,4,6.25,0.987,6.092,32.24,2,20260
57,Queens,Corona,82,Queens,Elmhurst,4,6.25,1.595,11.237,11.73,3,20260
57,Queens,Corona,129,Queens,Jackson Heights,4,6.25,1.635,13.467,10.67,4,20260
58,Bronx,Country Club,18,Bronx,Bedford Park,4,7.02,5.735,22.529,27.56,1,20260
59,Bronx,Crotona Park,47,Bronx,Claremont/Bathgate,4,16.67,1.348,7.617,7.18,1,20260
64,Queens,Douglaston,101,Queens,Glen Oaks,4,3.31,2.438,10.133,14.63,2,20260
64,Queens,Douglaston,121,Queens,Hillcrest/Pomonok,4,3.31,5.725,14.121,26.83,3,20260
64,Queens,Douglaston,130,Queens,Jamaica,4,3.31,6.998,19.879,28.07,4,20260
64,Queens,Douglaston,192,Queens,Queensboro Hill,4,3.31,5.58,22.508,22.45,5,20260
64,Queens,Douglaston,226,Queens,Sunnyside,4,3.31,13.218,25.308,44.39,6,20260
73,Queens,East Flushing,16,Queens,Bayside,4,2.61,1.375,9.638,7.54,9,20260
73,Queens,East Flushing,82,Queens,Elmhurst,4,2.61,5.268,18.738,24.86,10,20260
96,Queens,Forest Park/Highland Park,36,Brooklyn,Bushwick North,4,3.96,3.407,14.55,15.5,2,20260
96,Queens,Forest Park/Highland Park,132,Queens,JFK Airport,4,3.96,5.965,19.196,95.38,3,20260
96,Queens,Forest Park/Highland Park,198,Queens,Ridgewood,4,3.96,3.595,18.046,15.16,4,20260
118,Staten Island,Heartland Village/Todt Hill,228,Brooklyn,Sunset Park West,4,22.22,7.783,23.033,42.72,1,20260
128,Manhattan,Inwood Hill Park,50,Manhattan,Clinton West,4,3.39,8.903,27.354,40.71,7,20260
128,Manhattan,Inwood Hill Park,116,Manhattan,Hamilton Heights,4,3.39,3.98,13.375,22.74,8,20260
128,Manhattan,Inwood Hill Park,140,Manhattan,Lenox Hill East,4,3.39,8.53,33.513,46.22,9,20260
128,Manhattan,Inwood Hill Park,151,Manhattan,Manhattan Valley,4,3.39,7.083,25.358,32.04,10,20260
154,Brooklyn,Marine Park/Floyd Bennett Field,210,Brooklyn,Sheepshead Bay,4,5.33,1.845,8.85,16.5,3,20260
172,Staten Island,New Dorp/Midland Beach,214,Staten Island,South Beach/Dongan Hills,4,23.53,2.1,9.717,21.45,1,20260
172,Staten Island,New Dorp/Midland Beach,221,Staten Island,Stapleton,4,23.53,4.115,15.738,32.95,2,20260
194,Manhattan,Randalls Island,7,Queens,Astoria,4,2.31,5.11,17.642,30.87,10,20260
201,Queens,Rockaway Park,13,Manhattan,Battery Park City,4,2.19,17.23,98.25,77.11,10,20260
206,Staten Island,Saint George/New Brighton,6,Staten Island,Arrochar/Fort Wadsworth,4,25.0,3.713,18.583,22.45,1,20260
207,Queens,Saint Michaels Cemetery/Woodside,146,Queens,Long Island City/Queens Plaza,4,2.96,3.852,11.987,63.47,8,20260
207,Queens,Saint Michaels Cemetery/Woodside,223,Queens,Steinway,4,2.96,0.225,5.304,38.95,9,20260
207,Queens,Saint Michaels Cemetery/Woodside,226,Queens,Sunnyside,4,2.96,2.498,108.7,42.15,10,20260
214,Staten Island,South Beach/Dongan Hills,6,Staten Island,Arrochar/Fort Wadsworth,4,13.79,1.745,6.988,10.6,2,20260
221,Staten Island,Stapleton,26,Brooklyn,Borough Park,4,6.67,5.358,26.75,37.45,3,20260
221,Staten Island,Stapleton,228,Brooklyn,Sunset Park West,4,6.67,9.103,25.058,42.4,4,20260
240,Bronx,Van Cortlandt Park,81,Bronx,Eastchester,4,3.54,2.778,14.846,22.03,3,20260
240,Bronx,Van Cortlandt Park,185,Bronx,Pelham Parkway,4,3.54,3.758,17.904,22.55,4,20260
240,Bronx,Van Cortlandt Park,239,Manhattan,Upper West Side South,4,3.54,10.995,28.396,44.59,5,20260
6,Staten Island,Arrochar/Fort Wadsworth,214,Staten Island,South Beach/Dongan Hills,3,3.8,1.63,8.3,14.54,4,22674
23,Staten Island,Bloomfield/Emerson Hill,22,Brooklyn,Bensonhurst West,3,9.68,9.277,32.456,36.37,1,22674
23,Staten Island,Bloomfield/Emerson Hill,26,Brooklyn,Borough Park,3,9.68,9.52,25.322,46.95,2,22674
23,Staten Island,Bloomfield/Emerson Hill,214,Staten Island,South Beach/Dongan Hills,3,9.68,5.53,19.372,27.77,3,22674
31,Bronx,Bronx Park,116,Manhattan,Hamilton Heights,3,2.59,7.54,28.044,32.86,6,22674
46,Bronx,City Island,243,Manhattan,Washington Heights North,3,4.62,10.93,32.056,47.13,4,22674
57,Queens,Corona,7,Queens,Astoria,3,4.69,5.78,26.628,24.78,5,22674
58,Bronx,Country Club,42,Manhattan,Central Harlem North,3,5.26,8.71,47.811,24.3,2,22674
58,Bronx,Country Club,208,Bronx,Schuylerville/Edgewater Park,3,5.26,1.877,9.15,13.9,3,22674
58,Bronx,Country Club,234,Manhattan,Union Sq,3,5.26,14.567,99.239,47.0,4,22674
59,Bronx,Crotona Park,169,Bronx,Mount Hope,3,12.5,1.213,8.6,10.41,2,22674
64,Queens,Douglaston,16,Queens,Bayside,3,2.48,2.787,9.961,7.96,7,22674
64,Queens,Douglaston,38,Queens,Cambria Heights,3,2.48,5.99,11.911,23.74,8,22674
64,Queens,Douglaston,92,Queens,Flushing,3,2.48,8.853,25.039,30.84,9,22674
64,Queens,Douglaston,129,Queens,Jackson Heights,3,2.48,12.25,35.639,40.07,10,22674
96,Queens,Forest Park/Highland Park,82,Queens,Elmhurst,3,2.97,3.347,17.006,19.34,5,22674
96,Queens,Forest Park/Highland Park,145,Queens,Long Island City/Hunters Point,3,2.97,8.02,28.339,35.48,6,22674
96,Queens,Forest Park/Highland Park,216,Queens,South Ozone Park,3,2.97,3.05,16.278,20.38,7,22674
96,Queens,Forest Park/Highland Park,255,Brooklyn,Williamsburg (North Side),3,2.97,6.72,31.806,36.38,8,22674
118,Staten Island,Heartland Village/Todt Hill,14,Brooklyn,Bay Ridge,3,16.67,10.877,29.239,46.65,2,22674
120,Manhattan,Highbridge Park,50,Manhattan,Clinton West,3,3.61,7.337,19.189,35.4,6,22674
154,Brooklyn,Marine Park/Floyd Bennett Field,14,Brooklyn,Bay Ridge,3,4.0,9.287,17.144,37.6,4,22674
154,Brooklyn,Marine Park/Floyd Bennett Field,132,Queens,JFK Airport,3,4.0,11.263,49.667,46.23,5,22674
154,Brooklyn,Marine Park/Floyd Bennett Field,149,Brooklyn,Madison,3,4.0,1.973,12.761,15.73,6,22674
154,Brooklyn,Marine Park/Floyd Bennett Field,155,Brooklyn,Marine Park/Mill Basin,3,4.0,1.283,2.411,21.45,7,22674
154,Brooklyn,Marine Park/Floyd Bennett Field,181,Brooklyn,Park Slope,3,4.0,10.11,35.361,40.28,8,22674
184,Bronx,Pelham Bay Park,126,Bronx,Hunts Point,3,5.77,6.69,13.272,25.21,2,22674
184,Bronx,Pelham Bay Park,183,Bronx,Pelham Bay,3,5.77,1.37,7.244,9.93,3,22674
214,Staten Island,South Beach/Dongan Hills,195,Brooklyn,Red Hook,3,10.34,8.817,23.656,21.83,3,22674
221,Staten Island,Stapleton,14,Brooklyn,Bay Ridge,3,5.0,5.093,18.322,30.41,5,22674
240,Bronx,Van Cortlandt Park,41,Manhattan,Central Harlem,3,2.65,8.04,35.733,36.73,6,22674
240,Bronx,Van Cortlandt Park,78,Bronx,East Tremont,3,2.65,3.867,20.428,24.19,7,22674
240,Bronx,Van Cortlandt Park,159,Bronx,Melrose South,3,2.65,6.487,21.578,28.0,8,22674
240,Bronx,Van Cortlandt Park,242,Bronx,Van Nest/Morris Park,3,2.65,4.327,34.672,24.64,9,22674
240,Bronx,Van Cortlandt Park,244,Manhattan,Washington Heights South,3,2.65,8.623,23.3,32.93,10,22674
253,Queens,Willets Point,130,Queens,Jamaica,3,10.71,5.843,40.772,26.9,1,22674
1,EWR,Newark Airport,13,Manhattan,Battery Park City,2,9.09,13.4,30.092,109.32,2,25742
1,EWR,Newark Airport,87,Manhattan,Financial District North,2,9.09,14.19,44.075,109.59,3,25742
1,EWR,Newark Airport,138,Queens,LaGuardia Airport,2,9.09,25.86,86.192,190.46,4,25742
1,EWR,Newark Airport,163,Manhattan,Midtown North,2,9.09,16.995,67.6,119.51,5,25742
6,Staten Island,Arrochar/Fort Wadsworth,106,Brooklyn,Gowanus,2,2.53,9.46,24.917,28.92,5,25742
6,Staten Island,Arrochar/Fort Wadsworth,162,Manhattan,Midtown East,2,2.53,17.2,43.4,76.01,6,25742
6,Staten Island,Arrochar/Fort Wadsworth,181,Brooklyn,Park Slope,2,2.53,10.6,33.067,55.73,7,25742
6,Staten Island,Arrochar/Fort Wadsworth,221,Staten Island,Stapleton,2,2.53,1.06,4.2,10.92,8,25742
6,Staten Island,Arrochar/Fort Wadsworth,261,Manhattan,World Trade Center,2,2.53,9.55,36.933,50.2,9,25742
8,Queens,Astoria Park,7,Queens,Astoria,2,6.67,1.38,12.483,19.2,1,25742
8,Queens,Astoria Park,138,Queens,LaGuardia Airport,2,6.67,3.86,5.0,98.85,2,25742
8,Queens,Astoria Park,223,Queens,Steinway,2,6.67,1.005,1.508,87.0,3,25742
8,Queens,Astoria Park,260,Queens,Woodside,2,6.67,2.77,13.258,16.46,4,25742
23,Staten Island,Bloomfield/Emerson Hill,6,Staten Island,Arrochar/Fort Wadsworth,2,6.45,3.96,8.642,17.16,4,25742
23,Staten Island,Bloomfield/Emerson Hill,48,Manhattan,Clinton East,2,6.45,17.785,42.308,99.66,5,25742
23,Staten Island,Bloomfield/Emerson Hill,97,Brooklyn,Fort Greene,2,6.45,14.97,38.325,53.18,6,25742
23,Staten Island,Bloomfield/Emerson Hill,221,Staten Island,Stapleton,2,6.45,5.125,14.242,28.85,7,25742
27,Queens,Breezy Point/Fort Tilden/Riis Beach,14,Brooklyn,Bay Ridge,2,15.38,14.35,26.792,48.1,1,25742
27,Queens,Breezy Point/Fort Tilden/Riis Beach,89,Brooklyn,Flatbush/Ditmas Park,2,15.38,6.495,30.867,40.58,2,25742
27,Queens,Breezy Point/Fort Tilden/Riis Beach,201,Queens,Rockaway Park,2,15.38,5.085,13.2,27.24,3,25742
31,Bronx,Bronx Park,7,Queens,Astoria,2,1.72,9.385,27.617,45.13,7,25742
31,Bronx,Bronx Park,18,Bronx,Bedford Park,2,1.72,1.97,9.308,16.24,8,25742
31,Bronx,Bronx Park,20,Bronx,Belmont,2,1.72,1.15,9.217,12.75,9,25742
31,Bronx,Bronx Park,51,Bronx,Co-Op City,2,1.72,3.115,13.025,12.07,10,25742
46,Bronx,City Island,9,Queens,Auburndale,2,3.08,10.3,24.492,45.94,5,25742
46,Bronx,City Island,32,Bronx,Bronxdale,2,3.08,4.635,12.775,11.65,6,25742
46,Bronx,City Island,35,Brooklyn,Brownsville,2,3.08,16.6,55.442,63.94,7,25742
46,Bronx,City Island,51,Bronx,Co-Op City,2,3.08,4.43,15.208,23.04,8,25742
46,Bronx,City Island,74,Manhattan,East Harlem North,2,3.08,6.3,72.642,41.0,9,25742
46,Bronx,City Island,182,Bronx,Parkchester,2,3.08,7.155,20.408,32.37,10,25742
57,Queens,Corona,92,Queens,Flushing,2,3.13,1.75,19.358,14.47,6,25742
57,Queens,Corona,135,Queens,Kew Gardens Hills,2,3.13,3.96,10.917,20.87,7,25742
57,Queens,Corona,197,Queens,Richmond Hill,2,3.13,5.68,16.567,25.14,8,25742
57,Queens,Corona,198,Queens,Ridgewood,2,3.13,8.135,25.925,40.07,9,25742
57,Queens,Corona,212,Bronx,Soundview/Bruckner,2,3.13,8.565,24.642,41.65,10,25742
58,Bronx,Country Club,20,Bronx,Belmont,2,3.51,4.965,18.042,25.74,5,25742
58,Bronx,Country Club,56,Queens,Corona,2,3.51,9.655,23.425,40.02,6,25742
58,Bronx,Country Club,76,Brooklyn,East New York,2,3.51,16.5,38.133,62.94,7,25742
58,Bronx,Country Club,107,Manhattan,Gramercy,2,3.51,12.925,50.95,59.32,8,25742
58,Bronx,Country Club,159,Bronx,Melrose South,2,3.51,5.455,27.075,30.95,9,25742
58,Bronx,Country Club,174,Bronx,Norwood,2,3.51,5.0,47.475,26.5,10,25742
59,Bronx,Crotona Park,69,Bronx,East Concourse/Concourse Village,2,8.33,2.55,20.808,19.75,3,25742
96,Queens,Forest Park/Highland Park,16,Queens,Bayside,2,1.98,9.725,26.942,40.64,9,25742
96,Queens,Forest Park/Highland Park,35,Brooklyn,Brownsville,2,1.98,2.685,11.35,13.64,10,25742
111,Brooklyn,Green-Wood Cemetery,14,Brooklyn,Bay Ridge,2,16.67,4.905,16.45,21.54,1,25742
115,Staten Island,Grymes Hill/Clifton,22,Brooklyn,Bensonhurst West,2,5.26,8.025,17.017,47.7,3,25742
115,Staten Island,Grymes Hill/Clifton,68,Manhattan,East Chelsea,2,5.26,14.995,52.2,93.34,4,25742
115,Staten Island,Grymes Hill/Clifton,85,Brooklyn,Erasmus,2,5.26,12.305,48.133,63.38,5,25742
115,Staten Island,Grymes Hill/Clifton,188,Brooklyn,Prospect-Lefferts Gardens,2,5.26,12.81,33.858,64.72,6,25742
115,Staten Island,Grymes Hill/Clifton,228,Brooklyn,Sunset Park West,2,5.26,7.11,21.608,35.33,7,25742
118,Staten Island,Heartland Village/Todt Hill,6,Staten Island,Arrochar/Fort Wadsworth,2,11.11,4.415,12.817,33.63,3,25742
118,Staten Island,Heartland Village/Todt Hill,67,Brooklyn,Dyker Heights,2,11.11,9.79,39.308,41.05,4,25742
120,Manhattan,Highbridge Park,24,Manhattan,Bloomingdale,2,2.41,4.915,17.95,25.32,7,25742
120,Manhattan,Highbridge Park,88,Manhattan,Financial District South,2,2.41,12.715,40.742,51.61,8,25742
120,Manhattan,Highbridge Park,100,Manhattan,Garment District,2,2.41,8.125,24.733,25.95,9,25742
120,Manhattan,Highbridge Park,138,Queens,LaGuardia Airport,2,2.41,9.155,21.2,56.27,10,25742
154,Brooklyn,Marine Park/Floyd Bennett Field,21,Brooklyn,Bensonhurst East,2,2.67,7.525,20.05,31.17,9,25742
154,Brooklyn,Marine Park/Floyd Bennett Field,26,Brooklyn,Borough Park,2,2.67,5.65,28.05,27.85,10,25742
156,Staten Island,Mariners Harbor,221,Staten Island,Stapleton,2,22.22,6.85,17.258,21.46,1,25742
176,Staten Island,Oakwood,214,Staten Island,South Beach/Dongan Hills,2,20.0,2.535,11.408,8.54,1,25742
184,Bronx,Pelham Bay Park,18,Bronx,Bedford Park,2,3.85,7.015,22.567,26.18,4,25742
184,Bronx,Pelham Bay Park,46,Bronx,City Island,2,3.85,4.405,21.6,25.97,5,25742
184,Bronx,Pelham Bay Park,81,Bronx,Eastchester,2,3.85,2.935,7.283,12.62,6,25742
184,Bronx,Pelham Bay Park,170,Manhattan,Murray Hill,2,3.85,15.46,43.758,70.59,7,25742
184,Bronx,Pelham Bay Park,213,Bronx,Soundview/Castle Hill,2,3.85,4.385,18.342,20.44,8,25742
184,Bronx,Pelham Bay Park,242,Bronx,Van Nest/Morris Park,2,3.85,2.89,13.008,17.3,9,25742
206,Staten Island,Saint George/New Brighton,221,Staten Island,Stapleton,2,12.5,3.395,25.808,24.88,2,25742
214,Staten Island,South Beach/Dongan Hills,172,Staten Island,New Dorp/Midland Beach,2,6.9,1.96,9.167,93.73,4,25742
214,Staten Island,South Beach/Dongan Hills,227,Brooklyn,Sunset Park East,2,6.9,7.07,18.6,36.63,5,25742
221,Staten Island,Stapleton,67,Brooklyn,Dyker Heights,2,3.33,5.335,22.658,35.85,6,25742
221,Staten Island,Stapleton,155,Brooklyn,Marine Park/Mill Basin,2,3.33,13.79,28.292,30.37,7,25742
221,Staten Island,Stapleton,195,Brooklyn,Red Hook,2,3.33,10.7,16.733,40.44,8,25742
221,Staten Island,Stapleton,231,Manhattan,TriBeCa/Civic Center,2,3.33,10.74,32.667,70.1,9,25742
251,Staten Island,Westerleigh,228,Brooklyn,Sunset Park West,2,12.5,9.265,23.083,68.75,1,25742
253,Queens,Willets Point,93,Queens,Flushing Meadows-Corona Park,2,7.14,1.33,3.417,42.92,2,25742
253,Queens,Willets Point,236,Manhattan,Upper East Side North,2,7.14,9.88,22.383,56.36,3,25742
1,EWR,Newark Airport,17,Brooklyn,Bedford,1,4.55,16.73,81.983,143.26,6,30440
1,EWR,Newark Airport,68,Manhattan,East Chelsea,1,4.55,16.44,56.183,108.11,7,30440
1,EWR,Newark Airport,79,Manhattan,East Village,1,4.55,13.1,34.767,91.55,8,30440
1,EWR,Newark Airport,100,Manhattan,Garment District,1,4.55,14.5,32.617,88.8,9,30440
1,EWR,Newark Airport,108,Brooklyn,Gravesend,1,4.55,19.69,38.633,153.06,10,30440
2,Queens,Jamaica Bay,169,Bronx,Mount Hope,1,50.0,22.58,64.85,91.64,1,30440
2,Queens,Jamaica Bay,219,Queens,Springfield Gardens South,1,50.0,5.94,7.883,12.9,2,30440
6,Staten Island,Arrochar/Fort Wadsworth,7,Queens,Astoria,1,1.27,20.02,57.45,74.4,10,30440
8,Queens,Astoria Park,28,Queens,Briarwood/Jamaica Hills,1,3.33,9.81,38.0,38.43,5,30440
8,Queens,Astoria Park,32,Bronx,Bronxdale,1,3.33,8.12,11.55,58.55,6,30440
8,Queens,Astoria Park,37,Brooklyn,Bushwick South,1,3.33,8.2,31.267,37.68,7,30440
8,Queens,Astoria Park,40,Brooklyn,Carroll Gardens,1,3.33,9.9,39.767,53.52,8,30440
8,Queens,Astoria Park,48,Manhattan,Clinton East,1,3.33,8.1,42.817,96.69,9,30440
8,Queens,Astoria Park,79,Manhattan,East Village,1,3.33,6.0,33.733,40.72,10,30440
23,Staten Island,Bloomfield/Emerson Hill,14,Brooklyn,Bay Ridge,1,3.23,7.13,15.05,39.29,8,30440
23,Staten Island,Bloomfield/Emerson Hill,33,Brooklyn,Brooklyn Heights,1,3.23,12.23,16.917,76.18,9,30440
23,Staten Island,Bloomfield/Emerson Hill,50,Manhattan,Clinton West,1,3.23,21.9,110.1,154.47,10,30440
27,Queens,Breezy Point/Fort Tilden/Riis Beach,25,Brooklyn,Boerum Hill,1,7.69,16.94,48.733,80.59,4,30440
27,Queens,Breezy Point/Fort Tilden/Riis Beach,29,Brooklyn,Brighton Beach,1,7.69,8.36,17.267,35.49,5,30440
27,Queens,Breezy Point/Fort Tilden/Riis Beach,113,Manhattan,Greenwich Village North,1,7.69,16.1,80.6,68.0,6,30440
27,Queens,Breezy Point/Fort Tilden/Riis Beach,117,Queens,Hammels/Arverne,1,7.69,5.02,15.75,19.51,7,30440
27,Queens,Breezy Point/Fort Tilden/Riis Beach,160,Queens,Middle Village,1,7.69,14.5,34.967,69.2,8,30440
27,Queens,Breezy Point/Fort Tilden/Riis Beach,165,Brooklyn,Midwood,1,7.69,7.8,25.25,32.0,9,30440
27,Queens,Breezy Point/Fort Tilden/Riis Beach,261,Manhattan,World Trade Center,1,7.69,15.69,49.85,88.95,10,30440
30,Queens,Broad Channel,49,Brooklyn,Clinton Hill,1,9.09,12.83,42.383,55.04,2,30440
30,Queens,Broad Channel,82,Queens,Elmhurst,1,9.09,9.53,44.25,48.0,3,30440
30,Queens,Broad Channel,95,Queens,Forest Hills,1,9.09,8.7,31.3,50.63,4,30440
30,Queens,Broad Channel,117,Queens,Hammels/Arverne,1,9.09,2.09,7.517,34.7,5,30440
30,Queens,Broad Channel,197,Queens,Richmond Hill,1,9.09,7.13,22.15,28.58,6,30440
30,Queens,Broad Channel,201,Queens,Rockaway Park,1,9.09,1.12,4.367,15.6,7,30440
30,Queens,Broad Channel,223,Queens,Steinway,1,9.09,16.07,65.933,74.48,8,30440
44,Staten Island,Charleston/Tottenville,14,Brooklyn,Bay Ridge,1,100.0,15.1,24.233,60.91,1,30440
59,Bronx,Crotona Park,41,Manhattan,Central Harlem,1,4.17,6.07,17.35,23.17,4,30440
59,Bronx,Crotona Park,42,Manhattan,Central Harlem North,1,4.17,3.65,36.0,29.0,5,30440
59,Bronx,Crotona Park,60,Bronx,Crotona Park East,1,4.17,1.23,21.467,3.85,6,30440
59,Bronx,Crotona Park,75,Manhattan,East Harlem South,1,4.17,5.6,32.767,43.7,7,30440
59,Bronx,Crotona Park,141,Manhattan,Lenox Hill West,1,4.17,8.99,31.733,48.35,8,30440
59,Bronx,Crotona Park,142,Manhattan,Lincoln Square East,1,4.17,9.4,31.75,41.81,9,30440
59,Bronx,Crotona Park,147,Bronx,Longwood,1,4.17,3.3,9.433,16.12,10,30440
84,Staten Island,Eltingville/Annadale/Prince's Bay,227,Brooklyn,Sunset Park East,1,100.0,14.93,35.05,61.35,1,30440
109,Staten Island,Great Kills,21,Brooklyn,Bensonhurst East,1,14.29,11.1,38.917,46.32,1,30440
109,Staten Island,Great Kills,22,Brooklyn,Bensonhurst West,1,14.29,11.33,34.0,58.48,2,30440
109,Staten Island,Great Kills,29,Brooklyn,Brighton Beach,1,14.29,15.49,39.917,56.37,3,30440
109,Staten Island,Great Kills,67,Brooklyn,Dyker Heights,1,14.29,11.14,42.867,65.23,4,30440
109,Staten Island,Great Kills,89,Brooklyn,Flatbush/Ditmas Park,1,14.29,14.7,47.05,60.19,5,30440
109,Staten Island,Great Kills,181,Brooklyn,Park Slope,1,14.29,14.96,39.783,68.88,6,30440
109,Staten Island,Great Kills,227,Brooklyn,Sunset Park East,1,14.29,12.0,30.3,41.17,7,30440
111,Brooklyn,Green-Wood Cemetery,25,Brooklyn,Boerum Hill,1,8.33,3.5,16.117,22.57,2,30440
111,Brooklyn,Green-Wood Cemetery,26,Brooklyn,Borough Park,1,8.33,0.82,6.3,6.91,3,30440
111,Brooklyn,Green-Wood Cemetery,89,Brooklyn,Flatbush/Ditmas Park,1,8.33,4.21,12.3,6.87,4,30440
111,Brooklyn,Green-Wood Cemetery,97,Brooklyn,Fort Greene,1,8.33,2.5,18.867,26.12,5,30440
111,Brooklyn,Green-Wood Cemetery,106,Brooklyn,Gowanus,1,8.33,0.67,5.133,6.58,6,30440
111,Brooklyn,Green-Wood Cemetery,140,Manhattan,Lenox Hill East,1,8.33,8.6,61.217,43.94,7,30440
111,Brooklyn,Green-Wood Cemetery,177,Brooklyn,Ocean Hill,1,8.33,5.1,26.167,60.0,8,30440
111,Brooklyn,Green-Wood Cemetery,181,Brooklyn,Park Slope,1,8.33,0.98,5.95,11.28,9,30440
111,Brooklyn,Green-Wood Cemetery,228,Brooklyn,Sunset Park West,1,8.33,0.95,6.217,6.81,10,30440
115,Staten Island,Grymes Hill/Clifton,26,Brooklyn,Borough Park,1,2.63,7.42,20.917,43.35,8,30440
115,Staten Island,Grymes Hill/Clifton,33,Brooklyn,Brooklyn Heights,1,2.63,10.95,36.783,63.01,9,30440
115,Staten Island,Grymes Hill/Clifton,37,Brooklyn,Bushwick South,1,2.63,14.92,37.583,70.86,10,30440
118,Staten Island,Heartland Village/Todt Hill,11,Brooklyn,Bath Beach,1,5.56,5.2,21.383,40.32,5,30440
118,Staten Island,Heartland Village/Todt Hill,17,Brooklyn,Bedford,1,5.56,16.24,44.15,75.36,6,30440
118,Staten Island,Heartland Village/Todt Hill,21,Brooklyn,Bensonhurst East,1,5.56,8.69,32.35,60.8,7,30440
118,Staten Island,Heartland Village/Todt Hill,22,Brooklyn,Bensonhurst West,1,5.56,6.65,16.467,25.62,8,30440
118,Staten Island,Heartland Village/Todt Hill,133,Brooklyn,Kensington,1,5.56,14.81,42.45,60.83,9,30440
118,Staten Island,Heartland Village/Todt Hill,179,Queens,Old Astoria,1,5.56,17.5,65.883,80.05,10,30440
156,Staten Island,Mariners Harbor,6,Staten Island,Arrochar/Fort Wadsworth,1,11.11,5.76,10.517,19.26,2,30440
156,Staten Island,Mariners Harbor,25,Brooklyn,Boerum Hill,1,11.11,18.92,44.7,72.97,3,30440
156,Staten Island,Mariners Harbor,49,Brooklyn,Clinton Hill,1,11.11,17.96,33.083,66.65,4,30440
156,Staten Island,Mariners Harbor,77,Brooklyn,East New York/Pennsylvania Avenue,1,11.11,24.05,41.85,92.82,5,30440
156,Staten Island,Mariners Harbor,108,Brooklyn,Gravesend,1,11.11,12.98,48.283,73.22,6,30440
156,Staten Island,Mariners Harbor,125,Manhattan,Hudson Sq,1,11.11,14.0,34.083,61.31,7,30440
156,Staten Island,Mariners Harbor,228,Brooklyn,Sunset Park West,1,11.11,9.24,21.15,18.65,8,30440
172,Staten Island,New Dorp/Midland Beach,6,Staten Island,Arrochar/Fort Wadsworth,1,5.88,3.76,15.7,19.32,3,30440
172,Staten Island,New Dorp/Midland Beach,42,Manhattan,Central Harlem North,1,5.88,24.77,62.0,110.09,4,30440
172,Staten Island,New Dorp/Midland Beach,48,Manhattan,Clinton East,1,5.88,17.0,44.817,104.43,5,30440
172,Staten Island,New Dorp/Midland Beach,89,Brooklyn,Flatbush/Ditmas Park,1,5.88,14.36,31.0,59.12,6,30440
172,Staten Island,New Dorp/Midland Beach,107,Manhattan,Gramercy,1,5.88,18.1,41.767,73.47,7,30440
172,Staten Island,New Dorp/Midland Beach,124,Queens,Howard Beach,1,5.88,21.07,86.6,100.0,8,30440
172,Staten Island,New Dorp/Midland Beach,189,Brooklyn,Prospect Heights,1,5.88,13.08,43.0,72.34,9,30440
172,Staten Island,New Dorp/Midland Beach,227,Brooklyn,Sunset Park East,1,5.88,7.88,19.0,45.26,10,30440
176,Staten Island,Oakwood,6,Staten Island,Arrochar/Fort Wadsworth,1,10.0,3.36,15.45,17.21,2,30440
176,Staten Island,Oakwood,14,Brooklyn,Bay Ridge,1,10.0,10.89,23.783,77.97,3,30440
176,Staten Island,Oakwood,22,Brooklyn,Bensonhurst West,1,10.0,9.78,32.367,36.16,4,30440
176,Staten Island,Oakwood,35,Brooklyn,Brownsville,1,10.0,20.79,38.067,72.33,5,30440
176,Staten Island,Oakwood,89,Brooklyn,Flatbush/Ditmas Park,1,10.0,14.69,51.817,54.33,6,30440
176,Staten Island,Oakwood,140,Manhattan,Lenox Hill East,1,10.0,22.43,84.217,57.98,7,30440
176,Staten Island,Oakwood,172,Staten Island,New Dorp/Midland Beach,1,10.0,2.07,9.1,18.06,8,30440
176,Staten Island,Oakwood,227,Brooklyn,Sunset Park East,1,10.0,9.4,49.0,47.37,9,30440
184,Bronx,Pelham Bay Park,7,Queens,Astoria,1,1.92,12.07,22.983,49.29,10,30440
187,Staten Island,Port Richmond,6,Staten Island,Arrochar/Fort Wadsworth,1,16.67,7.5,14.45,25.05,1,30440
187,Staten Island,Port Richmond,65,Brooklyn,Downtown Brooklyn/MetroTech,1,16.67,17.15,33.35,60.04,2,30440
187,Staten Island,Port Richmond,164,Manhattan,Midtown South,1,16.67,13.1,54.167,107.57,3,30440
187,Staten Island,Port Richmond,166,Manhattan,Morningside Heights,1,16.67,22.39,82.15,126.85,4,30440
187,Staten Island,Port Richmond,214,Staten Island,South Beach/Dongan Hills,1,16.67,8.11,22.733,28.68,5,30440
187,Staten Island,Port Richmond,237,Manhattan,Upper East Side South,1,16.67,23.84,72.617,106.2,6,30440
204,Staten Island,Rossville/Woodrow,158,Manhattan,Meatpacking/West Village West,1,100.0,23.4,41.3,85.74,1,30440
206,Staten Island,Saint George/New Brighton,14,Brooklyn,Bay Ridge,1,6.25,6.42,18.467,32.82,3,30440
206,Staten Island,Saint George/New Brighton,25,Brooklyn,Boerum Hill,1,6.25,12.31,24.2,43.46,4,30440
206,Staten Island,Saint George/New Brighton,61,Brooklyn,Crown Heights North,1,6.25,15.62,66.3,91.73,5,30440
206,Staten Island,Saint George/New Brighton,72,Brooklyn,East Flatbush/Remsen Village,1,6.25,17.1,42.45,75.47,6,30440
206,Staten Island,Saint George/New Brighton,118,Staten Island,Heartland Village/Todt Hill,1,6.25,9.01,44.15,61.1,7,30440
206,Staten Island,Saint George/New Brighton,132,Queens,JFK Airport,1,6.25,26.09,40.0,101.51,8,30440
206,Staten Island,Saint George/New Brighton,155,Brooklyn,Marine Park/Mill Basin,1,6.25,13.27,39.45,55.48,9,30440
206,Staten Island,Saint George/New Brighton,187,Staten Island,Port Richmond,1,6.25,2.4,16.633,21.0,10,30440
214,Staten Island,South Beach/Dongan Hills,7,Queens,Astoria,1,3.45,20.72,53.167,85.13,6,30440
214,Staten Island,South Beach/Dongan Hills,11,Brooklyn,Bath Beach,1,3.45,6.63,19.883,24.29,7,30440
214,Staten Island,South Beach/Dongan Hills,13,Manhattan,Battery Park City,1,3.45,12.25,20.117,52.82,8,30440
214,Staten Island,South Beach/Dongan Hills,24,Manhattan,Bloomingdale,1,3.45,21.71,41.2,87.61,9,30440
214,Staten Island,South Beach/Dongan Hills,33,Brooklyn,Brooklyn Heights,1,3.45,10.68,42.0,56.63,10,30440
221,Staten Island,Stapleton,22,Brooklyn,Bensonhurst West,1,1.67,5.2,21.267,30.17,10,30440
245,Staten Island,West Brighton,23,Staten Island,Bloomfield/Emerson Hill,1,20.0,7.33,17.467,30.6,1,30440
245,Staten Island,West Brighton,28,Queens,Briarwood/Jamaica Hills,1,20.0,29.58,46.733,104.9,2,30440
245,Staten Island,West Brighton,55,Brooklyn,Coney Island,1,20.0,3.47,32.0,42.68,3,30440
245,Staten Island,West Brighton,84,Staten Island,Eltingville/Annadale/Prince's Bay,1,20.0,13.07,23.817,53.1,4,30440
245,Staten Island,West Brighton,181,Brooklyn,Park Slope,1,20.0,11.48,28.917,53.18,5,30440
251,Staten Island,Westerleigh,6,Staten Island,Arrochar/Fort Wadsworth,1,6.25,5.05,10.733,18.8,2,30440
251,Staten Island,Westerleigh,11,Brooklyn,Bath Beach,1,6.25,5.7,11.883,21.72,3,30440
251,Staten Island,Westerleigh,13,Manhattan,Battery Park City,1,6.25,12.08,20.0,59.98,4,30440
251,Staten Island,Westerleigh,14,Brooklyn,Bay Ridge,1,6.25,5.24,21.0,19.33,5,30440
251,Staten Island,Westerleigh,63,Brooklyn,Cypress Hills,1,6.25,18.09,67.583,100.58,6,30440
251,Staten Island,Westerleigh,65,Brooklyn,Downtown Brooklyn/MetroTech,1,6.25,12.32,58.133,23.89,7,30440
251,Staten Island,Westerleigh,67,Brooklyn,Dyker Heights,1,6.25,8.43,21.95,40.01,8,30440
251,Staten Island,Westerleigh,92,Queens,Flushing,1,6.25,26.08,78.0,104.69,9,30440
251,Staten Island,Westerleigh,100,Manhattan,Garment District,1,6.25,20.14,44.4,86.29,10,30440
253,Queens,Willets Point,7,Queens,Astoria,1,3.57,5.03,13.367,30.72,4,30440
253,Queens,Willets Point,47,Bronx,Claremont/Bathgate,1,3.57,10.9,28.85,50.15,5,30440
253,Queens,Willets Point,49,Brooklyn,Clinton Hill,1,3.57,11.84,27.983,43.0,6,30440
253,Queens,Willets Point,55,Brooklyn,Coney Island,1,3.57,23.8,151.2,58.0,7,30440
253,Queens,Willets Point,64,Queens,Douglaston,1,3.57,10.76,16.533,5.94,8,30440
253,Queens,Willets Point,70,Queens,East Elmhurst,1,3.57,3.23,11.783,17.8,9,30440
253,Queens,Willets Point,77,Brooklyn,East New York/Pennsylvania Avenue,1,3.57,10.59,23.217,40.69,10,30440
